consigne,variante,domicile,exterieur,graine,Largeur (m),Ligne (m depuis centre),Pressing (joueur·s),Passe moyenne (m),Passes tentées,Passes réussies (%),Tirs,xG,Condition finale (%),Buts pour,Buts contre
Mentalité,prudente,87,1068,1002897798,49.06564712524414,-27.858306884765625,830.0443725585938,20.64771842956543,397,76.32241813602015,4,0.3621765971183777,92.32269287109375,0,2
Mentalité,offensive,87,1068,1002897798,48.85858154296875,-26.30657196044922,816.2477416992188,20.434341430664062,351,72.07977207977208,6,0.2808389961719513,92.31744384765625,1,3
Mentalité,prudente,3616,5579,929393559,49.230411529541016,-29.692333221435547,751.6635131835938,21.464216232299805,473,77.58985200845666,5,0.15334081649780273,91.3558578491211,0,0
Mentalité,offensive,3616,5579,929393559,48.654598236083984,-25.909893035888672,284.00811767578125,20.272979736328125,210,69.52380952380952,6,0.3693554103374481,95.89307403564453,1,0
Mentalité,prudente,133,137,217468053,49.92264175415039,-28.945491790771484,688.5789184570312,19.2618465423584,566,83.39222614840989,4,0.8547422885894775,92.03397369384766,1,1
Mentalité,offensive,133,137,217468053,49.38808059692383,-28.627466201782227,1014.9992065429688,20.31929588317871,387,73.1266149870801,14,0.9197114706039429,91.7862777709961,2,1
Mentalité,prudente,552,437,532638534,48.92240524291992,-28.547412872314453,855.0382690429688,20.68932342529297,352,69.31818181818181,4,0.43861958384513855,92.31169128417969,0,4
Mentalité,offensive,552,437,532638534,48.69614028930664,-28.835195541381836,617.5962524414062,19.550151824951172,363,71.07438016528926,3,0.8271051645278931,93.04241180419922,1,4
Mentalité,prudente,122,137,1464848243,49.3255615234375,-29.756826400756836,849.3396606445312,19.16988182067871,498,80.92369477911646,5,0.16079893708229065,91.71784210205078,0,1
Mentalité,offensive,122,137,1464848243,49.34556198120117,-27.7316951751709,834.2433471679688,19.95481300354004,426,77.69953051643192,15,0.8373494148254395,91.5977783203125,1,2
Mentalité,prudente,3822,21607,1321446349,49.78891372680664,-25.885631561279297,494.5209655761719,20.666446685791016,401,74.81296758104739,19,1.1796380281448364,92.36013793945312,1,1
Mentalité,offensive,3822,21607,1321446349,49.928016662597656,-23.548812866210938,473.7196960449219,20.17296600341797,409,75.06112469437653,18,1.0687789916992188,92.7419662475586,0,2
Mentalité,prudente,2565,3706,2039633683,49.41524124145508,-28.939716339111328,1132.37060546875,19.20705795288086,462,82.68398268398268,7,0.3490893840789795,91.66777038574219,0,1
Mentalité,offensive,2565,3706,2039633683,49.423439025878906,-27.662044525146484,744.0653686523438,19.939815521240234,378,78.57142857142857,16,1.1558021306991577,92.71536254882812,3,0
Mentalité,prudente,359,331,820276643,50.021305084228516,-26.289926528930664,380.1139831542969,21.475412368774414,431,76.10208816705337,10,0.5040493607521057,93.37652587890625,1,1
Mentalité,offensive,359,331,820276643,48.8604736328125,-27.0644474029541,525.2188110351562,20.92616081237793,443,76.07223476297969,13,0.6409376859664917,92.73979187011719,2,3
Mentalité,prudente,132335,1895,1704637349,48.85281753540039,-30.937673568725586,871.5342407226562,18.840656280517578,396,78.03030303030303,1,0.037746112793684006,92.7397689819336,0,9
Mentalité,offensive,132335,1895,1704637349,47.98323059082031,-29.313899993896484,974.7090454101562,19.58639907836914,336,72.61904761904762,6,1.161046028137207,92.2308349609375,1,7
Mentalité,prudente,268,133,1903678842,49.711097717285156,-26.719812393188477,568.1083374023438,20.874935150146484,437,75.05720823798627,8,1.229936122894287,92.40226745605469,0,1
Mentalité,offensive,268,133,1903678842,49.512699127197266,-24.728294372558594,534.6165161132812,20.407472610473633,427,75.40983606557377,25,2.004755735397339,92.7774887084961,3,0
Mentalité,prudente,139,2565,1501726364,49.416236877441406,-27.29099464416504,759.3616333007812,20.897796630859375,445,75.95505617977528,4,0.1943686604499817,90.3936538696289,0,3
Mentalité,offensive,139,2565,1501726364,48.83188247680664,-26.401641845703125,785.5552368164062,21.29932403564453,437,73.91304347826087,5,0.25771936774253845,91.7940673828125,0,1
Mentalité,prudente,7868,170,1731519511,49.649574279785156,-29.26810073852539,532.3170776367188,21.562318801879883,505,78.21782178217822,7,0.4190852642059326,92.69314575195312,1,0
Mentalité,offensive,7868,170,1731519511,49.228759765625,-26.8167724609375,376.81378173828125,20.762615203857422,453,75.93818984547461,14,0.7840967774391174,93.34803771972656,2,0
Mentalité,prudente,263,256,1104652174,49.079193115234375,-28.787450790405273,673.4826049804688,20.911964416503906,432,76.62037037037037,6,0.2874060273170471,92.53497314453125,0,0
Mentalité,offensive,263,256,1104652174,49.463993072509766,-25.880849838256836,681.3806762695312,20.314451217651367,411,77.12895377128953,15,1.0498896837234497,92.46871185302734,1,2
Mentalité,prudente,1895,132335,2134161410,49.867286682128906,-27.32767105102539,545.9137573242188,18.975479125976562,518,83.97683397683397,18,1.048831820487976,92.70384979248047,3,0
Mentalité,offensive,1895,132335,2134161410,49.296241760253906,-26.989471435546875,505.8216552734375,19.46541404724121,317,74.13249211356467,31,1.9317500591278076,93.5982666015625,4,0
Mentalité,prudente,143,2726,932725007,48.739933013916016,-28.024169921875,826.2453002929688,21.603471755981445,360,70.55555555555556,20,1.6097416877746582,92.14678955078125,1,2
Mentalité,offensive,143,2726,932725007,48.65066146850586,-26.91059684753418,779.5567016601562,20.767879486083984,406,75.61576354679804,29,1.398682713508606,91.89656066894531,1,0
Mentalité,prudente,2566,146,1015490648,49.400291442871094,-29.172149658203125,741.5659790039062,20.080059051513672,421,79.09738717339667,10,0.45307493209838867,92.1238784790039,1,1
Mentalité,offensive,2566,146,1015490648,49.18654251098633,-26.530454635620117,668.6837768554688,20.187461853027344,414,74.15458937198068,7,0.291691392660141,92.14631652832031,0,2
Mentalité,prudente,97,3751,1130118952,49.73330307006836,-29.737306594848633,588.4033813476562,18.42919921875,631,85.57844690966719,9,1.0707964897155762,92.09541320800781,3,3
Mentalité,offensive,97,3751,1130118952,49.63410568237305,-27.432842254638672,592.2024536132812,19.787080764770508,445,78.65168539325843,22,1.6340545415878296,93.00582885742188,5,1
Mentalité,prudente,361,388,1485403625,49.864463806152344,-27.143863677978516,460.81890869140625,20.579975128173828,425,76,14,1.0936309099197388,92.7983169555664,2,1
Mentalité,offensive,361,388,1485403625,49.58405303955078,-25.065431594848633,423.61663818359375,21.088037490844727,419,74.94033412887828,24,1.607792615890503,92.71220397949219,4,2
Mentalité,prudente,2925,105,2039758977,49.42814254760742,-26.35791015625,734.9675903320312,22.021202087402344,376,75,19,1.2298225164413452,92.21031951904297,1,2
Mentalité,offensive,2925,105,2039758977,49.099952697753906,-28.772666931152344,925.3211059570312,20.077220916748047,306,73.52941176470588,15,1.567800521850586,92.76138305664062,1,1
Mentalité,prudente,170,179,1048083132,49.78694152832031,-25.458951950073242,520.3200073242188,21.254587173461914,450,79.11111111111111,9,0.8839060664176941,92.64862060546875,0,1
Mentalité,offensive,170,179,1048083132,49.635929107666016,-23.95725440979004,584.4043579101562,19.997081756591797,425,79.05882352941177,13,1.1302964687347412,88.87281036376953,0,2
Mentalité,prudente,3699,437,259488708,49.26945495605469,-30.114919662475586,654.8871459960938,21.004121780395508,377,71.08753315649868,1,0.046430010348558426,93.14922332763672,0,0
Mentalité,offensive,3699,437,259488708,48.84157943725586,-28.25506591796875,764.7603149414062,20.436229705810547,358,73.18435754189944,12,0.5104025602340698,92.62741088867188,1,0
Mentalité,prudente,90,93,669806174,49.265140533447266,-27.035245895385742,789.4542846679688,21.073928833007812,403,77.66749379652606,12,0.9179074764251709,91.91665649414062,2,2
Mentalité,offensive,90,93,669806174,49.21162796020508,-26.109966278076172,721.5708618164062,20.433589935302734,428,76.6355140186916,14,0.720039427280426,91.72096252441406,1,3
Mentalité,prudente,3746,1382,2142954714,49.37562561035156,-29.143146514892578,564.0093383789062,19.011659622192383,502,77.29083665338645,18,1.7865839004516602,92.25011444091797,1,1
Mentalité,offensive,3746,1382,2142954714,49.0850830078125,-28.938270568847656,842.1414184570312,20.95568084716797,405,73.82716049382717,14,0.7538627982139587,91.88689422607422,4,2
Mentalité,prudente,254,257,472931517,48.93385696411133,-31.155742645263672,989.3054809570312,18.80702018737793,410,74.39024390243902,4,0.0797797366976738,92.04481506347656,0,2
Mentalité,offensive,254,257,472931517,48.357547760009766,-29.046892166137695,1243.943359375,20.282615661621094,365,76.16438356164383,9,0.8859843611717224,91.57428741455078,1,3
Mentalité,prudente,362,331,921209318,49.98279571533203,-26.331411361694336,548.0132446289062,21.004886627197266,416,80.76923076923077,15,0.8083731532096863,92.76605987548828,0,3
Mentalité,offensive,362,331,921209318,49.46590805053711,-25.640329360961914,669.7835083007812,20.45916748046875,439,79.72665148063781,17,0.6865267753601074,92.07550811767578,2,3
Mentalité,prudente,7640,3019,1662778767,49.43368148803711,-28.769441604614258,1074.78466796875,19.021018981933594,408,76.47058823529412,3,0.1399671733379364,91.88796997070312,0,0
Mentalité,offensive,7640,3019,1662778767,49.22203063964844,-26.387826919555664,879.9321899414062,19.526918411254883,394,74.8730964467005,9,0.25850576162338257,92.17276763916016,0,1
Mentalité,prudente,13294,2790,1056745520,49.3867073059082,-29.32356834411621,865.7356567382812,18.881322860717773,510,83.13725490196079,7,0.6496258974075317,92.14151763916016,2,2
Mentalité,offensive,13294,2790,1056745520,49.39474105834961,-28.106355667114258,1063.9873046875,20.636932373046875,383,77.54569190600522,9,0.7191264629364014,91.81710815429688,0,0
Mentalité,prudente,122,131,1008338748,49.364471435546875,-27.490427017211914,684.9797973632812,20.993942260742188,403,75.43424317617865,6,0.39732906222343445,92.62928009033203,0,1
Mentalité,offensive,122,131,1008338748,49.238792419433594,-26.02086067199707,701.9756469726562,20.333608627319336,413,76.51331719128329,12,1.039018154144287,92.13269805908203,2,3
Mentalité,prudente,7911,3841,794882901,49.859642028808594,-29.163373947143555,624.2946166992188,19.026687622070312,510,82.15686274509804,16,1.2070895433425903,92.51991271972656,3,0
Mentalité,offensive,7911,3841,794882901,49.345333099365234,-27.4206485748291,809.3494262695312,20.48211097717285,348,75.28735632183908,18,1.0064682960510254,92.86479949951172,3,0
Mentalité,prudente,174,2502,1796576214,49.70672607421875,-25.850955963134766,567.0086059570312,20.50105094909668,371,75.47169811320755,17,1.4881983995437622,92.71996307373047,0,3
Mentalité,offensive,174,2502,1796576214,49.49644470214844,-25.85546112060547,457.0186767578125,20.220443725585938,423,74.23167848699764,28,2.1858620643615723,92.63782501220703,2,1
Mentalité,prudente,132334,6870,190797265,49.47480010986328,-30.15321159362793,1207.2523193359375,19.70646095275879,413,77.4818401937046,5,0.9533131718635559,91.64875793457031,1,1
Mentalité,offensive,132334,6870,190797265,49.13505935668945,-26.621736526489258,900.7271118164062,20.551651000976562,395,73.92405063291139,14,1.6376357078552246,91.85401916503906,4,1
Mentalité,prudente,2697,179,485266100,49.96106719970703,-26.879287719726562,602.3999633789062,21.396574020385742,524,79.9618320610687,2,0.2435256689786911,91.91603088378906,1,1
Mentalité,offensive,2697,179,485266100,49.45677947998047,-25.697120666503906,620.4955444335938,19.963254928588867,413,76.75544794188862,14,1.4208827018737793,92.70468139648438,2,0
Mentalité,prudente,254,258,645237757,49.41847229003906,-28.545970916748047,696.6769409179688,20.15300178527832,441,77.77777777777777,13,1.7440950870513916,90.28666687011719,0,1
Mentalité,offensive,254,258,645237757,48.48321533203125,-27.37063980102539,737.3670043945312,20.260990142822266,390,74.87179487179488,5,0.18076947331428528,90.85478973388672,1,2
Mentalité,prudente,388,362,796471501,49.275882720947266,-26.176124572753906,795.0529174804688,20.420888900756836,419,74.22434367541766,11,0.6978064775466919,91.89517974853516,1,2
Mentalité,offensive,388,362,796471501,49.462005615234375,-25.388202667236328,797.6522827148438,21.056581497192383,394,73.09644670050761,12,0.5431185364723206,91.94502258300781,1,1
Mentalité,prudente,570,5786,1196878155,50.09435272216797,-29.91070556640625,582.3048706054688,17.640064239501953,699,86.26609442060087,19,1.8072034120559692,91.89567565917969,2,0
Mentalité,offensive,570,5786,1196878155,49.443050384521484,-25.681049346923828,484.7203674316406,19.668012619018555,426,76.99530516431925,32,1.3020025491714478,92.72443389892578,2,0
Mentalité,prudente,268,131,359906493,49.50992965698242,-27.669492721557617,668.6837768554688,21.002357482910156,457,78.55579868708972,9,0.8571178913116455,92.58745574951172,0,2
Mentalité,offensive,268,131,359906493,48.85334777832031,-28.255197525024414,899.5274047851562,20.19317054748535,387,73.38501291989664,3,0.061557669192552567,91.95162963867188,0,1
Mentalité,prudente,86,2922,1617046705,49.355438232421875,-29.782405853271484,770.5588989257812,18.714523315429688,436,83.25688073394495,29,2.9278724193573,92.3067398071289,3,0
Mentalité,offensive,86,2922,1617046705,49.33199691772461,-26.83991050720215,681.7805786132812,19.89030647277832,371,76.28032345013477,25,1.056680679321289,92.80192565917969,0,4
Mentalité,prudente,393,362,1827753950,49.424049377441406,-28.782001495361328,873.6337280273438,21.04140853881836,429,76.22377622377623,5,0.5564740896224976,92.0467758178711,3,1
Mentalité,offensive,393,362,1827753950,49.22994613647461,-25.464475631713867,787.1548461914062,20.92272186279297,437,81.00686498855835,15,1.343245506286621,90.28984069824219,1,0
Mentalité,prudente,562,7640,2113437503,49.369468688964844,-29.409103393554688,1091.780517578125,19.995311737060547,472,81.77966101694915,8,0.5589622259140015,91.30034637451172,1,1
Mentalité,offensive,562,7640,2113437503,48.956878662109375,-27.425621032714844,994.9041137695312,20.13775634765625,388,73.19587628865979,15,1.1539286375045776,91.46224212646484,0,1
Mentalité,prudente,3696,3822,1501688522,49.60701370239258,-27.594520568847656,726.2697143554688,21.171405792236328,484,77.89256198347107,9,0.6881341934204102,91.75698852539062,1,0
Mentalité,offensive,3696,3822,1501688522,49.62272262573242,-26.33365249633789,650.8881225585938,21.686054229736328,393,72.51908396946565,8,0.42093414068222046,92.24760437011719,0,2
Mentalité,prudente,18794,21846,1477521204,49.63270568847656,-26.54681396484375,650.8881225585938,21.048616409301758,465,74.40860215053763,3,0.21945470571517944,92.14289855957031,1,1
Mentalité,offensive,18794,21846,1477521204,49.075645446777344,-25.78582763671875,728.1692504882812,20.47401237487793,417,77.6978417266187,7,0.42706969380378723,91.95587921142578,0,2
Mentalité,prudente,382,349,48190158,49.95447540283203,-26.033140182495117,525.9186401367188,20.53354263305664,409,77.26161369193154,9,0.9824014902114868,92.59955596923828,0,1
Mentalité,offensive,382,349,48190158,49.458351135253906,-25.086091995239258,471.7195739746094,20.171415328979492,417,74.34052757793765,21,1.2404228448867798,92.75138092041016,3,2
Mentalité,prudente,368,359,628641533,49.44133377075195,-27.63746452331543,752.3633422851562,20.90802001953125,422,79.38388625592417,5,0.2850739359855652,92.35578918457031,0,2
Mentalité,offensive,368,359,628641533,48.9626579284668,-26.94580078125,715.2723999023438,20.014617919921875,373,76.13941018766756,10,0.5772642493247986,92.69000244140625,1,1
Mentalité,prudente,83,93,1988519473,49.94549560546875,-26.259796142578125,429.5169982910156,20.797697067260742,487,80.69815195071868,18,1.3047515153884888,93.0816650390625,3,2
Mentalité,offensive,83,93,1988519473,49.34780502319336,-25.398374557495117,408.5157165527344,20.94603729248047,442,74.8868778280543,19,1.4519407749176025,93.04225158691406,3,0
Mentalité,prudente,570,559,2138614433,49.93120193481445,-28.532310485839844,399.4151611328125,20.474306106567383,391,76.21483375959079,11,0.6752194166183472,93.39904022216797,1,0
Mentalité,offensive,570,559,2138614433,49.639774322509766,-25.39399528503418,491.7207946777344,21.105934143066406,416,77.88461538461539,24,1.2024569511413574,93.05323028564453,0,0
Mentalité,prudente,388,393,1490379973,49.199684143066406,-29.91897201538086,890.6295776367188,19.903593063354492,410,77.8048780487805,5,0.3801085948944092,92.23384094238281,0,0
Mentalité,offensive,388,393,1490379973,49.05086898803711,-27.58351707458496,882.1316528320312,19.692337036132812,453,79.02869757174393,16,1.057486653327942,91.8197021484375,1,1
Mentalité,prudente,1382,4411,683759645,49.94093704223633,-28.573843002319336,567.6084594726562,18.629234313964844,665,84.81203007518798,8,1.0490120649337769,91.72824096679688,1,0
Mentalité,offensive,1382,4411,683759645,49.1179313659668,-27.888965606689453,827.0451049804688,20.696733474731445,415,76.62650602409639,13,0.5472882986068726,91.6701431274414,1,0
Mentalité,prudente,83,86,385065937,49.96089172363281,-26.632675170898438,513.7216186523438,20.58411407470703,415,78.55421686746988,13,0.6065245866775513,92.91659545898438,1,2
Mentalité,offensive,83,86,385065937,49.648128509521484,-26.57425880432129,674.5823364257812,20.20707893371582,390,77.94871794871794,14,0.779152512550354,93.0150375366211,1,2
Mentalité,prudente,170,2502,1366447162,49.48081588745117,-28.327136993408203,555.4114379882812,20.948110580444336,403,76.92307692307692,7,0.40427663922309875,93.22361755371094,2,0
Mentalité,offensive,170,2502,1366447162,49.75614547729492,-25.129945755004883,580.9052124023438,20.180925369262695,455,75.82417582417582,21,1.50352942943573,92.3765869140625,2,1
Mentalité,prudente,99,96,1220134124,49.5460205078125,-28.551828384399414,941.9170532226562,18.41376304626465,523,81.45315487571702,14,0.9482256174087524,91.69448852539062,1,2
Mentalité,offensive,99,96,1220134124,49.21567153930664,-27.499126434326172,842.2413940429688,20.744491577148438,422,75.35545023696683,19,0.6773611903190613,91.84786224365234,2,0
Mentalité,prudente,97,85,1335149631,49.509647369384766,-26.147600173950195,671.5830688476562,20.90489387512207,420,77.85714285714286,7,0.7347456812858582,92.4010238647461,1,2
Mentalité,offensive,97,85,1335149631,49.472511291503906,-26.89378547668457,683.7800903320312,20.280485153198242,456,78.94736842105263,10,0.7194618582725525,92.17251586914062,2,2
Mentalité,prudente,21607,2994,1257437083,49.12977981567383,-28.39198112487793,975.5088500976562,20.18295669555664,417,75.53956834532374,7,0.5564994812011719,91.95463562011719,0,0
Mentalité,offensive,21607,2994,1257437083,49.14725875854492,-27.02549934387207,1170.561279296875,20.55340576171875,361,75.06925207756233,12,0.6613582968711853,91.65908813476562,2,1
Mentalité,prudente,153,152,750203086,49.73131561279297,-28.84947967529297,724.8700561523438,18.48488998413086,520,84.61538461538461,17,1.6479860544204712,92.06603240966797,3,0
Mentalité,offensive,153,152,750203086,49.515987396240234,-27.74589729309082,900.4271850585938,20.47628402709961,333,73.27327327327328,17,0.5683467984199524,92.33470153808594,1,0
Mentalité,prudente,147,140,2134306667,49.74974822998047,-29.12310028076172,712.8729858398438,18.42415428161621,569,84.00702987697716,16,1.1109952926635742,92.15890502929688,2,1
Mentalité,offensive,147,140,2134306667,49.4520263671875,-26.569107055664062,574.8067016601562,20.56926727294922,396,77.27272727272727,21,1.078114628791809,93.16646575927734,4,0
Mentalité,prudente,254,256,764807854,49.23094940185547,-27.173038482666016,828.6447143554688,20.743886947631836,427,77.75175644028103,4,0.11531150341033936,91.96520233154297,0,5
Mentalité,offensive,254,256,764807854,49.322540283203125,-25.4920597076416,618.5960083007812,19.36216163635254,425,75.05882352941177,9,0.35329630970954895,92.13825225830078,0,1
Mentalité,prudente,789,7914,670436716,49.20604705810547,-26.53827667236328,692.3779907226562,19.837099075317383,389,75.06426735218508,32,2.652168035507202,92.40473937988281,0,2
Mentalité,offensive,789,7914,670436716,49.875816345214844,-24.81534767150879,438.41754150390625,19.825288772583008,388,73.45360824742268,30,1.1292659044265747,93.06775665283203,1,1
Mentalité,prudente,132334,995,1013966036,49.35307312011719,-26.680618286132812,699.6762084960938,21.324663162231445,424,72.64150943396227,2,0.2568860948085785,92.45014953613281,0,1
Mentalité,offensive,132334,995,1013966036,49.13987350463867,-26.554304122924805,656.3867797851562,20.407079696655273,455,74.94505494505495,11,0.5468857288360596,91.81827545166016,1,3
Mentalité,prudente,131,10388,1718824160,50.02290725708008,-27.924636840820312,577.2061157226562,19.73151397705078,367,74.38692098092643,15,2.044159412384033,92.91203308105469,1,2
Mentalité,offensive,131,10388,1718824160,49.767459869384766,-25.406538009643555,457.21868896484375,21.751039505004883,423,76.35933806146572,22,1.4786561727523804,92.52701568603516,2,2
Mentalité,prudente,104,115,1709944646,49.96945571899414,-26.388307571411133,546.1137084960938,20.532663345336914,355,74.64788732394366,19,1.5914257764816284,93.47496795654297,2,4
Mentalité,offensive,104,115,1709944646,49.33174133300781,-26.1090087890625,585.8040161132812,20.988821029663086,427,74.94145199063232,22,0.9041346907615662,92.37165069580078,0,1
Mentalité,prudente,2250,1929,726787874,49.8057861328125,-27.95046043395996,518.6204223632812,18.48672103881836,576,86.28472222222223,30,2.3676369190216064,90.60226440429688,7,0
Mentalité,offensive,2250,1929,726787874,49.659339904785156,-26.282238006591797,555.0115356445312,19.982738494873047,291,73.19587628865979,32,2.3038570880889893,93.41070556640625,4,0
Mentalité,prudente,105,239,94993703,49.42856979370117,-29.60027313232422,796.1526489257812,19.257627487182617,510,81.37254901960785,15,1.0330394506454468,91.62551879882812,0,0
Mentalité,offensive,105,239,94993703,49.352901458740234,-28.73983383178711,740.8661499023438,19.604368209838867,434,74.65437788018433,13,0.7161701917648315,92.07488250732422,1,1
Mentalité,prudente,156,3735,1849727770,49.71083450317383,-27.112581253051758,672.4828491210938,20.842344284057617,417,75.77937649880096,6,0.4147959053516388,92.1705551147461,0,1
Mentalité,offensive,156,3735,1849727770,49.03737258911133,-25.316898345947266,726.2697143554688,20.604328155517578,371,74.39353099730458,23,1.1732231378555298,92.04464721679688,0,1
Mentalité,prudente,268,7911,1384120890,49.46813201904297,-27.374109268188477,885.3308715820312,20.647714614868164,394,77.41116751269035,6,0.4182906746864319,92.18570709228516,2,4
Mentalité,offensive,268,7911,1384120890,49.46110153198242,-25.66942024230957,724.2702026367188,20.816181182861328,426,74.17840375586854,10,0.34395521879196167,92.18568420410156,0,1
Mentalité,prudente,4057,110,1142969686,48.80803680419922,-28.913188934326172,986.1062622070312,20.55211067199707,405,78.51851851851852,5,0.30564191937446594,91.9219741821289,1,2
Mentalité,offensive,4057,110,1142969686,48.66273498535156,-29.663585662841797,963.6117553710938,20.22975730895996,351,70.94017094017094,8,0.2899482548236847,92.33753967285156,2,1
Mentalité,prudente,3307,3841,1888802919,49.44944763183594,-27.624814987182617,868.9348754882812,20.17805290222168,473,77.80126849894292,9,0.7141445279121399,91.60466003417969,0,0
Mentalité,offensive,3307,3841,1888802919,49.03602981567383,-26.82317352294922,1138.8690185546875,20.18570899963379,393,77.09923664122137,16,0.9511768221855164,91.26844024658203,0,1
Mentalité,prudente,127,125,1471360990,49.131065368652344,-27.11670684814453,796.9524536132812,21.331674575805664,358,73.46368715083798,7,1.0595970153808594,92.15785217285156,1,2
Mentalité,offensive,127,125,1471360990,49.22575378417969,-25.520288467407227,647.3889770507812,20.061050415039062,408,78.67647058823529,20,1.626117467880249,92.48444366455078,1,2
Mentalité,prudente,996,9078,2102824771,49.03605651855469,-30.535781860351562,1036.39404296875,20.254470825195312,362,75.69060773480663,11,0.7868216633796692,92.2260971069336,4,4
Mentalité,offensive,996,9078,2102824771,48.68851089477539,-28.655914306640625,950.4149780273438,19.61275291442871,323,73.37461300309597,18,1.1644237041473389,92.45612335205078,2,0
Mentalité,prudente,127,3841,334167837,49.87190628051758,-29.178850173950195,749.5640258789062,18.317611694335938,545,83.30275229357798,5,0.5281400680541992,92.40753173828125,1,1
Mentalité,offensive,127,3841,334167837,49.36050796508789,-27.496923446655273,855.7380981445312,20.682939529418945,361,74.79224376731302,16,1.1939921379089355,92.4450454711914,2,0
Mentalité,prudente,359,367,1036349728,49.78017044067383,-28.451135635375977,542.7145385742188,20.923158645629883,503,80.9145129224652,14,1.0952969789505005,92.25106048583984,2,3
Mentalité,offensive,359,367,1036349728,49.53215026855469,-26.67418098449707,522.9193725585938,19.946735382080078,400,78.25,25,1.8030080795288086,93.21075439453125,5,0
Mentalité,prudente,996,997,948048695,48.65861129760742,-28.9324951171875,1031.4952392578125,21.145301818847656,336,72.32142857142857,7,0.7085981369018555,91.81758880615234,0,6
Mentalité,offensive,996,997,948048695,48.474098205566406,-28.827577590942383,1018.5983276367188,19.94944953918457,346,71.38728323699422,11,0.7462554574012756,91.51725006103516,0,2
Mentalité,prudente,9078,1895,506792090,49.05276870727539,-28.936111450195312,743.2655639648438,19.70619773864746,491,81.87372708757637,7,1.2428364753723145,92.43023681640625,1,2
Mentalité,offensive,9078,1895,506792090,48.22993087768555,-28.985166549682617,917.5230102539062,20.740835189819336,332,73.19277108433735,7,0.21226146817207336,92.67858123779297,0,3
Mentalité,prudente,7868,6997,603445893,49.48543167114258,-28.712858200073242,603.7996215820312,20.474029541015625,490,81.42857142857143,7,1.169966459274292,92.653076171875,1,2
Mentalité,offensive,7868,6997,603445893,48.70722198486328,-28.722965240478516,703.8751831054688,20.430591583251953,372,74.73118279569893,19,1.2821228504180908,93.14137268066406,1,3
Mentalité,prudente,13294,2790,211620115,48.63276672363281,-29.154333114624023,1194.8553466796875,18.533498764038086,424,76.88679245283019,5,0.20245754718780518,91.38835144042969,1,1
Mentalité,offensive,13294,2790,211620115,48.205562591552734,-29.325056076049805,1055.2894287109375,20.359886169433594,330,70.60606060606061,4,0.2269132286310196,92.34033203125,1,1
Mentalité,prudente,432,20070,1780414719,49.83648681640625,-29.146738052368164,467.9193420410156,18.268678665161133,575,85.91304347826087,15,1.1730302572250366,92.67918395996094,4,0
Mentalité,offensive,432,20070,1780414719,48.723018646240234,-25.822227478027344,573.8069458007812,20.03116798400879,377,80.10610079575596,28,1.017134189605713,92.71723937988281,1,2
Mentalité,prudente,2726,145,937223518,48.849578857421875,-28.93634605407715,951.2147827148438,20.509984970092773,373,73.99463806970509,12,0.780482292175293,91.92901611328125,0,0
Mentalité,offensive,2726,145,937223518,49.099884033203125,-27.23325538635254,958.6129760742188,20.579833984375,385,72.98701298701299,11,0.6189270615577698,91.45890808105469,0,1
Mentalité,prudente,6907,13294,776916771,49.72911834716797,-27.13471221923828,843.3411254882812,19.012752532958984,503,80.71570576540755,18,1.4965931177139282,91.93948364257812,0,0
Mentalité,offensive,6907,13294,776916771,49.239810943603516,-27.44965934753418,1028.995849609375,19.838449478149414,342,73.9766081871345,13,0.6038898229598999,92.18663787841797,0,1
Mentalité,prudente,21846,4411,883719064,49.777381896972656,-28.06186294555664,667.9839477539062,18.993755340576172,550,82.54545454545455,6,1.1243983507156372,91.78276062011719,1,0
Mentalité,offensive,21846,4411,883719064,48.99662399291992,-27.877906799316406,1232.8460693359375,20.364948272705078,344,72.38372093023256,10,0.47384196519851685,91.25386810302734,1,0
Mentalité,prudente,331,382,1763330361,49.33281707763672,-26.983192443847656,728.7691040039062,20.808862686157227,429,79.95337995337995,9,0.6391500234603882,90.51119232177734,1,3
Mentalité,offensive,331,382,1763330361,48.86763381958008,-27.376867294311523,828.6447143554688,19.995023727416992,385,76.36363636363636,15,0.7895469069480896,92.39190673828125,2,4
Mentalité,prudente,7911,131,1097703492,49.394935607910156,-27.17099380493164,673.5825805664062,20.71770477294922,378,80.15873015873017,9,0.5117018818855286,92.99267578125,1,4
Mentalité,offensive,7911,131,1097703492,48.68464660644531,-26.736051559448242,831.8439331054688,20.186567306518555,439,78.13211845102505,9,0.5467544794082642,91.75450897216797,1,3
Mentalité,prudente,266,258,20376260,48.81140899658203,-28.322891235351562,633.1924438476562,20.931011199951172,323,74.30340557275542,4,0.17238926887512207,93.1499252319336,1,4
Mentalité,offensive,266,258,20376260,48.79494094848633,-28.229921340942383,838.6422729492188,21.426687240600586,404,72.77227722772277,4,0.26135048270225525,91.76429748535156,0,2
Mentalité,prudente,104,111,1400887770,49.5107307434082,-25.782024383544922,661.8854370117188,20.377267837524414,376,72.6063829787234,6,0.2818514108657837,92.59085845947266,0,2
Mentalité,offensive,104,111,1400887770,49.49040985107422,-24.556447982788086,589.8030395507812,20.367435455322266,355,74.36619718309859,9,0.46027982234954834,93.27525329589844,1,4
Mentalité,prudente,83,87,567345045,49.90714645385742,-26.92681884765625,452.618408203125,18.39666175842285,532,83.83458646616542,23,1.467878818511963,92.95099639892578,4,0
Mentalité,offensive,83,87,567345045,49.35990524291992,-26.371906280517578,693.2777709960938,21.26566505432129,343,71.42857142857143,31,3.3013827800750732,92.48330688476562,2,0
Mentalité,prudente,132,3841,490794889,49.64635467529297,-28.185510635375977,523.7191772460938,18.30512237548828,654,82.87461773700306,15,2.527667760848999,91.83287048339844,3,0
Mentalité,offensive,132,3841,490794889,49.030216217041016,-26.434417724609375,529.4177856445312,20.241106033325195,425,75.05882352941177,14,0.7474260330200195,92.80486297607422,2,2
Mentalité,prudente,21607,3472,380953897,49.1900634765625,-30.57682991027832,989.4054565429688,19.493148803710938,560,79.46428571428571,5,0.35002437233924866,90.94248962402344,1,0
Mentalité,offensive,21607,3472,380953897,49.368377685546875,-28.717609405517578,994.5042114257812,20.23335075378418,414,78.5024154589372,14,0.6736217141151428,89.87179565429688,2,0
Mentalité,prudente,3611,3610,1575844887,49.57835388183594,-29.09715461730957,672.1829223632812,18.746978759765625,490,80.61224489795919,17,1.5950701236724854,92.20707702636719,2,2
Mentalité,offensive,3611,3610,1575844887,49.52906036376953,-24.378374099731445,424.7167053222656,19.852815628051758,421,75.53444180522565,31,1.369264841079712,93.19707489013672,0,1
Mentalité,prudente,357,364,2013425278,49.15205383300781,-29.898759841918945,978.1082153320312,19.669017791748047,430,79.76744186046511,4,0.1433335691690445,92.16732025146484,0,2
Mentalité,offensive,357,364,2013425278,48.266632080078125,-29.52495765686035,1013.9994506835938,20.439998626708984,399,72.18045112781955,11,0.4078400731086731,91.60002136230469,0,0
Mentalité,prudente,3735,140,13374071,49.49107360839844,-28.46070098876953,839.4420776367188,19.172582626342773,494,80.16194331983806,6,0.992209255695343,91.88472747802734,1,0
Mentalité,offensive,3735,140,13374071,49.18229675292969,-26.946372985839844,949.9151000976562,20.219770431518555,431,77.26218097447796,10,0.9320904612541199,91.53202819824219,3,2
Mentalité,prudente,388,366,352111753,49.24015426635742,-29.10981559753418,973.9092407226562,19.935598373413086,423,75.88652482269504,9,0.4832211136817932,91.51140594482422,2,2
Mentalité,offensive,388,366,352111753,49.226226806640625,-27.175329208374023,930.4198608398438,21.55162811279297,280,67.85714285714286,12,0.7091392278671265,92.85302734375,1,0
Mentalité,prudente,175,6851,1049265140,49.35956573486328,-27.811519622802734,747.9644165039062,20.294395446777344,453,76.60044150110376,9,0.9462771415710449,92.3357162475586,1,2
Mentalité,offensive,175,6851,1049265140,49.000205993652344,-26.939828872680664,644.5896606445312,20.76506805419922,426,79.5774647887324,9,0.32836538553237915,92.54265594482422,1,4
Mentalité,prudente,3263,4007,186245157,49.448062896728516,-29.073768615722656,792.9534301757812,20.57267951965332,492,79.8780487804878,9,0.684477686882019,91.73507690429688,2,0
Mentalité,offensive,3263,4007,186245157,49.04391860961914,-26.542604446411133,789.9541625976562,20.423307418823242,371,73.58490566037736,26,1.894365906715393,92.20469665527344,4,3
Mentalité,prudente,3616,441,1120418230,49.518524169921875,-30.0513973236084,1015.4990844726562,18.43290138244629,559,81.93202146690518,5,1.1669143438339233,91.17259216308594,2,0
Mentalité,offensive,3616,441,1120418230,49.014686584472656,-28.06995964050293,1101.17822265625,20.02407455444336,368,77.71739130434783,14,1.2133740186691284,91.18966674804688,2,1
Mentalité,prudente,349,337,85596666,49.60418701171875,-26.282869338989258,688.2789916992188,20.92072868347168,372,74.73118279569893,14,1.5946769714355469,92.90250396728516,2,3
Mentalité,offensive,349,337,85596666,49.35747146606445,-26.273086547851562,662.4852905273438,21.24549674987793,443,76.97516930022573,17,0.8466394543647766,92.13627624511719,1,0
Mentalité,prudente,366,368,1769244548,49.751644134521484,-26.084768295288086,578.3058471679688,21.71454620361328,416,80.04807692307692,11,0.9829370975494385,92.71646881103516,1,6
Mentalité,offensive,366,368,1769244548,49.833518981933594,-25.543312072753906,582.0049438476562,19.944293975830078,381,79.00262467191601,22,1.9250643253326416,93.12860870361328,2,0
Mentalité,prudente,393,357,1313602615,49.01632308959961,-28.53074073791504,1054.0897216796875,20.69733238220215,430,75.81395348837209,8,0.817603588104248,91.40045166015625,0,1
Mentalité,offensive,393,357,1313602615,48.5566520690918,-27.680662155151367,817.1475219726562,21.386341094970703,367,70.29972752043597,9,0.592174232006073,92.28494262695312,0,0
Mentalité,prudente,370,388,1463368591,49.63307189941406,-27.247745513916016,551.9122924804688,20.846155166625977,443,79.45823927765237,12,1.0865586996078491,91.22962951660156,2,1
Mentalité,offensive,370,388,1463368591,49.20769119262695,-26.846487045288086,732.7681274414062,20.114370346069336,377,73.20954907161804,17,1.082684874534607,92.3846435546875,1,0
Mentalité,prudente,1538,99,767019185,49.62077331542969,-28.867610931396484,738.7666625976562,19.624073028564453,394,75.1269035532995,12,0.9419518113136292,92.51939392089844,0,1
Mentalité,offensive,1538,99,767019185,49.62208557128906,-25.571556091308594,588.4033813476562,21.052322387695312,405,75.06172839506173,8,0.4098908305168152,90.99046325683594,0,1
Mentalité,prudente,170,6997,871005224,49.18985366821289,-27.794166564941406,808.2496948242188,21.38990020751953,446,77.57847533632287,14,1.2111284732818604,92.1539306640625,1,0
Mentalité,offensive,170,6997,871005224,49.267173767089844,-24.51754379272461,631.6928100585938,20.153644561767578,445,73.48314606741573,19,1.6271893978118896,92.1251220703125,3,0
Mentalité,prudente,152,140,1014651230,49.39546585083008,-28.119531631469727,904.2262573242188,19.3006534576416,534,81.46067415730337,5,0.3381038010120392,89.83164978027344,1,3
Mentalité,offensive,152,140,1014651230,49.28480911254883,-27.61554527282715,1047.2913818359375,20.15888214111328,421,76.72209026128266,13,0.8907408118247986,91.45771789550781,1,1
Mentalité,prudente,172,2697,1250740141,49.64252853393555,-27.95589256286621,794.4530639648438,19.236547470092773,505,82.57425742574257,12,0.5834330320358276,91.70349884033203,0,2
Mentalité,offensive,172,2697,1250740141,49.58612823486328,-27.7651309967041,1006.2013549804688,20.58113670349121,396,76.76767676767676,15,0.7039344310760498,91.81498718261719,2,0
Mentalité,prudente,142,147,2024776132,49.01173782348633,-30.11945915222168,916.8231811523438,20.712629318237305,349,72.77936962750717,13,0.9738044142723083,92.52739715576172,0,0
Mentalité,offensive,142,147,2024776132,48.746273040771484,-27.346458435058594,842.0414428710938,20.774545669555664,364,71.97802197802197,19,0.9856225848197937,92.20064544677734,1,1
Mentalité,prudente,559,3616,1464793213,49.53573989868164,-28.09217071533203,586.0039672851562,18.56666374206543,493,77.48478701825557,18,1.5046155452728271,92.24205780029297,1,0
Mentalité,offensive,559,3616,1464793213,49.52490234375,-27.196563720703125,833.3435668945312,20.875030517578125,358,75.41899441340782,26,1.3962050676345825,92.40522766113281,0,0
Mentalité,prudente,306,361,674103857,49.456329345703125,-28.110260009765625,857.2377319335938,21.943761825561523,390,74.35897435897436,12,0.7382751703262329,92.26551055908203,1,0
Mentalité,offensive,306,361,674103857,48.60097122192383,-27.81592559814453,1077.8839111328125,20.583786010742188,286,68.88111888111888,13,1.141925573348999,92.11038970947266,1,2
Mentalité,prudente,3822,21581,455992310,49.677879333496094,-28.29817771911621,930.5198364257812,18.9788818359375,502,81.47410358565737,11,1.3179872035980225,91.19562530517578,1,2
Mentalité,offensive,3822,21581,455992310,49.088478088378906,-28.282470703125,1022.2974243164062,20.370595932006836,439,79.72665148063781,14,0.9402923583984375,91.06385803222656,1,1
Mentalité,prudente,3706,156,411967342,49.88003158569336,-29.18643569946289,457.418701171875,18.80493927001953,575,80.8695652173913,16,1.019885778427124,92.2406005859375,2,1
Mentalité,offensive,3706,156,411967342,49.33036804199219,-26.552831649780273,655.4869995117188,20.051124572753906,391,73.65728900255755,25,2.187729835510254,92.57046508789062,3,0
Mentalité,prudente,363,373,1100352984,49.80827331542969,-25.41614532470703,355.1124572753906,20.892765045166016,398,73.36683417085428,15,0.7484937310218811,93.46446228027344,1,1
Mentalité,offensive,363,373,1100352984,49.72148132324219,-25.481943130493164,553.3119506835938,21.017305374145508,425,75.29411764705883,23,1.3702688217163086,90.8947525024414,3,0
Mentalité,prudente,2925,17530,1241640015,49.02724075317383,-30.33806800842285,1138.369140625,19.483545303344727,394,80.71065989847716,9,0.5690882205963135,91.81381225585938,1,1
Mentalité,offensive,2925,17530,1241640015,48.773475646972656,-26.818355560302734,1023.4971313476562,20.92903709411621,325,70.76923076923077,26,1.0631937980651855,91.83492279052734,1,2
Mentalité,prudente,436,995,330066000,49.89729309082031,-24.571435928344727,425.0167236328125,21.361642837524414,401,76.55860349127182,26,2.1569876670837402,93.62318420410156,3,2
Mentalité,offensive,436,995,330066000,49.89604949951172,-24.509319305419922,430.01702880859375,21.00153160095215,344,68.8953488372093,17,1.3305246829986572,93.74610137939453,4,0
Mentalité,prudente,368,388,950415411,49.451847076416016,-27.252071380615234,441.61773681640625,20.377155303955078,496,77.41935483870968,15,1.1869897842407227,90.78274536132812,1,0
Mentalité,offensive,368,388,950415411,49.46503448486328,-24.97307777404785,399.815185546875,20.864957809448242,478,75.73221757322176,15,0.9372661709785461,90.849853515625,0,2
Mentalité,prudente,145,147,1914605551,49.2392463684082,-29.188188552856445,983.6068725585938,21.044109344482422,377,71.61803713527851,10,1.373482346534729,91.95292663574219,1,2
Mentalité,offensive,145,147,1914605551,48.26851272583008,-28.91162872314453,1076.8841552734375,20.861299514770508,338,73.66863905325444,14,1.2442431449890137,91.7208480834961,1,1
Mentalité,prudente,176,174,1842724251,49.470863342285156,-27.876300811767578,527.0183715820312,22.5638370513916,447,79.19463087248322,10,0.4430440068244934,92.48143005371094,1,0
Mentalité,offensive,176,174,1842724251,49.63432312011719,-25.99706268310547,515.2212524414062,20.933378219604492,364,75.82417582417582,20,1.2700799703598022,93.2997817993164,3,1
Mentalité,prudente,239,4007,625984714,49.19453048706055,-28.432720184326172,801.7512817382812,21.118305206298828,455,79.12087912087912,12,0.9989147186279297,91.69638061523438,3,1
Mentalité,offensive,239,4007,625984714,48.58682632446289,-26.566802978515625,738.9666137695312,20.961063385009766,352,72.1590909090909,20,1.2346787452697754,92.41796112060547,3,1
Mentalité,prudente,258,264,1637070181,49.92594528198242,-26.520227432250977,491.9208068847656,20.254575729370117,380,73.42105263157895,9,0.32925575971603394,93.11534881591797,0,2
Mentalité,offensive,258,264,1637070181,49.1973876953125,-26.24924659729004,455.818603515625,21.419069290161133,448,75.44642857142857,12,1.6173104047775269,92.31570434570312,3,5
Mentalité,prudente,4405,13294,1060016884,49.21730422973633,-28.75266456604004,1129.17138671875,19.75262451171875,434,80.18433179723502,3,0.2041311264038086,91.36366271972656,0,1
Mentalité,offensive,4405,13294,1060016884,49.02194595336914,-28.113765716552734,1170.8612060546875,20.04937744140625,359,75.20891364902506,7,0.32643061876296997,91.4814224243164,0,1
Mentalité,prudente,134,2950,57829408,49.07613754272461,-27.796653747558594,820.5466918945312,20.93402099609375,378,74.60317460317461,10,1.2586970329284668,92.24236297607422,1,2
Mentalité,offensive,134,2950,57829408,48.5712890625,-27.99480438232422,922.9216918945312,20.870162963867188,336,70.23809523809524,17,1.3125747442245483,92.0351333618164,1,4
Mentalité,prudente,373,384,506153595,49.38521957397461,-29.267757415771484,808.3496704101562,19.575359344482422,495,82.82828282828282,15,0.9760332703590393,92.07706451416016,2,2
Mentalité,offensive,373,384,506153595,48.88345718383789,-28.615856170654297,966.2111206054688,21.149717330932617,383,74.41253263707571,15,1.2254221439361572,91.92570495605469,2,2
Mentalité,prudente,90,1538,1336815701,49.355220794677734,-27.503374099731445,826.9451293945312,21.11572265625,384,75.78125,20,2.8117856979370117,92.10668182373047,2,2
Mentalité,offensive,90,1538,1336815701,48.71820831298828,-27.150814056396484,1055.8892822265625,20.78904914855957,347,72.3342939481268,26,1.7454272508621216,91.40278625488281,1,0
Mentalité,prudente,7640,11551,580634010,49.7587776184082,-28.76030921936035,1109.376220703125,17.678808212280273,494,84.0080971659919,9,0.9800648093223572,92.02839660644531,1,0
Mentalité,offensive,7640,11551,580634010,49.23184585571289,-27.620460510253906,1106.2769775390625,20.646106719970703,382,75.6544502617801,21,1.3661211729049683,91.71123504638672,2,0
Mentalité,prudente,172,174,810178100,49.60890197753906,-26.203794479370117,524.1190795898438,20.77086067199707,401,76.80798004987531,5,0.30777665972709656,92.52593994140625,0,2
Mentalité,offensive,172,174,810178100,49.32204818725586,-25.423851013183594,623.0949096679688,19.941177368164062,482,79.87551867219916,14,0.9987406730651855,91.73226165771484,1,0
Mentalité,prudente,4691,22269,1189255965,49.43638229370117,-26.863069534301758,681.2807006835938,20.058988571166992,353,73.93767705382436,13,0.5441269874572754,92.5194091796875,0,1
Mentalité,offensive,4691,22269,1189255965,49.43996810913086,-26.441654205322266,653.0875854492188,20.554025650024414,426,71.83098591549296,12,0.5980805158615112,91.90174102783203,0,1
Mentalité,prudente,99,2922,1358150438,49.23450469970703,-29.111347198486328,872.8339233398438,19.692951202392578,464,82.11206896551724,7,0.3050740361213684,92.04026794433594,2,1
Mentalité,offensive,99,2922,1358150438,49.40390396118164,-27.68581771850586,1022.3973999023438,20.74374008178711,349,77.36389684813754,12,1.0507538318634033,92.25213623046875,1,0
Mentalité,prudente,111,113,884255354,49.61296463012695,-26.793516159057617,523.3192749023438,21.100093841552734,468,77.56410256410257,30,3.059507369995117,92.99211883544922,5,1
Mentalité,offensive,111,113,884255354,49.26973342895508,-25.350542068481445,549.4129028320312,21.826562881469727,405,71.35802469135803,40,3.3915584087371826,90.67289733886719,3,1
Mentalité,prudente,133,268,612132171,49.70552062988281,-26.61025619506836,648.3887329101562,20.858482360839844,428,77.10280373831776,4,0.1330743432044983,92.18684387207031,0,2
Mentalité,offensive,133,268,612132171,48.89004898071289,-27.951684951782227,735.4674682617188,20.343772888183594,438,76.71232876712328,15,2.799039840698242,92.10169982910156,4,2
Mentalité,prudente,267,263,322750925,49.448726654052734,-29.000505447387695,1193.0557861328125,19.74549102783203,467,78.58672376873662,4,0.11699717491865158,91.12816619873047,1,1
Mentalité,offensive,267,263,322750925,48.9305419921875,-27.99044418334961,1079.4835205078125,20.67026710510254,338,74.2603550295858,10,0.55237877368927,91.6619644165039,0,1
Mentalité,prudente,22269,5786,2139222572,49.756988525390625,-28.154714584350586,644.2897338867188,18.724454879760742,666,84.53453453453453,9,0.4191586971282959,91.60871124267578,0,1
Mentalité,offensive,22269,5786,2139222572,49.125911712646484,-27.391361236572266,980.5076293945312,20.3839054107666,498,76.90763052208835,16,0.8224103450775146,90.81912231445312,0,0
Mentalité,prudente,170,174,466818611,49.57720947265625,-28.765037536621094,576.6062622070312,21.116241455078125,417,80.81534772182255,9,0.869801938533783,93.70127868652344,0,3
Mentalité,offensive,170,174,466818611,48.96460723876953,-24.973953247070312,627.5938110351562,19.834768295288086,425,77.17647058823529,17,0.9649855494499207,92.25448608398438,0,0
Mentalité,prudente,384,367,2006222649,49.6164665222168,-27.25959587097168,488.42059326171875,21.482929229736328,406,79.3103448275862,15,0.8848631381988525,93.19654846191406,6,4
Mentalité,offensive,384,367,2006222649,49.14021301269531,-25.507556915283203,705.0748901367188,20.667570114135742,421,79.09738717339667,19,2.370697259902954,91.96607971191406,6,1
Mentalité,prudente,85,1538,1581366703,49.19352722167969,-29.350547790527344,545.9137573242188,21.57029151916504,446,73.99103139013452,15,1.5306158065795898,92.55804443359375,1,1
Mentalité,offensive,85,1538,1581366703,49.16106033325195,-27.536067962646484,788.8544311523438,21.14963722229004,424,73.34905660377359,25,1.497323751449585,92.07474517822266,1,2
Mentalité,prudente,89,93,1024494580,49.11300277709961,-28.33997344970703,751.3635864257812,20.582246780395508,396,76.51515151515152,9,0.3718956708908081,92.45040130615234,3,4
Mentalité,offensive,89,93,1024494580,49.0699462890625,-27.065868377685547,703.0753784179688,20.637746810913086,420,76.42857142857143,16,1.3378629684448242,92.37786865234375,2,4
Mentalité,prudente,3611,7879,1465685371,49.71403121948242,-27.319358825683594,598.7008666992188,20.21807289123535,503,78.72763419483101,13,1.3153574466705322,92.09973907470703,1,2
Mentalité,offensive,3611,7879,1465685371,49.49264144897461,-27.922222137451172,609.5982055664062,20.560222625732422,447,76.28635346756153,19,1.313699722290039,92.35955047607422,0,0
Mentalité,prudente,1382,2790,1615964618,49.931644439697266,-29.202680587768555,1080.8831787109375,18.823152542114258,499,81.76352705410822,4,0.13752728700637817,91.35971069335938,1,1
Mentalité,offensive,1382,2790,1615964618,48.73896789550781,-28.609397888183594,1273.6361083984375,20.397329330444336,367,77.11171662125341,18,1.0554677248001099,91.14637756347656,1,1
Mentalité,prudente,85,244,1139745998,48.933162689208984,-27.447763442993164,879.0324096679688,21.357704162597656,404,72.02970297029702,11,0.9225540161132812,91.82991027832031,0,1
Mentalité,offensive,85,244,1139745998,48.98603820800781,-27.773738861083984,864.2360229492188,20.515134811401367,395,74.17721518987342,18,0.5299667119979858,91.75865173339844,1,0
Mentalité,prudente,263,250,2087460833,50.0838508605957,-28.033422470092773,455.9186096191406,21.259057998657227,506,78.06324110671937,7,0.46007615327835083,92.9462661743164,2,0
Mentalité,offensive,263,250,2087460833,49.68376541137695,-26.211822509765625,465.7192077636719,20.24309730529785,456,74.56140350877193,16,0.8642949461936951,92.6500015258789,1,1
Mentalité,prudente,3472,3696,336812851,49.210052490234375,-29.193723678588867,720.4711303710938,18.325639724731445,647,82.22565687789799,12,0.623879611492157,91.55891418457031,1,0
Mentalité,offensive,3472,3696,336812851,49.524559020996094,-28.105772018432617,939.8175659179688,20.392915725708008,422,80.80568720379146,13,0.42524254322052,91.74628448486328,0,0
Mentalité,prudente,13294,21540,487868817,49.614498138427734,-27.79762840270996,752.4633178710938,19.03009605407715,602,83.05647840531562,11,0.850980281829834,91.38104248046875,2,0
Mentalité,offensive,13294,21540,487868817,49.01325607299805,-27.106422424316406,1037.19384765625,20.92630958557129,376,75,11,0.4014849364757538,91.41059875488281,0,0
Mentalité,prudente,570,936,308785032,49.62476348876953,-27.857145309448242,539.3153686523438,19.71974754333496,524,82.44274809160305,21,1.2385385036468506,92.7212142944336,3,1
Mentalité,offensive,570,936,308785032,49.24164962768555,-28.30956268310547,569.9078979492188,20.502676010131836,384,77.86458333333333,19,0.7081804871559143,93.28933715820312,2,0
Mentalité,prudente,243,94,1913070780,49.624813079833984,-29.37504005432129,742.6657104492188,18.552383422851562,530,82.83018867924528,6,1.0376602411270142,91.97782897949219,1,3
Mentalité,offensive,243,94,1913070780,49.064117431640625,-26.447689056396484,798.6520385742188,21.851337432861328,441,77.77777777777777,37,2.3624279499053955,91.45978546142578,1,1
Mentalité,prudente,382,357,1412098517,49.04008483886719,-28.58499526977539,820.2467651367188,22.141010284423828,381,75.06561679790026,19,1.7608656883239746,92.13040161132812,3,3
Mentalité,offensive,382,357,1412098517,49.40606689453125,-27.352725982666016,580.6052856445312,20.45293426513672,400,74.75,23,1.8002914190292358,92.3522720336914,3,0
Mentalité,prudente,21581,437,2133107748,48.95711898803711,-28.538631439208984,859.1372680664062,20.936721801757812,439,77.44874715261959,6,0.3393661379814148,92.12020111083984,0,2
Mentalité,offensive,21581,437,2133107748,48.34669494628906,-26.983272552490234,616.0966186523438,20.128707885742188,410,72.92682926829268,6,0.2051159292459488,93.03059387207031,1,1
Mentalité,prudente,257,262,1110783560,49.479339599609375,-28.128398895263672,866.2355346679688,19.652469635009766,463,80.34557235421167,17,1.1941217184066772,91.3363265991211,0,1
Mentalité,offensive,257,262,1110783560,48.72102355957031,-27.10222816467285,958.4130249023438,21.057254791259766,356,73.31460674157303,20,1.2542641162872314,91.72413635253906,5,0
Mentalité,prudente,3759,6907,1682151650,49.048648834228516,-27.218692779541016,779.5567016601562,20.687210083007812,366,72.40437158469945,8,0.46281617879867554,92.1137466430664,1,2
Mentalité,offensive,3759,6907,1682151650,48.92026138305664,-27.532285690307617,914.3237915039062,20.758190155029297,407,75.42997542997543,6,0.12377956509590149,91.6955337524414,0,2
Mentalité,prudente,21607,5309,302470383,49.108421325683594,-29.840362548828125,1188.35693359375,19.57700538635254,474,80.16877637130801,5,0.21630780398845673,91.31084442138672,2,0
Mentalité,offensive,21607,5309,302470383,49.20635223388672,-28.294084548950195,893.6288452148438,20.958580017089844,353,80.1699716713881,23,0.8946760892868042,92.2584228515625,2,1
Mentalité,prudente,2572,112,1664014101,49.606040954589844,-29.220016479492188,663.3850708007812,20.47577667236328,428,81.30841121495327,11,1.0239315032958984,92.54925537109375,2,1
Mentalité,offensive,2572,112,1664014101,49.48863220214844,-25.837053298950195,734.7676391601562,21.06329345703125,471,79.61783439490446,19,0.8810994029045105,91.47508239746094,2,0
Mentalité,prudente,118,2925,364679294,49.476173400878906,-30.069692611694336,798.6520385742188,18.90487289428711,525,84.19047619047619,10,0.7939960360527039,91.85254669189453,1,0
Mentalité,offensive,118,2925,364679294,49.53995132446289,-28.397897720336914,966.1111450195312,20.425207138061523,437,76.20137299771167,9,0.33912092447280884,91.91617584228516,2,2
Mentalité,prudente,87,1538,420943911,49.19060516357422,-28.81418228149414,968.5105590820312,20.82479476928711,477,77.9874213836478,5,1.0580689907073975,91.50981140136719,3,1
Mentalité,offensive,87,1538,420943911,48.6214485168457,-28.425443649291992,1093.4801025390625,21.244794845581055,305,71.80327868852459,14,0.7941887974739075,92.18647003173828,0,0
Mentalité,prudente,559,936,330630444,49.49867630004883,-28.545320510864258,620.2955932617188,20.00962257385254,452,78.76106194690266,21,2.0023417472839355,92.29405975341797,1,1
Mentalité,offensive,559,936,330630444,47.57453155517578,-28.557361602783203,536.1161499023438,20.80405044555664,396,78.03030303030303,18,0.7283130884170532,93.61724090576172,2,1
Mentalité,prudente,2250,3696,1887936958,49.99813461303711,-26.99538230895996,416.3161926269531,17.753042221069336,679,84.24153166421208,13,1.2075645923614502,92.0823745727539,2,0
Mentalité,offensive,2250,3696,1887936958,49.48845672607422,-28.699726104736328,474.7197570800781,20.036670684814453,345,74.4927536231884,32,1.447106122970581,93.26812744140625,4,0
Mentalité,prudente,2950,125,1145763051,49.370506286621094,-25.28072738647461,703.0753784179688,20.7580509185791,418,74.88038277511961,9,0.8056782484054565,92.46646118164062,0,1
Mentalité,offensive,2950,125,1145763051,49.54264831542969,-27.487300872802734,658.9861450195312,21.63216209411621,396,72.22222222222223,12,0.4648931920528412,92.82213592529297,1,0
Mentalité,prudente,9078,6870,922252038,49.8710823059082,-29.012765884399414,723.6703491210938,18.60761833190918,568,82.3943661971831,25,2.4111714363098145,91.75577545166016,3,0
Mentalité,offensive,9078,6870,922252038,49.71216583251953,-27.491703033447266,791.2538452148438,20.30172348022461,372,78.49462365591398,26,2.1732640266418457,92.53899383544922,2,0
Mentalité,prudente,359,357,1411799261,49.245391845703125,-26.248933792114258,539.4153442382812,21.506235122680664,410,72.92682926829268,13,1.6499531269073486,93.30532836914062,1,2
Mentalité,offensive,359,357,1411799261,49.240543365478516,-26.73727035522461,445.9179992675781,20.974037170410156,360,70,20,1.4721949100494385,93.86125183105469,6,2
Mentalité,prudente,147,156,1700574325,49.57659912109375,-27.45160484313965,531.0173950195312,18.939411163330078,590,79.83050847457628,13,0.8479951620101929,92.0606689453125,2,3
Mentalité,offensive,147,156,1700574325,49.399208068847656,-28.00339698791504,702.0756225585938,20.21261978149414,388,79.38144329896907,16,1.2584352493286133,92.95403289794922,1,2
Mentalité,prudente,3997,113,51613704,49.03701400756836,-29.133628845214844,758.0619506835938,21.25160026550293,360,70.27777777777777,10,0.7704373002052307,92.7651138305664,1,2
Mentalité,offensive,3997,113,51613704,48.95570755004883,-27.016637802124023,804.8505249023438,21.45467758178711,371,72.50673854447439,21,1.240807294845581,92.27041625976562,2,0
Mentalité,prudente,103,4057,702879240,50.01734924316406,-26.842294692993164,439.7176208496094,20.622879028320312,516,78.29457364341086,16,1.8867532014846802,92.38451385498047,2,0
Mentalité,offensive,103,4057,702879240,49.80952835083008,-25.5284481048584,505.0216064453125,20.991735458374023,409,73.34963325183374,24,0.7904260158538818,92.31568908691406,0,0
Mentalité,prudente,170,174,1435546856,49.991451263427734,-25.725847244262695,381.5140686035156,21.168567657470703,456,78.7280701754386,6,1.0163229703903198,93.44640350341797,1,1
Mentalité,offensive,170,174,1435546856,49.49143600463867,-25.870853424072266,650.3882446289062,20.11117935180664,392,75.76530612244898,13,0.4812350273132324,92.43663024902344,0,3
Mentalité,prudente,137,10388,1495203957,49.749725341796875,-28.186609268188477,558.3107299804688,20.593477249145508,465,75.91397849462365,10,1.0157806873321533,90.7447509765625,2,2
Mentalité,offensive,137,10388,1495203957,49.6972541809082,-25.041893005371094,330.01092529296875,20.9473876953125,466,74.46351931330472,18,1.1318219900131226,92.86648559570312,3,2
Mentalité,prudente,156,151,323811002,49.2354736328125,-27.719585418701172,730.8685913085938,21.327089309692383,358,71.50837988826815,9,0.7915160655975342,92.54661560058594,1,1
Mentalité,offensive,156,151,323811002,49.158660888671875,-26.150432586669922,715.9722290039062,20.75830078125,379,75.72559366754618,19,1.4802241325378418,92.41619110107422,2,1
Mentalité,prudente,118,3997,1667359241,49.545127868652344,-26.388294219970703,587.6035766601562,21.073707580566406,411,78.10218978102189,21,1.7505115270614624,92.43574523925781,2,2
Mentalité,offensive,118,3997,1667359241,49.57835388183594,-25.44085693359375,506.02166748046875,20.989110946655273,419,74.70167064439141,19,0.8707402944564819,92.83609771728516,2,1
Mentalité,prudente,995,7656,765467029,48.90835952758789,-28.76056671142578,1023.2971801757812,21.610031127929688,368,76.3586956521739,12,0.7283063530921936,91.85627746582031,3,2
Mentalité,offensive,995,7656,765467029,49.265594482421875,-25.99768829345703,819.4469604492188,20.937137603759766,374,71.65775401069519,19,1.3061511516571045,92.16053009033203,2,2
Mentalité,prudente,3699,21610,972949956,49.649261474609375,-29.353151321411133,842.3413696289062,19.146465301513672,538,81.59851301115242,7,0.40326714515686035,91.7542953491211,2,0
Mentalité,offensive,3699,21610,972949956,49.23836135864258,-27.113359451293945,899.0275268554688,19.989501953125,373,75.87131367292226,14,0.9695505499839783,92.07772827148438,1,1
Mentalité,prudente,87,89,497728889,49.251834869384766,-26.951885223388672,827.0451049804688,20.851879119873047,362,71.54696132596685,11,1.164676308631897,91.96272277832031,0,4
Mentalité,offensive,87,89,497728889,48.72496795654297,-28.555072784423828,723.8703002929688,20.746068954467773,389,75.32133676092545,8,0.4954725503921509,92.7783203125,1,2
Mentalité,prudente,151,152,2045654981,49.523494720458984,-28.135591506958008,830.0443725585938,19.52887535095215,519,81.3102119460501,4,0.09667778015136719,91.72516632080078,1,1
Mentalité,offensive,151,152,2045654981,49.57617950439453,-27.012290954589844,649.7883911132812,20.16692543029785,424,76.17924528301887,8,0.5485218167304993,92.55288696289062,0,1
Mentalité,prudente,363,366,554673974,49.74111557006836,-28.886459350585938,512.2219848632812,19.434009552001953,525,81.52380952380952,14,0.6793880462646484,92.3939437866211,2,0
Mentalité,offensive,363,366,554673974,49.39381790161133,-27.330108642578125,729.1690063476562,21.1684627532959,388,71.3917525773196,27,2.5493433475494385,92.21255493164062,2,0
Mentalité,prudente,104,3997,1784849258,49.81752395629883,-26.000450134277344,382.214111328125,20.965078353881836,398,74.37185929648241,23,1.8446247577667236,93.2186508178711,2,3
Mentalité,offensive,104,3997,1784849258,49.994384765625,-25.58782386779785,451.1183166503906,21.671541213989258,427,77.51756440281031,22,1.8889437913894653,91.142333984375,2,1
Mentalité,prudente,393,384,1950149415,49.3786506652832,-29.415355682373047,657.2865600585938,19.662939071655273,599,80.63439065108514,11,0.5341582894325256,91.95822143554688,3,0
Mentalité,offensive,393,384,1950149415,49.06407928466797,-27.42192840576172,955.8136596679688,21.559539794921875,347,68.87608069164266,17,0.9897485971450806,92.5641098022461,3,0
Mentalité,prudente,789,19267,1551413899,49.70224380493164,-28.985219955444336,903.8263549804688,19.44265365600586,457,82.93216630196936,16,1.3890589475631714,91.91120910644531,1,1
Mentalité,offensive,789,19267,1551413899,49.63832092285156,-26.991531372070312,612.6974487304688,19.530906677246094,343,78.42565597667638,25,1.5358465909957886,93.224853515625,0,2
Mentalité,prudente,85,102,1083776645,48.77901077270508,-28.443151473999023,994.5042114257812,21.064083099365234,426,73.94366197183099,16,1.2773860692977905,91.0181884765625,1,1
Mentalité,offensive,85,102,1083776645,48.42831039428711,-28.05144500732422,814.5481567382812,20.790428161621094,342,70.46783625730994,17,1.1996910572052002,92.41387176513672,2,3
Mentalité,prudente,6870,432,1803412708,48.487186431884766,-30.215225219726562,1080.583251953125,20.601640701293945,350,73.14285714285714,3,0.2231830358505249,91.91344451904297,0,3
Mentalité,offensive,6870,432,1803412708,48.40393829345703,-28.43583106994629,937.7180786132812,19.737911224365234,340,71.17647058823529,7,0.996573805809021,92.16009521484375,1,3
Mentalité,prudente,94,87,1603673735,49.48812484741211,-30.097026824951172,1181.8585205078125,18.95114517211914,529,82.04158790170132,7,0.610325038433075,90.88410186767578,2,0
Mentalité,offensive,94,87,1603673735,49.030128479003906,-28.548198699951172,1084.982177734375,19.77297592163086,375,77.33333333333333,16,0.8419974446296692,91.85798645019531,3,1
Mentalité,prudente,258,266,1241796862,49.572540283203125,-26.44325065612793,612.6974487304688,20.068275451660156,392,75.25510204081633,9,0.5592782497406006,92.54574584960938,1,2
Mentalité,offensive,258,266,1241796862,49.09306716918945,-25.712757110595703,697.9766235351562,20.87301254272461,421,76.48456057007125,14,0.7653833627700806,92.10651397705078,1,2
Mentalité,prudente,113,3997,169762054,49.37435531616211,-28.725210189819336,740.0663452148438,20.84398651123047,431,77.03016241299304,8,1.5530840158462524,92.14691162109375,3,0
Mentalité,offensive,113,3997,169762054,49.0359992980957,-27.06044578552246,907.1255493164062,21.089765548706055,420,72.61904761904762,11,0.673630952835083,91.54151916503906,3,0
Mentalité,prudente,3024,989,1153742415,49.73328399658203,-30.12350845336914,696.6769409179688,17.838106155395508,638,84.63949843260188,9,0.4952148199081421,91.93029022216797,2,0
Mentalité,offensive,3024,989,1153742415,49.615257263183594,-27.2712345123291,781.9561157226562,20.36823081970215,439,76.99316628701594,12,0.3436145782470703,92.07789611816406,0,0
Mentalité,prudente,359,368,1656874616,49.557064056396484,-27.273252487182617,469.61944580078125,21.27387237548828,491,77.59674134419552,21,2.3466362953186035,92.46680450439453,3,0
Mentalité,offensive,359,368,1656874616,49.74857711791992,-22.575536727905273,388.5144958496094,21.49434471130371,379,71.76781002638522,26,1.6890242099761963,93.15061950683594,1,2
Mentalité,prudente,3735,139,1891547481,48.94635772705078,-27.76488494873047,878.4325561523438,19.765287399291992,445,78.20224719101124,7,0.2845804691314697,91.79804229736328,1,1
Mentalité,offensive,3735,139,1891547481,49.20615768432617,-27.906665802001953,1080.2833251953125,20.691713333129883,358,75.41899441340782,17,1.3596265316009521,91.87385559082031,1,0
Mentalité,prudente,4007,109,266353912,49.46853256225586,-27.913406372070312,795.7527465820312,20.86155891418457,376,76.86170212765957,11,0.42770421504974365,92.74623107910156,1,1
Mentalité,offensive,4007,109,266353912,49.18215560913086,-24.73683738708496,677.0817260742188,20.985095977783203,439,74.94305239179954,26,1.041765809059143,90.20209503173828,4,1
Mentalité,prudente,122,268,941325862,49.45595932006836,-27.439607620239258,621.3953247070312,20.730947494506836,381,77.42782152230971,11,1.2546124458312988,92.8025894165039,1,1
Mentalité,offensive,122,268,941325862,49.76722717285156,-23.66892433166504,590.1029663085938,20.037086486816406,371,76.01078167115902,18,1.3214836120605469,92.81527709960938,0,2
Mentalité,prudente,264,256,2070153691,49.43838119506836,-27.154094696044922,707.8742065429688,20.454797744750977,425,75.76470588235294,6,0.3413410484790802,92.2345199584961,0,2
Mentalité,offensive,264,256,2070153691,49.07731628417969,-27.841936111450195,927.7205200195312,20.05720329284668,374,72.72727272727273,6,0.3740875720977783,91.57056427001953,0,2
Mentalité,prudente,12698,3472,1368079903,49.41143035888672,-28.90614128112793,919.0226440429688,20.436670303344727,412,79.36893203883496,23,2.157782554626465,91.6181640625,2,2
Mentalité,offensive,12698,3472,1368079903,49.320064544677734,-26.548654556274414,762.3609008789062,20.815509796142578,391,78.00511508951406,24,1.1913485527038574,90.23231506347656,1,2
Mentalité,prudente,13294,1382,1589609104,49.340702056884766,-28.37434959411621,829.3445434570312,18.512134552001953,479,80.37578288100208,4,0.14749698340892792,92.3478775024414,0,1
Mentalité,offensive,13294,1382,1589609104,49.122840881347656,-27.41646385192871,978.6080932617188,20.437021255493164,432,74.30555555555556,13,0.5395822525024414,91.44255065917969,1,1
Mentalité,prudente,107,110,1437692358,48.53889846801758,-29.920373916625977,1095.4796142578125,20.87230682373047,412,76.94174757281553,7,0.4057028293609619,91.3751449584961,0,2
Mentalité,offensive,107,110,1437692358,48.36742401123047,-28.520727157592773,1114.77490234375,19.703828811645508,318,75.78616352201257,10,0.34263333678245544,92.02040100097656,0,1
Mentalité,prudente,83,90,493710084,50.2757453918457,-27.18214225769043,516.7208862304688,20.623769760131836,439,79.04328018223235,27,2.708092451095581,93.1646728515625,5,1
Mentalité,offensive,83,90,493710084,49.31357192993164,-27.012550354003906,476.3198547363281,21.031097412109375,440,75.9090909090909,22,1.9895719289779663,92.42635345458984,2,1
Mentalité,prudente,145,156,2091300775,49.46682357788086,-29.49359130859375,812.1487426757812,18.324853897094727,533,81.98874296435272,6,0.3028000593185425,91.88082122802734,1,0
Mentalité,offensive,145,156,2091300775,49.1566162109375,-27.043991088867188,707.2743530273438,20.327747344970703,403,79.90074441687345,19,1.0557425022125244,92.36454772949219,1,0
Mentalité,prudente,22269,5579,601508701,49.407989501953125,-28.275178909301758,646.2892456054688,21.472143173217773,450,75.33333333333333,11,1.5386288166046143,91.91887664794922,2,1
Mentalité,offensive,22269,5579,601508701,49.770042419433594,-26.2356014251709,608.9983520507812,20.003162384033203,398,72.8643216080402,17,1.3350473642349243,92.48941040039062,3,4
Mentalité,prudente,137,3307,102919363,49.73344802856445,-30.52491569519043,733.6679077148438,21.279664993286133,368,73.6413043478261,16,1.4630047082901,92.7306137084961,3,4
Mentalité,offensive,137,3307,102919363,49.422569274902344,-25.974449157714844,493.0208740234375,20.629695892333984,424,70.75471698113208,12,0.7497531771659851,92.86651611328125,1,0
Mentalité,prudente,13294,21846,1530898879,49.65192794799805,-27.458080291748047,630.5930786132812,21.067514419555664,430,75.34883720930233,5,0.18982182443141937,92.4011459350586,1,1
Mentalité,offensive,13294,21846,1530898879,49.127952575683594,-25.610641479492188,679.8810424804688,21.170642852783203,463,73.65010799136068,17,2.141413688659668,91.90225982666016,3,1
Mentalité,prudente,12216,15784,1562387529,48.82369613647461,-31.06761932373047,1039.0933837890625,20.329776763916016,388,77.83505154639175,4,1.092561960220337,92.24455261230469,2,1
Mentalité,offensive,12216,15784,1562387529,47.93281936645508,-31.215320587158203,1122.4730224609375,20.48198127746582,322,73.91304347826087,9,0.3226134181022644,92.19032287597656,1,0
Mentalité,prudente,3735,156,738370743,49.41419982910156,-28.985557556152344,862.5364379882812,19.695188522338867,517,81.6247582205029,14,0.8314589262008667,91.5601806640625,1,1
Mentalité,offensive,3735,156,738370743,48.44657516479492,-27.609487533569336,1047.391357421875,21.589818954467773,326,70.85889570552148,23,0.9348362684249878,91.79814147949219,0,0
Mentalité,prudente,268,598,1471885787,49.31077575683594,-29.654022216796875,1026.996337890625,19.92137336730957,451,81.59645232815964,5,0.2921164333820343,92.06000518798828,0,1
Mentalité,offensive,268,598,1471885787,49.23154067993164,-29.154972076416016,1108.0765380859375,20.147075653076172,448,75.22321428571429,6,0.4351821839809418,91.3427505493164,1,0
Mentalité,prudente,3472,3696,835890524,49.76288986206055,-29.910400390625,857.8375854492188,18.60465431213379,563,84.01420959147424,4,0.2642863392829895,91.5516586303711,1,0
Mentalité,offensive,3472,3696,835890524,49.064720153808594,-27.308956146240234,836.9426879882812,20.26982879638672,403,74.93796526054591,12,1.3858269453048706,91.87002563476562,2,0
Mentalité,prudente,114,112,1527410391,49.7006721496582,-27.361003875732422,401.3152770996094,20.679563522338867,479,78.49686847599165,12,1.3921821117401123,92.78021240234375,4,2
Mentalité,offensive,114,112,1527410391,49.660682678222656,-24.721031188964844,510.42193603515625,20.64516258239746,469,77.82515991471216,21,1.5848751068115234,91.9625244140625,0,1
Mentalité,prudente,132335,7914,2023402780,49.82136917114258,-26.787599563598633,564.8091430664062,19.61618423461914,522,81.22605363984674,4,0.3668553829193115,92.38395690917969,1,1
Mentalité,offensive,132335,7914,2023402780,49.05358123779297,-27.462966918945312,891.9292602539062,20.7877254486084,454,74.66960352422907,14,0.6965901851654053,91.41191864013672,2,0
Mentalité,prudente,362,306,32264918,50.01082992553711,-26.55910301208496,327.1107482910156,19.704683303833008,448,78.57142857142857,21,1.6539801359176636,93.4644546508789,3,0
Mentalité,offensive,362,306,32264918,49.686790466308594,-22.153945922851562,344.5118103027344,20.222820281982422,451,78.49223946784923,37,2.6238491535186768,92.75740814208984,4,1
Mentalité,prudente,3696,3699,860321550,49.463134765625,-26.107994079589844,596.6013793945312,20.56066131591797,421,74.58432304038004,15,0.8614416122436523,92.16845703125,1,1
Mentalité,offensive,3696,3699,860321550,49.31380844116211,-26.475008010864258,651.6879272460938,20.545795440673828,438,75.57077625570776,12,1.0864201784133911,92.27790069580078,0,0
Mentalité,prudente,357,306,1478641587,49.528099060058594,-28.235538482666016,390.3146057128906,20.760759353637695,470,76.17021276595744,10,0.9066743850708008,93.15503692626953,2,0
Mentalité,offensive,357,306,1478641587,49.44253158569336,-25.89720916748047,511.62200927734375,20.801708221435547,394,70.55837563451777,17,1.1321845054626465,92.93912506103516,8,0
Mentalité,prudente,382,370,604641600,49.362701416015625,-27.580488204956055,724.1702270507812,19.651386260986328,449,81.29175946547885,18,1.4145692586898804,91.9970703125,2,3
Mentalité,offensive,382,370,604641600,49.23615646362305,-26.38718032836914,653.1875610351562,20.52679443359375,398,77.8894472361809,29,1.6587941646575928,92.03070831298828,1,2
Mentalité,prudente,1382,3759,2002925567,49.23873519897461,-29.974531173706055,1093.380126953125,18.766326904296875,478,80.5439330543933,2,0.06999862194061279,91.40869140625,0,1
Mentalité,offensive,1382,3759,2002925567,48.55729675292969,-28.340930938720703,1040.193115234375,20.102434158325195,330,67.27272727272727,5,0.20567762851715088,92.6125717163086,2,0
Mentalité,prudente,519,21540,28316747,49.397464752197266,-29.39982032775879,914.6237182617188,19.126996994018555,489,81.18609406952966,5,0.12113438546657562,91.625,0,0
Mentalité,offensive,519,21540,28316747,49.288761138916016,-27.123477935791016,891.2294311523438,20.846660614013672,429,73.89277389277389,15,0.8277747631072998,91.44697570800781,3,0
Mentalité,prudente,7868,6851,1017265311,49.0785026550293,-28.55759048461914,828.4447631835938,20.23354721069336,434,78.3410138248848,5,0.2136516571044922,92.72437286376953,0,2
Mentalité,offensive,7868,6851,1017265311,49.210628509521484,-27.127883911132812,778.2570190429688,20.17182731628418,411,77.12895377128953,10,0.25401660799980164,91.11723327636719,0,3
Mentalité,prudente,127,134,480544626,49.49394989013672,-29.09290313720703,1043.59228515625,20.590320587158203,408,76.47058823529412,10,0.5399963855743408,91.99723815917969,2,3
Mentalité,offensive,127,134,480544626,49.11941909790039,-27.52912139892578,892.1292114257812,21.377195358276367,352,74.7159090909091,17,2.0899620056152344,92.267822265625,4,0
Mentalité,prudente,3746,4411,302910801,49.47157287597656,-29.40328598022461,685.3796997070312,19.126144409179688,410,75.36585365853658,5,0.2459494173526764,91.06890869140625,1,2
Mentalité,offensive,3746,4411,302910801,49.21830368041992,-26.927507400512695,574.8067016601562,20.242767333984375,408,75.98039215686275,15,0.8267238736152649,92.82901000976562,2,3
Mentalité,prudente,3611,3610,2101176022,49.19548034667969,-28.28335189819336,631.0929565429688,18.595420837402344,522,81.60919540229885,18,1.4429845809936523,92.02201080322266,1,2
Mentalité,offensive,3611,3610,2101176022,49.66333770751953,-27.51609230041504,697.4767456054688,19.727977752685547,508,82.08661417322834,11,0.36609604954719543,91.98566436767578,1,2
Mentalité,prudente,3024,11551,59250330,49.59535217285156,-28.84566307067871,909.3250122070312,18.055044174194336,657,85.84474885844749,10,0.9857174158096313,90.86784362792969,0,0
Mentalité,offensive,3024,11551,59250330,49.117427825927734,-26.51626205444336,867.1353149414062,19.464303970336914,407,77.88697788697789,19,1.1774275302886963,92.16260528564453,0,1
Pressing,mesuré,87,1068,1002897798,49.53725814819336,-27.092878341674805,695.1773071289062,20.171279907226562,350,76.85714285714286,4,0.25080791115760803,92.20079040527344,0,2
Pressing,intense,87,1068,1002897798,49.41470718383789,-27.148624420166016,680.7808227539062,20.485822677612305,437,74.59954233409611,6,0.40836960077285767,92.38629913330078,1,2
Pressing,mesuré,3616,5579,929393559,49.694297790527344,-26.189680099487305,556.5111694335938,20.076879501342773,406,74.38423645320196,7,0.26237952709198,92.3475341796875,0,4
Pressing,intense,3616,5579,929393559,49.45094680786133,-24.41956901550293,559.5104370117188,21.496925354003906,379,75.46174142480211,17,1.3545678853988647,93.01220703125,1,4
Pressing,mesuré,133,137,217468053,49.21131134033203,-28.933910369873047,773.6581420898438,20.138675689697266,464,77.15517241379311,11,1.4061715602874756,91.88224792480469,2,1
Pressing,intense,133,137,217468053,49.11001205444336,-26.804401397705078,799.9517211914062,19.701528549194336,473,79.06976744186046,10,1.5039386749267578,92.08150482177734,1,2
Pressing,mesuré,552,437,532638534,49.412227630615234,-28.600337982177734,622.5950317382812,20.378318786621094,420,77.38095238095238,1,0.037097521126270294,92.55692291259766,0,0
Pressing,intense,552,437,532638534,49.06161117553711,-28.149959564208984,802.3511352539062,21.174457550048828,390,76.41025641025641,7,0.5932753086090088,92.56121826171875,0,3
Pressing,mesuré,122,137,1464848243,49.426639556884766,-28.16331672668457,753.8629760742188,19.8035831451416,481,82.74428274428274,8,0.4627079665660858,91.98049926757812,2,2
Pressing,intense,122,137,1464848243,49.0778694152832,-28.811681747436523,891.7293090820312,19.629913330078125,408,77.45098039215686,6,0.4237728714942932,92.63765716552734,0,1
Pressing,mesuré,3822,21607,1321446349,49.68994903564453,-25.7679500579834,420.5164489746094,20.831035614013672,395,75.69620253164557,18,1.7652897834777832,92.77946472167969,1,0
Pressing,intense,3822,21607,1321446349,49.93009948730469,-24.69054412841797,413.21600341796875,21.262248992919922,445,73.25842696629213,19,1.321707844734192,92.6941146850586,2,0
Pressing,mesuré,2565,3706,2039633683,49.44035720825195,-28.005136489868164,762.2609252929688,20.319419860839844,455,77.14285714285714,5,0.16457347571849823,90.13648986816406,0,1
Pressing,intense,2565,3706,2039633683,49.23795700073242,-28.394899368286133,959.4127807617188,19.923559188842773,393,77.09923664122137,9,0.5026648044586182,92.44986724853516,0,1
Pressing,mesuré,359,331,820276643,49.3415412902832,-27.229150772094727,381.7140808105469,21.182533264160156,373,73.99463806970509,8,1.2457046508789062,93.7360610961914,2,2
Pressing,intense,359,331,820276643,49.4154167175293,-26.84627342224121,571.4075317382812,20.211618423461914,407,78.13267813267814,9,0.985715925693512,92.9429931640625,2,3
Pressing,mesuré,132335,1895,1704637349,48.79714584350586,-29.646045684814453,827.8449096679688,19.89883041381836,443,76.97516930022573,1,0.26384204626083374,91.94738006591797,0,1
Pressing,intense,132335,1895,1704637349,48.55775451660156,-31.147003173828125,967.3108520507812,19.903623580932617,401,72.06982543640898,0,0,91.91493225097656,1,2
Pressing,mesuré,268,133,1903678842,49.826438903808594,-26.23210906982422,408.41571044921875,20.404558181762695,442,81.44796380090497,17,0.8665627241134644,92.76097869873047,1,1
Pressing,intense,268,133,1903678842,49.39498519897461,-25.539907455444336,546.5136108398438,20.87950897216797,429,74.82517482517483,20,1.4105645418167114,92.49966430664062,2,1
Pressing,mesuré,139,2565,1501726364,49.57008361816406,-28.099767684936523,700.2760620117188,21.559175491333008,443,77.42663656884876,5,0.1952774077653885,92.1147689819336,1,1
Pressing,intense,139,2565,1501726364,48.818016052246094,-27.759937286376953,904.2262573242188,21.761262893676758,458,75.32751091703057,2,0.04989936947822571,91.34748840332031,0,1
Pressing,mesuré,7868,170,1731519511,49.97422790527344,-25.743743896484375,355.4124755859375,20.757667541503906,491,77.59674134419552,15,0.7203071117401123,93.10746765136719,0,2
Pressing,intense,7868,170,1731519511,49.77769470214844,-25.748199462890625,510.1219177246094,21.012990951538086,449,75.05567928730513,15,0.8434674739837646,93.22823333740234,3,0
Pressing,mesuré,263,256,1104652174,49.62761306762695,-27.401477813720703,512.1220092773438,21.119699478149414,375,72.8,10,1.4906820058822632,93.21453857421875,3,2
Pressing,intense,263,256,1104652174,49.15367889404297,-27.431798934936523,761.3611450195312,20.7816104888916,429,77.85547785547786,10,1.1234140396118164,92.36119842529297,3,1
Pressing,mesuré,1895,132335,2134161410,49.528282165527344,-26.02020835876465,449.1181945800781,20.505735397338867,357,77.03081232492997,27,0.9648562669754028,92.96851348876953,5,0
Pressing,intense,1895,132335,2134161410,49.16020584106445,-26.731897354125977,606.6989135742188,19.899770736694336,343,79.88338192419825,39,2.1118829250335693,93.26184844970703,1,0
Pressing,mesuré,143,2726,932725007,49.584598541259766,-27.640491485595703,660.8856811523438,20.839481353759766,468,76.7094017094017,8,0.765271782875061,91.910400390625,1,0
Pressing,intense,143,2726,932725007,48.56053924560547,-27.716297149658203,1196.2550048828125,21.867643356323242,338,71.00591715976331,16,1.4410395622253418,91.61087799072266,1,2
Pressing,mesuré,2566,146,1015490648,49.12451171875,-27.296857833862305,679.9810180664062,21.00419044494629,375,70.66666666666667,2,0.11946816742420197,91.85651397705078,0,1
Pressing,intense,2566,146,1015490648,49.201873779296875,-25.755563735961914,748.9641723632812,20.680330276489258,440,74.0909090909091,8,0.32410547137260437,91.79134368896484,2,2
Pressing,mesuré,97,3751,1130118952,49.41679000854492,-29.133811950683594,833.2435913085938,19.952163696289062,426,79.34272300469483,14,0.9381776452064514,92.17567443847656,5,1
Pressing,intense,97,3751,1130118952,49.29872512817383,-28.349353790283203,713.5728149414062,19.923795700073242,475,80.42105263157895,12,1.1699661016464233,92.31087493896484,2,0
Pressing,mesuré,361,388,1485403625,49.49639892578125,-25.433937072753906,375.1136779785156,20.865013122558594,418,77.03349282296651,18,1.10664701461792,92.7015151977539,2,2
Pressing,intense,361,388,1485403625,49.44167709350586,-27.33344268798828,591.1027221679688,22.403894424438477,377,74.53580901856763,10,1.6618638038635254,94.06050109863281,2,4
Pressing,mesuré,2925,105,2039758977,49.006927490234375,-28.464014053344727,751.4635620117188,21.072856903076172,373,71.31367292225201,14,0.6793309450149536,92.1745834350586,1,1
Pressing,intense,2925,105,2039758977,48.88969039916992,-28.923686981201172,1106.6768798828125,21.252716064453125,324,75.61728395061728,16,0.7562460899353027,92.17964172363281,1,0
Pressing,mesuré,170,179,1048083132,49.611480712890625,-25.111724853515625,526.8184204101562,20.785430908203125,437,82.37986270022883,17,0.9040666222572327,92.52787780761719,2,1
Pressing,intense,170,179,1048083132,49.72642135620117,-25.49493980407715,630.3931274414062,21.003219604492188,420,78.57142857142857,26,3.145937204360962,92.5093002319336,1,0
Pressing,mesuré,3699,437,259488708,49.1389274597168,-26.61402702331543,675.4821166992188,20.174684524536133,383,74.67362924281984,5,0.22824060916900635,92.11204528808594,0,1
Pressing,intense,3699,437,259488708,48.6555290222168,-27.17169952392578,707.8742065429688,20.537364959716797,377,71.88328912466844,9,0.5162096619606018,92.75452423095703,1,3
Pressing,mesuré,90,93,669806174,49.42930221557617,-27.201265335083008,699.2763061523438,20.175365447998047,408,78.67647058823529,10,0.7401129603385925,92.01708221435547,0,4
Pressing,intense,90,93,669806174,49.04091262817383,-25.41719627380371,714.8724975585938,20.951045989990234,382,76.17801047120419,15,1.0922530889511108,92.3271484375,1,2
Pressing,mesuré,3746,1382,2142954714,49.569305419921875,-28.76217269897461,560.6101684570312,19.956497192382812,444,77.70270270270271,14,0.7944326400756836,92.66051483154297,2,0
Pressing,intense,3746,1382,2142954714,49.230140686035156,-27.707042694091797,734.9675903320312,19.566490173339844,461,79.60954446854664,15,0.7623386979103088,91.91696166992188,0,0
Pressing,mesuré,254,257,472931517,48.66608428955078,-28.622533798217773,831.4440307617188,20.092262268066406,437,76.20137299771167,4,0.903128445148468,91.98157501220703,1,3
Pressing,intense,254,257,472931517,49.20665740966797,-27.809152603149414,914.4237670898438,19.71804428100586,454,76.2114537444934,7,0.4679119288921356,91.73793029785156,0,2
Pressing,mesuré,362,331,921209318,49.4711799621582,-27.05069923400879,631.7927856445312,20.429622650146484,464,79.95689655172414,9,0.8733961582183838,91.91767120361328,3,1
Pressing,intense,362,331,921209318,49.35603713989258,-26.712820053100586,691.1782836914062,21.048559188842773,385,79.48051948051948,26,2.3308215141296387,92.7115478515625,3,0
Pressing,mesuré,7640,3019,1662778767,49.539737701416016,-28.309816360473633,696.5769653320312,19.670103073120117,473,76.74418604651163,5,0.8753077983856201,92.40167236328125,2,0
Pressing,intense,7640,3019,1662778767,48.9190673828125,-28.61017417907715,1151.6658935546875,19.776615142822266,425,75.52941176470588,3,0.09159521758556366,91.24980163574219,2,0
Pressing,mesuré,13294,2790,1056745520,49.18745803833008,-29.051172256469727,961.6122436523438,20.128835678100586,398,81.15577889447236,7,0.4574923813343048,91.89118194580078,1,1
Pressing,intense,13294,2790,1056745520,49.17831802368164,-27.2790470123291,922.1218872070312,19.391218185424805,455,76.48351648351648,4,0.23315022885799408,91.74757385253906,0,1
Pressing,mesuré,122,131,1008338748,49.440406799316406,-26.121042251586914,555.6113891601562,21.363433837890625,422,77.01421800947867,20,1.222736120223999,92.59960174560547,1,0
Pressing,intense,122,131,1008338748,49.126590728759766,-27.21208953857422,767.0597534179688,20.79106330871582,413,71.42857142857143,10,0.5013270378112793,92.15457153320312,2,1
Pressing,mesuré,7911,3841,794882901,49.74412155151367,-27.522686004638672,711.1734008789062,20.802053451538086,446,78.25112107623319,24,2.017108201980591,92.36705017089844,9,1
Pressing,intense,7911,3841,794882901,49.523704528808594,-26.33195686340332,722.6705932617188,20.01197624206543,444,81.30630630630631,19,0.8982715606689453,92.43364715576172,1,1
Pressing,mesuré,174,2502,1796576214,49.686275482177734,-27.05892562866211,460.618896484375,21.069612503051758,419,78.99761336515513,18,1.1954926252365112,92.2049331665039,3,0
Pressing,intense,174,2502,1796576214,49.64583206176758,-24.829694747924805,676.8817749023438,20.04848861694336,383,75.45691906005221,21,0.760361909866333,90.33980560302734,0,3
Pressing,mesuré,132334,6870,190797265,49.40104293823242,-27.229001998901367,686.2794799804688,19.518770217895508,597,82.24455611390285,8,0.17154796421527863,91.61370849609375,0,0
Pressing,intense,132334,6870,190797265,49.130401611328125,-27.83113670349121,902.6266479492188,20.462881088256836,471,77.91932059447983,4,0.39720025658607483,91.86868286132812,1,0
Pressing,mesuré,2697,179,485266100,49.51600646972656,-25.95587158203125,453.41845703125,21.226974487304688,450,74.88888888888889,10,0.6366031169891357,92.50530242919922,1,1
Pressing,intense,2697,179,485266100,49.68535614013672,-27.14207649230957,673.8825073242188,20.4671688079834,396,75.5050505050505,10,0.9589393138885498,92.4757080078125,1,0
Pressing,mesuré,254,258,645237757,49.732723236083984,-26.556215286254883,605.0993041992188,20.46134376525879,385,73.50649350649351,7,0.5612804889678955,92.78758239746094,0,2
Pressing,intense,254,258,645237757,48.67649841308594,-27.060508728027344,769.3591918945312,20.78252410888672,427,73.77049180327869,8,0.6505579352378845,90.32487487792969,0,1
Pressing,mesuré,388,362,796471501,48.69175720214844,-28.655803680419922,788.9544067382812,22.114627838134766,377,68.96551724137932,3,0.09330281615257263,92.33753967285156,1,1
Pressing,intense,388,362,796471501,49.75046157836914,-26.485300064086914,871.7341918945312,20.75011444091797,390,75.12820512820512,15,1.53439462184906,90.50991821289062,2,0
Pressing,mesuré,570,5786,1196878155,49.64119338989258,-27.676071166992188,518.8203735351562,18.996280670166016,471,78.34394904458598,24,2.3136963844299316,92.58023071289062,0,0
Pressing,intense,570,5786,1196878155,49.64577865600586,-26.39446258544922,540.9149780273438,19.370315551757812,388,78.09278350515464,27,2.2519259452819824,93.37361907958984,3,2
Pressing,mesuré,268,131,359906493,49.191471099853516,-28.92560386657715,679.2811889648438,21.25743865966797,432,78.47222222222223,4,0.14189238846302032,92.3223648071289,1,0
Pressing,intense,268,131,359906493,48.855525970458984,-26.93345069885254,942.2169799804688,20.567995071411133,380,72.89473684210526,7,0.3502357602119446,92.11537170410156,0,1
Pressing,mesuré,86,2922,1617046705,49.33503723144531,-27.029260635375977,528.1181030273438,19.839632034301758,416,78.36538461538461,28,1.6194204092025757,92.67353820800781,2,0
Pressing,intense,86,2922,1617046705,49.241416931152344,-28.114368438720703,680.9807739257812,19.85626792907715,353,78.75354107648725,32,1.9470207691192627,92.88703155517578,0,0
Pressing,mesuré,393,362,1827753950,49.485816955566406,-26.77973175048828,636.5916137695312,21.051618576049805,412,72.33009708737865,5,0.15039335191249847,92.37261962890625,3,1
Pressing,intense,393,362,1827753950,49.30313491821289,-26.215023040771484,817.1475219726562,21.157304763793945,466,77.46781115879828,13,1.1035999059677124,91.84366607666016,3,1
Pressing,mesuré,562,7640,2113437503,49.43386459350586,-27.115510940551758,646.8890991210938,19.983295440673828,534,78.65168539325843,6,0.35045260190963745,91.85604095458984,0,1
Pressing,intense,562,7640,2113437503,48.3336181640625,-28.921987533569336,1059.1884765625,20.429718017578125,443,77.65237020316027,8,0.4449232220649719,91.9888916015625,0,4
Pressing,mesuré,3696,3822,1501688522,48.9700927734375,-28.435443878173828,647.1890258789062,20.798587799072266,403,73.44913151364764,9,0.35873550176620483,92.40430450439453,0,0
Pressing,intense,3696,3822,1501688522,48.92383575439453,-27.571544647216797,803.6508178710938,21.06085205078125,390,73.33333333333333,6,0.6241247653961182,91.84585571289062,0,0
Pressing,mesuré,18794,21846,1477521204,49.46403503417969,-26.17100715637207,639.1909790039062,21.746471405029297,526,76.04562737642586,7,0.29931020736694336,91.21309661865234,0,0
Pressing,intense,18794,21846,1477521204,49.250545501708984,-27.31785774230957,766.0599975585938,20.874984741210938,398,70.85427135678393,3,0.082260861992836,91.90315246582031,0,1
Pressing,mesuré,382,349,48190158,49.89529037475586,-25.491788864135742,330.01092529296875,20.33213996887207,456,78.94736842105263,16,1.147606372833252,92.43795776367188,1,2
Pressing,intense,382,349,48190158,49.887142181396484,-24.36771011352539,497.8211669921875,21.08240509033203,399,79.19799498746868,28,2.1020262241363525,93.23680877685547,4,0
Pressing,mesuré,368,359,628641533,49.34305953979492,-26.792747497558594,704.0751342773438,21.109851837158203,374,77.00534759358288,7,0.35231542587280273,92.22801208496094,1,2
Pressing,intense,368,359,628641533,48.779052734375,-27.10527229309082,841.6415405273438,20.42789077758789,376,73.93617021276596,7,0.2882883548736572,92.18621063232422,0,2
Pressing,mesuré,83,93,1988519473,49.86041259765625,-26.192426681518555,460.1188659667969,20.66661262512207,409,76.77261613691931,21,1.2146445512771606,93.10200500488281,3,2
Pressing,intense,83,93,1988519473,49.90788650512695,-25.46358299255371,404.7154846191406,20.203969955444336,447,77.40492170022371,19,1.244911551475525,93.20962524414062,2,1
Pressing,mesuré,570,559,2138614433,49.693607330322266,-27.24062728881836,349.9121398925781,20.240245819091797,405,73.82716049382717,16,1.1515988111495972,93.0982894897461,1,0
Pressing,intense,570,559,2138614433,49.5398063659668,-28.176843643188477,655.8869018554688,20.987293243408203,386,75.12953367875647,22,1.6819268465042114,92.56558227539062,1,1
Pressing,mesuré,388,393,1490379973,49.41992950439453,-28.76036834716797,984.8065795898438,21.067922592163086,452,77.43362831858407,4,0.80263352394104,91.29837036132812,0,0
Pressing,intense,388,393,1490379973,48.59817886352539,-30.30010223388672,1092.2803955078125,20.41010284423828,333,75.67567567567568,9,0.836877167224884,92.72581481933594,0,0
Pressing,mesuré,1382,4411,683759645,49.55772399902344,-27.12962532043457,682.1804809570312,19.857614517211914,482,75.72614107883817,12,1.1455656290054321,91.89047241210938,0,0
Pressing,intense,1382,4411,683759645,49.17319107055664,-28.005830764770508,1169.96142578125,20.749160766601562,399,78.19548872180451,7,0.21458034217357635,91.5799789428711,0,0
Pressing,mesuré,83,86,385065937,49.571388244628906,-28.019420623779297,646.0892944335938,20.799535751342773,426,80.75117370892019,18,1.82151198387146,92.18745422363281,1,0
Pressing,intense,83,86,385065937,49.313629150390625,-27.348587036132812,765.3601684570312,20.896709442138672,395,78.48101265822785,18,1.3609082698822021,92.50248718261719,3,2
Pressing,mesuré,170,2502,1366447162,49.33997344970703,-26.614744186401367,499.5212707519531,20.360715866088867,363,76.30853994490359,8,0.4893781244754791,93.16112518310547,1,2
Pressing,intense,170,2502,1366447162,49.157894134521484,-26.916948318481445,735.3674926757812,21.1335506439209,444,74.54954954954955,13,0.8088889718055725,91.69137573242188,1,1
Pressing,mesuré,99,96,1220134124,49.51797103881836,-27.27897834777832,941.6171264648438,20.095792770385742,394,76.6497461928934,7,0.7486475706100464,91.52164459228516,1,2
Pressing,intense,99,96,1220134124,49.22347640991211,-27.553667068481445,865.8356323242188,20.037582397460938,411,80.2919708029197,17,1.7140357494354248,92.23899841308594,0,1
Pressing,mesuré,97,85,1335149631,49.39257049560547,-27.2973575592041,520.3200073242188,20.92028045654297,433,78.29099307159353,10,0.44594457745552063,92.60804748535156,1,2
Pressing,intense,97,85,1335149631,49.336822509765625,-27.53959846496582,606.0990600585938,20.896800994873047,407,79.6068796068796,12,0.588358998298645,90.85118103027344,2,2
Pressing,mesuré,21607,2994,1257437083,48.81138229370117,-27.40907859802246,986.5061645507812,21.18958854675293,433,74.364896073903,10,0.7125681638717651,91.3509521484375,0,1
Pressing,intense,21607,2994,1257437083,48.66010665893555,-27.927217483520508,989.2055053710938,20.372411727905273,367,74.38692098092643,12,0.9040561318397522,90.1485824584961,2,0
Pressing,mesuré,153,152,750203086,49.56192398071289,-26.776952743530273,648.6886596679688,20.659881591796875,367,73.56948228882834,20,1.3964790105819702,92.45907592773438,0,0
Pressing,intense,153,152,750203086,49.36408615112305,-26.800350189208984,659.0861206054688,19.723331451416016,403,77.91563275434243,31,2.2846827507019043,92.72576904296875,3,0
Pressing,mesuré,147,140,2134306667,49.629234313964844,-27.677858352661133,700.0761108398438,19.888938903808594,471,81.31634819532908,22,2.267637252807617,92.13877868652344,4,0
Pressing,intense,147,140,2134306667,49.27755355834961,-26.98921012878418,624.8944702148438,18.891361236572266,417,79.37649880095923,24,2.286938190460205,92.75936126708984,4,0
Pressing,mesuré,254,256,764807854,48.94671630859375,-27.189973831176758,738.1668090820312,20.045509338378906,336,71.13095238095238,3,0.15723975002765656,92.48090362548828,0,1
Pressing,intense,254,256,764807854,49.270652770996094,-27.31496238708496,665.3845825195312,20.650283813476562,402,74.37810945273633,9,0.5255537033081055,92.73341369628906,0,3
Pressing,mesuré,789,7914,670436716,49.64629364013672,-27.332763671875,604.6994018554688,20.1362361907959,440,81.5909090909091,25,1.9634274244308472,92.18878936767578,3,0
Pressing,intense,789,7914,670436716,49.787227630615234,-24.571937561035156,445.8179931640625,19.750022888183594,510,80.19607843137256,32,1.9676032066345215,92.29434967041016,1,0
Pressing,mesuré,132334,995,1013966036,49.333736419677734,-27.443511962890625,711.6732788085938,20.896883010864258,395,73.92405063291139,5,0.24435536563396454,91.91116333007812,0,1
Pressing,intense,132334,995,1013966036,49.1662483215332,-27.496803283691406,951.5147094726562,20.762277603149414,417,77.21822541966426,7,0.4011988639831543,91.81916046142578,0,2
Pressing,mesuré,131,10388,1718824160,49.83972930908203,-25.87115478515625,404.81549072265625,20.779705047607422,423,77.77777777777777,18,0.8520939350128174,92.86360931396484,1,1
Pressing,intense,131,10388,1718824160,49.98630905151367,-26.52073097229004,425.8167724609375,20.709943771362305,403,78.90818858560795,22,2.1403486728668213,93.25018310546875,3,2
Pressing,mesuré,104,115,1709944646,49.946319580078125,-25.305315017700195,272.5074157714844,20.757036209106445,424,79.24528301886792,17,1.10897696018219,93.3035659790039,2,0
Pressing,intense,104,115,1709944646,49.694252014160156,-26.964454650878906,535.2163696289062,20.677494049072266,411,78.83211678832117,24,1.4184787273406982,92.73980712890625,3,1
Pressing,mesuré,2250,1929,726787874,49.68122100830078,-26.5991268157959,439.4176025390625,19.686861038208008,351,78.63247863247864,32,1.566208004951477,93.08734893798828,5,0
Pressing,intense,2250,1929,726787874,49.927852630615234,-26.094383239746094,584.8042602539062,19.591537475585938,379,81.79419525065963,41,3.3334250450134277,92.84407043457031,2,0
Pressing,mesuré,105,239,94993703,49.662384033203125,-29.912031173706055,725.4699096679688,19.670391082763672,460,79.56521739130434,13,0.6080533266067505,91.81797790527344,1,0
Pressing,intense,105,239,94993703,48.99022674560547,-28.205270767211914,640.1907348632812,19.121379852294922,437,79.86270022883295,15,0.7820908427238464,92.54426574707031,2,1
Pressing,mesuré,156,3735,1849727770,49.244441986083984,-27.093181610107422,723.1704711914062,20.665260314941406,346,76.58959537572254,9,0.49255508184432983,92.71438598632812,3,0
Pressing,intense,156,3735,1849727770,49.39809799194336,-25.972919464111328,663.9849243164062,20.449092864990234,462,79.22077922077922,16,0.8739402294158936,92.10883331298828,2,1
Pressing,mesuré,268,7911,1384120890,49.67550277709961,-25.53816032409668,435.4173583984375,20.91716194152832,274,73.72262773722628,7,0.36942610144615173,94.7539291381836,0,2
Pressing,intense,268,7911,1384120890,49.09244918823242,-27.665618896484375,861.6366577148438,21.91195297241211,375,72.53333333333333,10,0.4361022114753723,92.34190368652344,4,2
Pressing,mesuré,4057,110,1142969686,48.67634582519531,-28.341751098632812,900.6271362304688,20.574996948242188,425,78.82352941176471,5,0.3553054928779602,91.8252182006836,0,1
Pressing,intense,4057,110,1142969686,48.84211349487305,-28.846900939941406,1061.387939453125,20.047286987304688,368,77.98913043478261,4,0.275452196598053,92.01874542236328,0,3
Pressing,mesuré,3307,3841,1888802919,49.48849105834961,-27.15560531616211,795.1528930664062,20.45174217224121,487,78.02874743326488,13,1.265627384185791,91.38373565673828,1,0
Pressing,intense,3307,3841,1888802919,49.017330169677734,-27.809751510620117,862.7363891601562,20.188365936279297,320,72.5,16,1.5202479362487793,92.7188720703125,3,0
Pressing,mesuré,127,125,1471360990,49.18701934814453,-27.60471534729004,642.5901489257812,20.871612548828125,419,75.17899761336515,10,0.5844318866729736,92.14363098144531,0,1
Pressing,intense,127,125,1471360990,48.940860748291016,-26.537769317626953,911.7244262695312,21.443218231201172,394,75.63451776649747,9,1.0261964797973633,90.15306091308594,1,2
Pressing,mesuré,996,9078,2102824771,49.25252914428711,-27.277009963989258,733.6679077148438,21.410350799560547,407,74.93857493857494,13,0.8145660758018494,92.12046813964844,2,3
Pressing,intense,996,9078,2102824771,48.823883056640625,-27.09242057800293,859.1372680664062,20.700546264648438,358,70.94972067039106,14,1.1554230451583862,92.6469497680664,2,3
Pressing,mesuré,127,3841,334167837,49.29549789428711,-27.69623374938965,942.0170288085938,20.593332290649414,531,80.41431261770245,12,1.0447030067443848,90.54031372070312,1,1
Pressing,intense,127,3841,334167837,49.29568862915039,-28.610536575317383,1016.3988647460938,20.77923583984375,373,74.79892761394102,8,0.3332504630088806,92.04151916503906,0,0
Pressing,mesuré,359,367,1036349728,49.7576789855957,-27.856565475463867,406.6156005859375,21.18701934814453,467,79.22912205567452,15,0.9175500273704529,92.43196868896484,4,2
Pressing,intense,359,367,1036349728,49.77948760986328,-26.864648818969727,342.9117126464844,20.645082473754883,402,76.61691542288557,12,1.1830967664718628,93.5728988647461,3,2
Pressing,mesuré,996,997,948048695,48.34257507324219,-30.049968719482422,823.4459838867188,20.62486457824707,373,75.06702412868633,5,0.46725955605506897,91.90448760986328,0,2
Pressing,intense,996,997,948048695,48.62959289550781,-29.1905460357666,1219.1494140625,20.230579376220703,355,76.33802816901408,8,0.5153639316558838,91.53032684326172,0,1
Pressing,mesuré,9078,1895,506792090,49.26119613647461,-29.002744674682617,755.0626831054688,20.493858337402344,436,78.6697247706422,6,0.2545052766799927,92.31082916259766,0,1
Pressing,intense,9078,1895,506792090,48.63068771362305,-29.46082878112793,992.9046020507812,20.106143951416016,394,72.08121827411168,9,0.6336256265640259,91.98054504394531,0,2
Pressing,mesuré,7868,6997,603445893,49.40663146972656,-27.160064697265625,606.7988891601562,20.685224533081055,455,78.9010989010989,10,0.5638931393623352,92.61482238769531,0,2
Pressing,intense,7868,6997,603445893,49.159820556640625,-28.413251876831055,817.0475463867188,21.066633224487305,404,77.97029702970298,8,0.5525764226913452,92.67010498046875,1,0
Pressing,mesuré,13294,2790,211620115,49.14299774169922,-28.92603302001953,926.0209350585938,19.53053855895996,424,75.70754716981132,6,0.19610533118247986,91.32637786865234,1,1
Pressing,intense,13294,2790,211620115,48.877349853515625,-28.73562240600586,1195.0552978515625,19.506288528442383,441,78.68480725623583,4,0.22390340268611908,91.20124816894531,0,1
Pressing,mesuré,432,20070,1780414719,49.705020904541016,-28.299795150756836,440.61767578125,19.679771423339844,420,79.76190476190476,21,1.9826045036315918,93.13597106933594,5,2
Pressing,intense,432,20070,1780414719,49.57868576049805,-26.51609992980957,567.0086059570312,18.632768630981445,475,81.26315789473684,24,1.8725056648254395,92.2424087524414,0,2
Pressing,mesuré,2726,145,937223518,49.01352310180664,-28.510534286499023,806.3501586914062,21.50194549560547,360,72.22222222222223,6,0.3530169427394867,92.17723846435547,2,0
Pressing,intense,2726,145,937223518,49.4093017578125,-28.11219596862793,1012.6997680664062,20.584789276123047,382,74.3455497382199,10,1.1175599098205566,92.12187194824219,1,1
Pressing,mesuré,6907,13294,776916771,49.16764831542969,-27.402448654174805,899.5274047851562,20.895715713500977,415,75.18072289156626,12,0.72914057970047,91.37813568115234,1,0
Pressing,intense,6907,13294,776916771,49.218990325927734,-28.93413734436035,1255.4405517578125,19.620464324951172,444,78.82882882882883,6,0.299396812915802,91.05335235595703,0,0
Pressing,mesuré,21846,4411,883719064,49.41609573364258,-25.781404495239258,679.1812133789062,20.109872817993164,521,81.95777351247601,14,0.6944310665130615,91.2760238647461,0,1
Pressing,intense,21846,4411,883719064,48.99325942993164,-27.878890991210938,1029.8956298828125,20.533472061157227,522,77.01149425287356,11,0.6651736497879028,90.89888763427734,4,0
Pressing,mesuré,331,382,1763330361,48.98369598388672,-27.453508377075195,648.5886840820312,20.721078872680664,441,76.64399092970521,6,0.23673532903194427,90.09480285644531,0,2
Pressing,intense,331,382,1763330361,49.15512466430664,-27.222612380981445,813.5484008789062,20.19175148010254,377,76.39257294429709,8,0.6132554411888123,92.54179382324219,0,2
Pressing,mesuré,7911,131,1097703492,49.18157958984375,-27.110450744628906,708.0741577148438,20.834754943847656,387,76.4857881136951,5,0.415708988904953,92.58841705322266,1,4
Pressing,intense,7911,131,1097703492,49.07243728637695,-26.93233871459961,816.9475708007812,21.004901885986328,423,77.06855791962175,6,0.4330441355705261,92.0008316040039,0,3
Pressing,mesuré,266,258,20376260,49.22216796875,-29.03458595275879,524.9188842773438,20.411903381347656,418,74.40191387559808,6,0.608620285987854,92.82530212402344,0,2
Pressing,intense,266,258,20376260,49.03923416137695,-27.73749542236328,802.4511108398438,20.583593368530273,394,75.38071065989848,6,0.4247696101665497,92.1474609375,0,1
Pressing,mesuré,104,111,1400887770,49.56783676147461,-28.163639068603516,672.3828735351562,21.603914260864258,410,79.02439024390245,10,0.5072357654571533,92.25209045410156,1,0
Pressing,intense,104,111,1400887770,49.04029846191406,-27.436981201171875,764.6603393554688,20.64040184020996,404,75,15,1.1769689321517944,92.04469299316406,2,1
Pressing,mesuré,83,87,567345045,49.84687423706055,-26.38844108581543,392.9147644042969,21.109365463256836,377,78.51458885941645,34,1.8541615009307861,93.27874755859375,3,0
Pressing,intense,83,87,567345045,49.46644592285156,-26.33934783935547,597.2012329101562,19.536649703979492,385,80,28,1.764421820640564,93.11434173583984,4,4
Pressing,mesuré,132,3841,490794889,49.5108642578125,-27.414016723632812,592.9022827148438,20.029956817626953,467,79.22912205567452,16,1.719787359237671,91.93876647949219,4,0
Pressing,intense,132,3841,490794889,49.4339599609375,-27.541471481323242,543.6143188476562,19.945295333862305,448,77.23214285714286,14,0.9063291549682617,92.58885192871094,2,2
Pressing,mesuré,21607,3472,380953897,49.39435577392578,-28.625804901123047,798.5520629882812,19.519458770751953,441,75.28344671201815,4,0.09496983140707016,91.76791381835938,0,0
Pressing,intense,21607,3472,380953897,49.271339416503906,-29.506362915039062,1025.2967529296875,19.946928024291992,449,79.28730512249443,5,0.3639732599258423,91.77908325195312,1,1
Pressing,mesuré,3611,3610,1575844887,50.01508331298828,-25.589317321777344,355.8125,19.236865997314453,521,81.95777351247601,28,1.5503367185592651,92.2463150024414,2,0
Pressing,intense,3611,3610,1575844887,49.768524169921875,-26.43254280090332,553.1119995117188,19.50872039794922,486,79.62962962962963,25,2.0421624183654785,92.50506591796875,4,0
Pressing,mesuré,357,364,2013425278,48.02707290649414,-29.791959762573242,1172.160888671875,20.824007034301758,419,74.70167064439141,3,0.06326895207166672,90.9295425415039,0,0
Pressing,intense,357,364,2013425278,48.97395324707031,-29.808433532714844,1059.6883544921875,20.630592346191406,565,80.53097345132744,4,0.21969634294509888,90.9405288696289,0,2
Pressing,mesuré,3735,140,13374071,49.26047897338867,-28.640098571777344,860.9368286132812,20.32879638671875,491,79.22606924643584,9,0.5275355577468872,89.4736328125,3,1
Pressing,intense,3735,140,13374071,48.91206359863281,-28.018678665161133,1008.8007202148438,19.462148666381836,405,78.76543209876543,9,1.0134018659591675,92.00871276855469,1,0
Pressing,mesuré,388,366,352111753,49.168670654296875,-27.59465789794922,880.5320434570312,20.564376831054688,420,76.19047619047619,11,0.7804521918296814,91.42552185058594,0,0
Pressing,intense,388,366,352111753,49.60344314575195,-27.452024459838867,906.3257446289062,20.88595962524414,390,75.38461538461539,16,1.3948975801467896,92.43058776855469,0,0
Pressing,mesuré,175,6851,1049265140,49.37632751464844,-27.338132858276367,653.7874145507812,20.218469619750977,443,77.87810383747178,2,0.125756174325943,91.99656677246094,0,2
Pressing,intense,175,6851,1049265140,49.04057312011719,-26.365694046020508,891.3294067382812,21.232181549072266,438,76.71232876712328,11,0.8087876439094543,91.3943099975586,0,1
Pressing,mesuré,3263,4007,186245157,48.77167510986328,-27.385032653808594,734.9675903320312,21.217710494995117,369,69.64769647696477,18,1.1830283403396606,92.42436981201172,4,1
Pressing,intense,3263,4007,186245157,49.199588775634766,-27.50102424621582,863.3362426757812,21.257043838500977,375,74.93333333333334,13,0.7016372084617615,92.51717376708984,1,0
Pressing,mesuré,3616,441,1120418230,49.172542572021484,-28.745725631713867,1004.6017456054688,19.767791748046875,445,77.52808988764045,3,0.1262046843767166,91.06275939941406,1,1
Pressing,intense,3616,441,1120418230,49.16748046875,-27.99615478515625,1134.3701171875,19.737028121948242,439,78.35990888382688,11,0.8115423917770386,91.23970794677734,3,0
Pressing,mesuré,349,337,85596666,49.218082427978516,-26.2595157623291,737.5669555664062,21.095041275024414,373,75.33512064343164,12,0.38260242342948914,92.002685546875,2,3
Pressing,intense,349,337,85596666,49.30985641479492,-26.002405166625977,795.8527221679688,20.849342346191406,429,76.92307692307692,14,0.6991381049156189,92.08877563476562,1,3
Pressing,mesuré,366,368,1769244548,49.77439498901367,-25.108333587646484,413.8160400390625,20.40614891052246,436,79.35779816513761,18,1.6673024892807007,92.21321105957031,1,0
Pressing,intense,366,368,1769244548,49.65214920043945,-24.853221893310547,590.1029663085938,20.070735931396484,373,76.13941018766756,17,0.8549482822418213,92.55941009521484,1,1
Pressing,mesuré,393,357,1313602615,49.141353607177734,-28.969926834106445,753.6630249023438,20.9782657623291,366,76.22950819672131,12,1.0958728790283203,92.27411651611328,1,0
Pressing,intense,393,357,1313602615,48.75604248046875,-27.066688537597656,986.7061157226562,21.32570457458496,351,73.78917378917379,18,1.4285662174224854,92.24900817871094,1,2
Pressing,mesuré,370,388,1463368591,49.66939163208008,-27.08394432067871,694.9773559570312,21.482683181762695,436,78.6697247706422,12,0.46393996477127075,91.59230041503906,1,0
Pressing,intense,370,388,1463368591,49.33260726928711,-26.07785415649414,660.1858520507812,20.3206729888916,388,79.12371134020619,17,1.0094361305236816,91.31843566894531,5,1
Pressing,mesuré,1538,99,767019185,49.80807113647461,-27.30581283569336,537.6157836914062,20.863636016845703,441,79.13832199546485,7,0.2115533947944641,92.38199615478516,0,0
Pressing,intense,1538,99,767019185,49.49097442626953,-26.39015769958496,637.8912963867188,20.905431747436523,417,73.14148681055156,8,0.2930784523487091,92.54882049560547,0,0
Pressing,mesuré,170,6997,871005224,49.48823165893555,-25.219074249267578,435.017333984375,21.286121368408203,375,74.4,10,0.49590572714805603,93.08126068115234,1,0
Pressing,intense,170,6997,871005224,49.1279411315918,-26.483158111572266,691.0783081054688,20.550138473510742,394,72.58883248730965,18,1.0276834964752197,92.83918762207031,3,1
Pressing,mesuré,152,140,1014651230,49.311134338378906,-27.93540382385254,791.9536743164062,20.184038162231445,474,81.0126582278481,7,0.17368891835212708,91.6546630859375,0,0
Pressing,intense,152,140,1014651230,49.08589553833008,-28.50176239013672,1177.5595703125,20.059307098388672,477,77.35849056603773,10,0.9125491380691528,90.88568878173828,0,0
Pressing,mesuré,172,2697,1250740141,49.28114700317383,-27.131877899169922,643.0900268554688,19.433622360229492,452,78.31858407079646,13,1.5393095016479492,92.2152328491211,2,1
Pressing,intense,172,2697,1250740141,49.13600540161133,-27.0239200592041,827.4450073242188,20.131832122802734,483,80.33126293995859,21,1.5027251243591309,91.64486694335938,0,0
Pressing,mesuré,142,147,2024776132,48.97750473022461,-27.7303409576416,940.3174438476562,20.918048858642578,336,76.48809523809524,16,0.9273563623428345,92.0133056640625,1,2
Pressing,intense,142,147,2024776132,49.1944694519043,-28.842885971069336,968.3106079101562,21.020048141479492,373,71.0455764075067,15,1.0462881326675415,92.12781524658203,1,0
Pressing,mesuré,559,3616,1464793213,49.538185119628906,-27.091482162475586,681.7805786132812,19.849361419677734,421,80.76009501187649,22,1.0348368883132935,92.33211517333984,2,2
Pressing,intense,559,3616,1464793213,49.40205764770508,-27.05889129638672,690.7783813476562,19.500764846801758,442,80.09049773755656,24,1.649530053138733,92.56241607666016,3,0
Pressing,mesuré,306,361,674103857,49.215606689453125,-28.0416316986084,763.0607299804688,21.074289321899414,362,70.44198895027624,17,1.793819546699524,92.07469940185547,2,0
Pressing,intense,306,361,674103857,48.99155044555664,-27.748571395874023,1098.578857421875,20.911340713500977,341,73.02052785923753,19,1.456272006034851,92.00227355957031,3,0
Pressing,mesuré,3822,21581,455992310,49.309288024902344,-28.158329010009766,855.0382690429688,19.95616912841797,462,77.7056277056277,9,0.7258208990097046,91.30266571044922,0,0
Pressing,intense,3822,21581,455992310,49.35000991821289,-26.58060073852539,848.4398803710938,19.05362319946289,430,81.3953488372093,14,0.6641541719436646,91.70795440673828,1,1
Pressing,mesuré,3706,156,411967342,49.54697036743164,-28.624801635742188,566.8086547851562,19.99871253967285,495,80.20202020202021,20,0.9393002390861511,92.10687255859375,2,1
Pressing,intense,3706,156,411967342,49.61103439331055,-26.853422164916992,582.8047485351562,19.580896377563477,500,81,23,1.6936817169189453,92.26589965820312,3,1
Pressing,mesuré,363,373,1100352984,50.33975601196289,-24.7625675201416,443.3178405761719,21.305383682250977,372,72.31182795698925,12,0.8459720015525818,93.48429107666016,4,1
Pressing,intense,363,373,1100352984,50.3163948059082,-24.91241455078125,529.9176635742188,20.72711181640625,390,75.38461538461539,15,1.8801703453063965,91.39046478271484,4,1
Pressing,mesuré,2925,17530,1241640015,49.47750473022461,-28.057931900024414,726.4696655273438,20.271142959594727,444,79.72972972972973,9,0.4757676422595978,91.97150421142578,3,0
Pressing,intense,2925,17530,1241640015,49.732872009277344,-27.353384017944336,841.0416870117188,19.527801513671875,453,83.6644591611479,22,1.5711032152175903,90.13624572753906,2,0
Pressing,mesuré,436,995,330066000,49.654903411865234,-25.69166374206543,508.1217956542969,20.937725067138672,348,76.14942528735632,33,1.9905437231063843,92.95565795898438,6,0
Pressing,intense,436,995,330066000,50.0562744140625,-22.54363250732422,333.7111511230469,21.434709548950195,373,74.53083109919571,27,2.4503400325775146,93.94064331054688,6,4
Pressing,mesuré,368,388,950415411,49.65376663208008,-25.974750518798828,458.5187683105469,21.086322784423828,358,74.30167597765363,23,0.983796238899231,93.18872833251953,0,1
Pressing,intense,368,388,950415411,49.06181335449219,-27.10480308532715,661.7854614257812,20.88739585876465,450,75.11111111111111,11,1.4942039251327515,92.13802337646484,3,0
Pressing,mesuré,145,147,1914605551,49.102928161621094,-29.56717300415039,921.0221557617188,21.33677101135254,365,74.24657534246575,8,0.4860062003135681,91.87580871582031,0,0
Pressing,intense,145,147,1914605551,48.69511413574219,-28.03862953186035,922.1218872070312,19.904943466186523,342,73.39181286549707,10,0.5100212693214417,92.83910369873047,0,1
Pressing,mesuré,176,174,1842724251,49.86226272583008,-26.14431381225586,482.1202087402344,21.242942810058594,406,75.61576354679804,12,0.4713832139968872,91.95660400390625,1,2
Pressing,intense,176,174,1842724251,49.905113220214844,-24.414316177368164,535.6162719726562,20.910619735717773,392,73.46938775510205,19,0.677768349647522,92.63102722167969,1,1
Pressing,mesuré,239,4007,625984714,49.28050994873047,-27.056177139282227,575.2066040039062,21.484628677368164,399,78.44611528822055,20,1.6084259748458862,92.35962677001953,2,3
Pressing,intense,239,4007,625984714,48.570255279541016,-28.951047897338867,1146.76708984375,21.605792999267578,383,73.62924281984334,19,1.4243054389953613,91.47604370117188,3,2
Pressing,mesuré,258,264,1637070181,49.84321594238281,-26.889564514160156,398.81512451171875,21.150283813476562,424,75.23584905660377,9,0.5256752371788025,93.18653869628906,2,0
Pressing,intense,258,264,1637070181,49.68376159667969,-25.795494079589844,495.821044921875,21.023481369018555,408,74.01960784313725,14,1.896464467048645,93.1029281616211,1,1
Pressing,mesuré,4405,13294,1060016884,49.03350830078125,-28.662372589111328,820.9465942382812,19.45134735107422,471,79.40552016985139,5,0.24027323722839355,91.38360595703125,0,1
Pressing,intense,4405,13294,1060016884,48.97290802001953,-28.88221549987793,1060.6881103515625,19.714622497558594,483,76.60455486542443,5,0.2776557207107544,91.18985748291016,0,0
Pressing,mesuré,134,2950,57829408,48.359127044677734,-29.052371978759766,813.1484985351562,21.223276138305664,398,76.63316582914572,14,0.922243595123291,92.08795166015625,3,1
Pressing,intense,134,2950,57829408,49.50990295410156,-25.929189682006836,959.2128295898438,21.060482025146484,341,75.366568914956,11,0.9036250114440918,92.35197448730469,2,3
Pressing,mesuré,373,384,506153595,49.00642776489258,-28.498794555664062,783.6557006835938,20.900026321411133,432,75,16,1.4351073503494263,91.85894775390625,0,0
Pressing,intense,373,384,506153595,49.2773551940918,-28.352397918701172,916.4232788085938,20.52342414855957,420,77.14285714285714,14,0.4399716854095459,92.18059539794922,0,3
Pressing,mesuré,90,1538,1336815701,48.77838134765625,-25.626243591308594,717.2719116210938,21.278366088867188,392,77.55102040816327,29,1.7225134372711182,91.25728607177734,0,1
Pressing,intense,90,1538,1336815701,49.243648529052734,-26.95417594909668,972.6095581054688,21.4063777923584,378,74.07407407407408,27,1.7195713520050049,91.4872055053711,1,0
Pressing,mesuré,7640,11551,580634010,49.344573974609375,-27.09998893737793,840.6417846679688,20.299034118652344,507,81.06508875739645,15,1.584068775177002,91.2251968383789,1,0
Pressing,intense,7640,11551,580634010,49.283451080322266,-26.644472122192383,819.3469848632812,19.962268829345703,403,77.91563275434243,11,1.494413137435913,92.5581283569336,3,0
Pressing,mesuré,172,174,810178100,49.481929779052734,-27.02496337890625,422.216552734375,20.42272186279297,455,75.16483516483517,14,0.9002608060836792,92.52799224853516,2,1
Pressing,intense,172,174,810178100,49.447017669677734,-27.303184509277344,686.7793579101562,20.572433471679688,394,75.1269035532995,13,1.1214909553527832,92.26356506347656,3,2
Pressing,mesuré,4691,22269,1189255965,49.60786056518555,-26.197750091552734,612.6974487304688,20.833621978759766,378,75.92592592592592,10,0.49254509806632996,91.98872375488281,0,1
Pressing,intense,4691,22269,1189255965,49.137203216552734,-26.289600372314453,754.9627075195312,20.91229248046875,347,70.89337175792507,6,0.45160335302352905,92.35982513427734,0,3
Pressing,mesuré,99,2922,1358150438,49.26580047607422,-27.85141944885254,973.1094360351562,20.739778518676758,450,78.66666666666667,11,0.9798308610916138,91.22899627685547,1,2
Pressing,intense,99,2922,1358150438,49.15107345581055,-28.507593154907227,972.0097045898438,19.965917587280273,402,76.3681592039801,9,0.7173736095428467,91.9738998413086,1,1
Pressing,mesuré,111,113,884255354,49.46867752075195,-26.380126953125,503.3215026855469,21.511154174804688,360,71.11111111111111,32,2.5718252658843994,93.36395263671875,4,0
Pressing,intense,111,113,884255354,49.29038619995117,-25.461938858032227,553.9118041992188,21.652040481567383,383,74.67362924281984,31,2.160085916519165,93.25068664550781,6,0
Pressing,mesuré,133,268,612132171,49.77259826660156,-25.766738891601562,579.4055786132812,20.872568130493164,351,72.64957264957265,7,0.20242050290107727,91.0113525390625,0,3
Pressing,intense,133,268,612132171,49.63764572143555,-26.633060455322266,599.2007446289062,20.680341720581055,407,78.37837837837837,12,0.42874354124069214,92.77073669433594,1,0
Pressing,mesuré,267,263,322750925,49.50178909301758,-27.784143447875977,938.8178100585938,19.820575714111328,459,80.3921568627451,5,0.8603901267051697,91.3468017578125,1,2
Pressing,intense,267,263,322750925,49.328125,-26.997236251831055,1048.591064453125,19.871562957763672,421,80.28503562945369,5,0.4069838225841522,91.83236694335938,0,1
Pressing,mesuré,22269,5786,2139222572,49.241790771484375,-28.1347599029541,657.3865356445312,20.23746109008789,467,79.65738758029978,10,0.5737130641937256,92.23828887939453,0,1
Pressing,intense,22269,5786,2139222572,49.057376861572266,-28.403522491455078,837.0426635742188,20.25629997253418,407,79.36117936117937,12,1.284005880355835,92.5337905883789,1,1
Pressing,mesuré,170,174,466818611,49.65641403198242,-26.162694931030273,476.41986083984375,20.307403564453125,443,80.58690744920993,16,0.6034260988235474,92.7769546508789,0,0
Pressing,intense,170,174,466818611,49.22277069091797,-27.64248275756836,611.1978149414062,20.35101890563965,403,78.90818858560795,11,0.8591753244400024,93.04674530029297,2,3
Pressing,mesuré,384,367,2006222649,49.76164245605469,-25.112613677978516,477.9199523925781,21.21275520324707,398,78.39195979899498,20,1.0247870683670044,92.6340103149414,4,2
Pressing,intense,384,367,2006222649,49.63840103149414,-26.338748931884766,707.0744018554688,21.71043586730957,382,76.70157068062828,15,1.445851445198059,92.34304809570312,3,3
Pressing,mesuré,85,1538,1581366703,49.205055236816406,-26.52834701538086,515.9210815429688,21.07738494873047,379,73.87862796833772,17,0.967436671257019,93.34063720703125,0,1
Pressing,intense,85,1538,1581366703,48.76893615722656,-27.746570587158203,846.5403442382812,21.34238052368164,395,73.41772151898734,14,1.5199278593063354,92.27921295166016,3,4
Pressing,mesuré,89,93,1024494580,49.39130783081055,-26.787551879882812,612.3975219726562,20.729633331298828,390,74.87179487179488,7,0.3144283890724182,92.253173828125,1,3
Pressing,intense,89,93,1024494580,49.20118713378906,-26.02704620361328,786.0551147460938,21.110803604125977,409,77.99511002444987,9,1.255747675895691,90.63688659667969,2,3
Pressing,mesuré,3611,7879,1465685371,49.721900939941406,-26.246047973632812,417.61627197265625,20.758895874023438,511,81.2133072407045,25,2.539132595062256,92.06822204589844,1,1
Pressing,intense,3611,7879,1465685371,49.51113510131836,-24.60674476623535,634.6920776367188,20.289932250976562,420,78.57142857142857,16,0.8095691204071045,92.2887191772461,0,2
Pressing,mesuré,1382,2790,1615964618,49.32786560058594,-28.02468490600586,847.7400512695312,19.791793823242188,462,76.62337662337663,4,0.3149803876876831,91.66682434082031,0,1
Pressing,intense,1382,2790,1615964618,49.154457092285156,-29.03066635131836,1110.176025390625,20.231842041015625,452,76.32743362831859,5,0.5556352734565735,89.85836791992188,1,1
Pressing,mesuré,85,244,1139745998,49.397579193115234,-28.180639266967773,810.4491577148438,21.551685333251953,347,70.31700288184437,14,0.9254112839698792,92.47055053710938,1,2
Pressing,intense,85,244,1139745998,48.76801300048828,-27.138410568237305,973.3093872070312,21.4868106842041,372,72.04301075268818,25,2.4301822185516357,92.78496551513672,2,0
Pressing,mesuré,263,250,2087460833,50.02799987792969,-26.12464141845703,369.5133361816406,21.225542068481445,425,75.05882352941177,13,0.987634003162384,93.15748596191406,2,0
Pressing,intense,263,250,2087460833,49.96974563598633,-26.389799118041992,530.7174682617188,20.851327896118164,473,76.10993657505286,11,0.859275221824646,92.63191223144531,1,1
Pressing,mesuré,3472,3696,336812851,48.91790771484375,-29.23931312561035,859.4371948242188,19.63932991027832,435,78.62068965517241,6,0.3881652057170868,91.9633560180664,1,0
Pressing,intense,3472,3696,336812851,49.026302337646484,-30.332542419433594,1049.8907470703125,19.513032913208008,457,78.11816192560175,6,0.8342969417572021,91.47311401367188,1,0
Pressing,mesuré,13294,21540,487868817,49.13454818725586,-26.95745277404785,859.2372436523438,20.12842559814453,471,77.49469214437367,8,0.45328643918037415,91.3234634399414,2,0
Pressing,intense,13294,21540,487868817,49.31365203857422,-26.368362426757812,750.3638305664062,20.06645393371582,520,79.8076923076923,11,1.2717465162277222,91.70295715332031,0,0
Pressing,mesuré,570,936,308785032,49.268402099609375,-27.48091697692871,637.5913696289062,19.329755783081055,401,78.30423940149626,15,0.7444946765899658,92.29136657714844,0,0
Pressing,intense,570,936,308785032,49.45453643798828,-28.060453414916992,824.3457641601562,18.616323471069336,411,81.75182481751825,21,1.1963354349136353,92.27593231201172,0,0
Pressing,mesuré,243,94,1913070780,49.33914566040039,-28.123035430908203,800.6515502929688,19.63435173034668,452,81.19469026548673,8,0.5860299468040466,91.76860809326172,1,2
Pressing,intense,243,94,1913070780,49.124237060546875,-28.999311447143555,869.4347534179688,19.788545608520508,376,78.19148936170212,11,0.8273256421089172,92.76899719238281,3,2
Pressing,mesuré,382,357,1412098517,49.183006286621094,-27.584630966186523,595.2017211914062,21.120437622070312,405,76.54320987654322,21,1.8193366527557373,92.33199310302734,3,1
Pressing,intense,382,357,1412098517,49.46872329711914,-26.786636352539062,633.6923217773438,21.274301528930664,422,76.54028436018957,26,2.145493507385254,92.33891296386719,4,2
Pressing,mesuré,21581,437,2133107748,49.44114685058594,-25.21653938293457,561.0100708007812,20.563020706176758,384,78.38541666666667,7,0.3422906696796417,92.47926330566406,0,1
Pressing,intense,21581,437,2133107748,48.95372009277344,-29.226173400878906,981.2074584960938,20.586029052734375,368,74.18478260869566,2,0.03275785967707634,91.91943359375,0,1
Pressing,mesuré,257,262,1110783560,49.36252212524414,-28.14647674560547,920.8222045898438,20.03459930419922,409,77.50611246943765,10,0.5631800889968872,91.51760864257812,2,0
Pressing,intense,257,262,1110783560,49.162208557128906,-27.823505401611328,865.9356079101562,20.240734100341797,379,79.41952506596306,17,1.3971999883651733,92.27686309814453,4,1
Pressing,mesuré,3759,6907,1682151650,48.91175842285156,-26.917184829711914,614.8969116210938,21.052091598510742,422,74.88151658767772,6,0.25101161003112793,91.75637817382812,0,1
Pressing,intense,3759,6907,1682151650,49.03003692626953,-26.820363998413086,671.6830444335938,20.657976150512695,455,74.50549450549451,8,0.5668104290962219,92.02979278564453,1,1
Pressing,mesuré,21607,5309,302470383,49.40066909790039,-27.975866317749023,963.4118041992188,20.25759506225586,467,79.01498929336188,4,0.0929832011461258,89.14613342285156,0,0
Pressing,intense,21607,5309,302470383,49.34803771972656,-26.076295852661133,796.7525024414062,20.128305435180664,510,76.47058823529412,12,0.7612066864967346,91.47442626953125,0,0
Pressing,mesuré,2572,112,1664014101,49.90223693847656,-27.084047317504883,652.5877075195312,20.790937423706055,390,78.97435897435898,12,0.6213110089302063,92.34632110595703,2,2
Pressing,intense,2572,112,1664014101,49.14356231689453,-26.058443069458008,741.4660034179688,20.528125762939453,423,76.8321513002364,12,0.6322553753852844,92.08309936523438,4,1
Pressing,mesuré,118,2925,364679294,49.50398254394531,-29.60306167602539,929.3201293945312,20.12085723876953,439,79.95444191343964,4,0.8291972279548645,91.6076889038086,0,0
Pressing,intense,118,2925,364679294,49.100582122802734,-27.273706436157227,859.8370971679688,19.8920955657959,439,77.90432801822324,13,0.9280275106430054,91.83296966552734,1,2
Pressing,mesuré,87,1538,420943911,48.65859603881836,-28.42850685119629,868.1350708007812,21.084577560424805,387,73.64341085271317,14,1.160449504852295,91.48098754882812,3,1
Pressing,intense,87,1538,420943911,49.09671401977539,-26.775930404663086,979.5078735351562,20.85918426513672,399,75.68922305764411,16,1.850860834121704,91.69673156738281,2,1
Pressing,mesuré,559,936,330630444,49.71017074584961,-28.594255447387695,771.3587036132812,19.499967575073242,407,79.11547911547912,16,1.1190135478973389,92.09358215332031,1,0
Pressing,intense,559,936,330630444,49.43318176269531,-27.96841812133789,936.7183227539062,20.429780960083008,393,76.84478371501272,30,1.8833532333374023,91.84848022460938,1,1
Pressing,mesuré,2250,3696,1887936958,49.629764556884766,-28.3761043548584,744.1653442382812,20.27790641784668,332,75.60240963855422,31,1.5280036926269531,92.47972869873047,2,0
Pressing,intense,2250,3696,1887936958,49.37226867675781,-27.529550552368164,784.9553833007812,20.237077713012695,328,75.91463414634147,28,1.456161618232727,92.81404113769531,1,1
Pressing,mesuré,2950,125,1145763051,49.60029983520508,-25.245479583740234,604.9993286132812,21.229164123535156,399,77.19298245614036,10,0.3371460735797882,92.06314086914062,0,1
Pressing,intense,2950,125,1145763051,49.206295013427734,-26.818111419677734,852.4389038085938,22.00538444519043,430,76.51162790697674,11,0.47031858563423157,91.86030578613281,1,0
Pressing,mesuré,9078,6870,922252038,49.420719146728516,-27.748342514038086,627.3938598632812,20.044965744018555,453,78.1456953642384,17,1.445736050605774,91.95252990722656,2,0
Pressing,intense,9078,6870,922252038,49.4742431640625,-26.789878845214844,555.4114379882812,20.714719772338867,388,75.51546391752578,26,2.498538017272949,92.99420166015625,6,2
Pressing,mesuré,359,357,1411799261,49.38935470581055,-26.445772171020508,397.5150451660156,21.631017684936523,445,76.62921348314607,23,2.3277502059936523,93.16262817382812,7,2
Pressing,intense,359,357,1411799261,48.694610595703125,-28.071598052978516,539.7152709960938,20.449554443359375,391,72.1227621483376,14,1.3272260427474976,93.46063995361328,2,1
Pressing,mesuré,147,156,1700574325,49.73726272583008,-27.469173431396484,528.1181030273438,18.8953857421875,501,78.84231536926147,10,0.867717981338501,92.31564331054688,1,1
Pressing,intense,147,156,1700574325,49.546958923339844,-27.48693084716797,679.7810668945312,19.729610443115234,538,79.182156133829,16,1.5407100915908813,91.80897521972656,1,0
Pressing,mesuré,3997,113,51613704,49.31180953979492,-27.60848617553711,699.0763549804688,20.613130569458008,402,73.6318407960199,8,0.25180691480636597,92.35421752929688,3,0
Pressing,intense,3997,113,51613704,48.9930534362793,-27.16038703918457,968.9104614257812,21.422441482543945,393,75.06361323155217,18,2.1117005348205566,91.91960906982422,2,0
Pressing,mesuré,103,4057,702879240,50.177207946777344,-26.125640869140625,404.5154724121094,21.43222427368164,390,75.8974358974359,23,1.5337022542953491,92.96881103515625,3,0
Pressing,intense,103,4057,702879240,50.1641845703125,-23.287986755371094,321.0103759765625,20.436376571655273,426,74.4131455399061,23,1.9594820737838745,93.23017883300781,0,1
Pressing,mesuré,170,174,1435546856,49.35244369506836,-26.681753158569336,538.2156372070312,20.598344802856445,447,76.95749440715883,7,0.32000476121902466,91.97444915771484,1,2
Pressing,intense,170,174,1435546856,49.12677764892578,-26.243915557861328,725.3699340820312,20.945878982543945,379,74.93403693931398,12,0.5647050738334656,92.59071350097656,1,2
Pressing,mesuré,137,10388,1495203957,49.72800827026367,-26.128488540649414,414.41607666015625,20.797122955322266,405,70.8641975308642,8,0.3192967176437378,92.73715209960938,1,1
Pressing,intense,137,10388,1495203957,49.924503326416016,-26.16781234741211,569.5079956054688,20.871877670288086,466,77.25321888412017,14,1.3424172401428223,92.57201385498047,2,2
Pressing,mesuré,156,151,323811002,49.81884765625,-25.637039184570312,449.9182434082031,20.78394317626953,383,73.36814621409921,17,0.8466100096702576,92.5381851196289,1,0
Pressing,intense,156,151,323811002,49.2397575378418,-25.680355072021484,731.2684936523438,19.900367736816406,376,68.61702127659575,11,0.5941777229309082,92.18351745605469,0,1
Pressing,mesuré,118,3997,1667359241,49.89646530151367,-26.499038696289062,487.820556640625,21.073183059692383,394,78.93401015228426,19,1.3315021991729736,92.75575256347656,2,0
Pressing,intense,118,3997,1667359241,49.42117691040039,-26.410436630249023,822.0463256835938,21.360336303710938,408,76.96078431372548,21,1.2351711988449097,91.90966796875,1,0
Pressing,mesuré,995,7656,765467029,49.07727813720703,-27.82835578918457,656.7866821289062,21.01003074645996,399,73.6842105263158,17,0.8392465114593506,91.83076477050781,2,0
Pressing,intense,995,7656,765467029,48.84425735473633,-27.832029342651367,748.5642700195312,21.569400787353516,353,72.23796033994334,19,1.2654082775115967,92.6301498413086,1,0
Pressing,mesuré,3699,21610,972949956,49.30087661743164,-26.90951156616211,740.2662963867188,20.212493896484375,457,76.58643326039387,12,0.737236499786377,91.64093780517578,2,1
Pressing,intense,3699,21610,972949956,49.601966857910156,-27.87918472290039,1171.6610107421875,19.811786651611328,490,80.61224489795919,5,0.3727149963378906,90.98645782470703,0,0
Pressing,mesuré,87,89,497728889,49.644737243652344,-26.362668991088867,634.5921020507812,20.677255630493164,453,76.82119205298014,3,0.0716305747628212,91.66837310791016,1,2
Pressing,intense,87,89,497728889,48.54356384277344,-27.084577560424805,1194.0555419921875,21.30243682861328,371,74.12398921832884,10,0.5787541270256042,91.16423034667969,0,2
Pressing,mesuré,151,152,2045654981,49.24279022216797,-27.769336700439453,610.7979125976562,19.62312889099121,456,79.82456140350877,6,0.3916368782520294,92.23050689697266,1,0
Pressing,intense,151,152,2045654981,49.43995666503906,-26.78180694580078,648.9885864257812,19.744705200195312,525,77.14285714285714,6,0.17225158214569092,91.63349151611328,0,2
Pressing,mesuré,363,366,554673974,49.4171028137207,-27.581378936767578,655.0870971679688,20.619966506958008,480,77.70833333333333,18,1.0060540437698364,91.78941345214844,2,0
Pressing,intense,363,366,554673974,49.47429275512695,-27.10511589050293,562.9096069335938,19.906282424926758,431,80.51044083526682,15,1.0752427577972412,92.45775604248047,1,0
Pressing,mesuré,104,3997,1784849258,49.624610900878906,-27.066162109375,450.9183044433594,21.353500366210938,384,79.6875,26,1.6749436855316162,91.21768951416016,3,3
Pressing,intense,104,3997,1784849258,49.68836975097656,-25.32612419128418,510.9219665527344,21.575437545776367,391,72.1227621483376,28,3.1117916107177734,93.09205627441406,1,1
Pressing,mesuré,393,384,1950149415,49.005252838134766,-28.843191146850586,906.2257690429688,20.52956199645996,414,75.3623188405797,4,0.1770363450050354,91.8865966796875,0,0
Pressing,intense,393,384,1950149415,49.3004264831543,-27.780641555786133,795.9526977539062,19.99064064025879,419,77.56563245823389,22,1.7604230642318726,92.3680648803711,2,0
Pressing,mesuré,789,19267,1551413899,49.565704345703125,-28.3200740814209,429.61700439453125,19.71018409729004,494,77.7327935222672,18,1.0313701629638672,92.36133575439453,1,1
Pressing,intense,789,19267,1551413899,49.03086471557617,-27.464879989624023,480.82012939453125,19.96171760559082,351,71.7948717948718,21,1.4943666458129883,93.23065185546875,1,1
Pressing,mesuré,85,102,1083776645,48.72678756713867,-27.89250946044922,932.7192993164062,21.306072235107422,397,71.28463476070529,15,0.8509303331375122,91.3215103149414,0,1
Pressing,intense,85,102,1083776645,48.88706588745117,-26.72321319580078,773.6581420898438,20.711631774902344,359,71.3091922005571,18,1.1248201131820679,92.99742889404297,0,3
Pressing,mesuré,6870,432,1803412708,48.04683303833008,-28.519718170166016,883.4313354492188,21.151796340942383,373,69.43699731903486,6,0.3591836392879486,91.59762573242188,1,5
Pressing,intense,6870,432,1803412708,48.28271484375,-28.669281005859375,1137.4693603515625,20.338632583618164,345,71.01449275362319,5,0.5555956363677979,91.88641357421875,1,4
Pressing,mesuré,94,87,1603673735,49.51589584350586,-27.997175216674805,795.0529174804688,19.81709861755371,525,83.61904761904762,10,0.7664735913276672,91.48665618896484,1,1
Pressing,intense,94,87,1603673735,49.26779556274414,-29.074373245239258,1109.0762939453125,19.335763931274414,428,80.37383177570094,8,0.34678229689598083,91.26560974121094,0,0
Pressing,mesuré,258,266,1241796862,49.571327209472656,-25.68303871154785,556.4111938476562,20.415842056274414,406,77.0935960591133,11,0.6696694493293762,92.47343444824219,0,2
Pressing,intense,258,266,1241796862,49.26103973388672,-26.23426055908203,731.7683715820312,21.23514747619629,389,77.6349614395887,12,0.7576494812965393,92.58863067626953,1,1
Pressing,mesuré,113,3997,169762054,49.52471160888672,-26.911331176757812,624.2946166992188,20.23613739013672,408,75,14,0.8972711563110352,92.39240264892578,1,0
Pressing,intense,113,3997,169762054,49.04518508911133,-26.27671241760254,727.3694458007812,20.88092613220215,406,76.84729064039409,17,0.6845623850822449,92.0911636352539,0,1
Pressing,mesuré,3024,989,1153742415,49.55657196044922,-26.584741592407227,463.01904296875,19.390541076660156,521,82.14971209213051,16,1.0685545206069946,92.55888366699219,2,0
Pressing,intense,3024,989,1153742415,49.213233947753906,-26.995691299438477,652.5877075195312,19.32504653930664,485,78.96907216494846,8,0.44111907482147217,90.8189697265625,0,1
Pressing,mesuré,359,368,1656874616,49.890316009521484,-25.94522476196289,394.5148620605469,20.34054183959961,404,75.24752475247524,15,1.0180374383926392,93.03792572021484,0,1
Pressing,intense,359,368,1656874616,49.72398376464844,-25.13468360900879,396.01495361328125,20.718130111694336,432,78.93518518518519,26,2.4247426986694336,93.1008529663086,5,1
Pressing,mesuré,3735,139,1891547481,49.26799392700195,-28.056533813476562,954.8139038085938,19.772253036499023,412,77.42718446601941,2,0.23649582266807556,91.37127685546875,0,1
Pressing,intense,3735,139,1891547481,49.23099899291992,-28.139223098754883,1247.4425048828125,20.330078125,440,76.36363636363636,10,1.5231775045394897,90.95536041259766,1,1
Pressing,mesuré,4007,109,266353912,49.37311935424805,-28.287038803100586,654.9871215820312,20.82341194152832,382,74.08376963350786,6,0.1870705485343933,92.48612213134766,0,0
Pressing,intense,4007,109,266353912,49.08370590209961,-28.47594451904297,749.5640258789062,21.321624755859375,382,74.60732984293193,6,0.4887259006500244,93.0613784790039,2,0
Pressing,mesuré,122,268,941325862,49.77198791503906,-24.752763748168945,442.7178039550781,20.974834442138672,385,77.14285714285714,11,0.48616698384284973,92.55033111572266,0,2
Pressing,intense,122,268,941325862,49.50907516479492,-27.499767303466797,561.7098999023438,20.389503479003906,383,75.97911227154047,11,0.6748747825622559,92.81925201416016,2,2
Pressing,mesuré,264,256,2070153691,48.87173843383789,-28.500452041625977,793.5532836914062,20.47432518005371,391,72.63427109974424,3,0.1643548607826233,91.93586730957031,1,1
Pressing,intense,264,256,2070153691,49.15187454223633,-26.426366806030273,763.6605834960938,20.503665924072266,358,70.94972067039106,6,0.1998179405927658,92.82273864746094,0,1
Pressing,mesuré,12698,3472,1368079903,49.580509185791016,-29.0086727142334,731.4684448242188,20.062744140625,409,77.26161369193154,18,1.1450726985931396,91.76241302490234,2,0
Pressing,intense,12698,3472,1368079903,49.574913024902344,-27.446287155151367,717.5718383789062,20.359800338745117,394,78.93401015228426,19,1.3852390050888062,92.26377868652344,4,1
Pressing,mesuré,13294,1382,1589609104,49.291690826416016,-28.8602294921875,919.2225952148438,19.877460479736328,474,76.37130801687763,6,0.9289811253547668,91.58089447021484,1,0
Pressing,intense,13294,1382,1589609104,48.99755859375,-28.822383880615234,989.6054077148438,19.648664474487305,446,74.66367713004485,2,0.04026908427476883,91.71483612060547,1,1
Pressing,mesuré,107,110,1437692358,49.19485092163086,-29.398605346679688,843.4411010742188,20.248430252075195,399,76.19047619047619,3,0.12594690918922424,92.2742691040039,1,2
Pressing,intense,107,110,1437692358,48.7917366027832,-28.938495635986328,1075.384521484375,20.093706130981445,359,78.83008356545962,14,0.910686731338501,91.9962158203125,1,2
Pressing,mesuré,83,90,493710084,49.66999435424805,-26.217647552490234,395.7149353027344,20.584300994873047,330,75.15151515151516,27,1.6566320657730103,92.28451538085938,4,0
Pressing,intense,83,90,493710084,49.885589599609375,-25.88532829284668,483.9203186035156,21.28272819519043,374,68.98395721925134,23,1.4564495086669922,91.6924057006836,2,0
Pressing,mesuré,145,156,2091300775,49.37883758544922,-28.084136962890625,861.1367797851562,19.344404220581055,501,79.44111776447106,15,0.6597388982772827,91.52539825439453,0,2
Pressing,intense,145,156,2091300775,49.25162124633789,-27.613996505737305,951.7146606445312,19.12739372253418,389,80.97686375321337,15,1.2555893659591675,92.19515991210938,1,3
Pressing,mesuré,22269,5579,601508701,49.79694366455078,-26.397165298461914,549.4129028320312,20.815696716308594,505,79.00990099009901,11,0.9197129607200623,92.02189636230469,2,1
Pressing,intense,22269,5579,601508701,49.24397277832031,-25.863849639892578,541.0149536132812,21.55229949951172,393,75.31806615776081,13,1.658632755279541,93.05274963378906,2,1
Pressing,mesuré,137,3307,102919363,49.08229446411133,-28.037370681762695,674.6823120117188,21.62662696838379,438,78.31050228310502,18,0.990004301071167,89.98564910888672,1,1
Pressing,intense,137,3307,102919363,49.15678405761719,-29.78569984436035,1157.2645263671875,21.78959083557129,349,73.92550143266476,22,3.337526559829712,91.8817138671875,4,0
Pressing,mesuré,13294,21846,1530898879,49.360591888427734,-26.953411102294922,713.8727416992188,21.234920501708984,373,72.38605898123325,9,0.3392084836959839,92.10028076171875,1,2
Pressing,intense,13294,21846,1530898879,49.165225982666016,-25.43897819519043,822.2462768554688,20.834760665893555,347,68.01152737752162,14,1.062827229499817,92.10736083984375,1,2
Pressing,mesuré,12216,15784,1562387529,48.83888244628906,-29.220535278320312,987.8058471679688,20.74599838256836,423,73.5224586288416,4,0.3110292851924896,89.61045837402344,0,0
Pressing,intense,12216,15784,1562387529,48.87032699584961,-27.90859031677246,1112.4754638671875,20.82808494567871,370,74.5945945945946,9,0.6768621206283569,92.43250274658203,0,1
Pressing,mesuré,3735,156,738370743,49.50870895385742,-26.549190521240234,603.3997192382812,20.470327377319336,517,79.69052224371373,10,0.40845298767089844,91.63619232177734,0,0
Pressing,intense,3735,156,738370743,49.13742446899414,-27.41471290588379,854.0385131835938,20.349225997924805,398,73.36683417085428,15,1.523766279220581,92.4250717163086,3,2
Pressing,mesuré,268,598,1471885787,49.585426330566406,-29.132509231567383,919.1226196289062,19.990507125854492,480,80.83333333333333,7,0.6465678215026855,91.73294830322266,0,0
Pressing,intense,268,598,1471885787,49.136234283447266,-29.41635513305664,942.8168334960938,20.07589340209961,453,79.02869757174393,10,0.8509157299995422,91.96129608154297,2,0
Pressing,mesuré,3472,3696,835890524,49.41779327392578,-28.42511558532715,874.4335327148438,19.26521110534668,488,79.91803278688525,7,0.347200870513916,91.34370422363281,0,1
Pressing,intense,3472,3696,835890524,48.41429901123047,-29.475177764892578,978.4081420898438,19.700469970703125,405,72.09876543209876,8,1.25890052318573,91.88787841796875,1,0
Pressing,mesuré,114,112,1527410391,49.69146728515625,-26.11756134033203,410.41583251953125,20.99303436279297,438,75.79908675799086,16,1.2134007215499878,92.50762939453125,2,0
Pressing,intense,114,112,1527410391,49.59999084472656,-27.1097412109375,486.3204650878906,21.349937438964844,438,77.1689497716895,25,1.3864270448684692,92.29249572753906,2,0
Pressing,mesuré,132335,7914,2023402780,50.027217864990234,-26.701129913330078,528.0181274414062,20.207277297973633,491,80.44806517311609,10,0.4585181474685669,92.78843688964844,1,0
Pressing,intense,132335,7914,2023402780,49.456626892089844,-28.00661277770996,793.9531860351562,20.155900955200195,460,78.26086956521739,5,0.24898822605609894,92.15914916992188,0,1
Pressing,mesuré,362,306,32264918,50.07008743286133,-23.095319747924805,236.4052276611328,21.10133934020996,443,75.16930022573364,26,1.5201109647750854,93.24036407470703,0,0
Pressing,intense,362,306,32264918,49.53788757324219,-26.925704956054688,626.5940551757812,21.139171600341797,364,77.47252747252747,26,1.6060580015182495,93.23702239990234,1,0
Pressing,mesuré,3696,3699,860321550,49.456878662109375,-26.15724754333496,584.7042846679688,20.988636016845703,416,75.24038461538461,10,0.5342867970466614,92.13165283203125,1,0
Pressing,intense,3696,3699,860321550,49.397464752197266,-25.835002899169922,718.3716430664062,21.08104705810547,436,74.77064220183486,14,0.8178771734237671,92.01201629638672,1,1
Pressing,mesuré,357,306,1478641587,49.840179443359375,-26.233760833740234,361.1128234863281,21.04096794128418,394,69.79695431472081,14,1.480507254600525,93.3669662475586,1,1
Pressing,intense,357,306,1478641587,49.888511657714844,-25.55999755859375,488.82061767578125,20.43604278564453,421,75.77197149643706,24,1.5840332508087158,93.46297454833984,4,3
Pressing,mesuré,382,370,604641600,49.703792572021484,-27.841888427734375,681.4806518554688,19.35918617248535,482,82.15767634854772,13,0.6896408200263977,92.04739379882812,0,1
Pressing,intense,382,370,604641600,49.305328369140625,-28.484142303466797,684.9797973632812,20.088899612426758,397,83.87909319899245,29,1.284289836883545,92.5362548828125,2,1
Pressing,mesuré,1382,3759,2002925567,49.487613677978516,-29.25020980834961,824.5457153320312,19.118545532226562,479,78.49686847599165,1,0.05063597857952118,91.57492065429688,0,0
Pressing,intense,1382,3759,2002925567,48.40948486328125,-29.0638484954834,1485.284423828125,20.2187442779541,390,75.38461538461539,3,0.25570935010910034,90.6043472290039,0,0
Pressing,mesuré,519,21540,28316747,49.723445892333984,-26.634540557861328,775.9575805664062,20.547855377197266,499,77.75551102204409,7,0.5508784055709839,91.55587005615234,1,0
Pressing,intense,519,21540,28316747,49.53444290161133,-27.100439071655273,932.3193969726562,19.792007446289062,537,80.63314711359403,7,0.2375049591064453,91.25611114501953,1,0
Pressing,mesuré,7868,6851,1017265311,49.49746322631836,-26.80988883972168,724.4701538085938,20.247894287109375,405,77.28395061728395,8,0.43165501952171326,92.65567016601562,1,2
Pressing,intense,7868,6851,1017265311,49.36228942871094,-27.182125091552734,667.9839477539062,21.31085968017578,468,78.41880341880342,4,0.25892990827560425,92.80805969238281,0,0
Pressing,mesuré,127,134,480544626,49.27135467529297,-28.812755584716797,967.7107543945312,20.793245315551758,427,79.15690866510539,12,0.6365507245063782,91.5881118774414,2,0
Pressing,intense,127,134,480544626,49.4822998046875,-26.691007614135742,901.9268188476562,20.654399871826172,485,78.55670103092784,8,0.5164237022399902,91.45745849609375,0,1
Pressing,mesuré,3746,4411,302910801,49.63421630859375,-27.365524291992188,469.8194580078125,19.97439956665039,476,82.3529411764706,10,0.39962688088417053,92.7947006225586,1,1
Pressing,intense,3746,4411,302910801,49.56364822387695,-26.216381072998047,622.5950317382812,19.149324417114258,422,80.33175355450237,22,2.864609479904175,92.83833312988281,1,2
Pressing,mesuré,3611,3610,2101176022,49.43768310546875,-28.279094696044922,630.9929809570312,19.048933029174805,513,79.33723196881091,10,0.49443289637565613,90.23263549804688,2,0
Pressing,intense,3611,3610,2101176022,49.8037109375,-28.136016845703125,786.0551147460938,18.959556579589844,472,78.8135593220339,8,0.5357943773269653,90.43426513671875,0,0
Pressing,mesuré,3024,11551,59250330,49.43410110473633,-28.034605026245117,709.1738891601562,19.443586349487305,493,82.55578093306288,12,0.595130980014801,91.91448974609375,0,1
Pressing,intense,3024,11551,59250330,49.472599029541016,-27.564102172851562,858.6373901367188,18.89299201965332,570,82.63157894736842,3,0.1400793194770813,91.60570526123047,0,0
Ligne,basse,87,1068,1002897798,49.08122253417969,-32.9741096496582,674.1824340820312,21.205257415771484,378,75.66137566137566,8,0.44237494468688965,92.22158813476562,0,1
Ligne,haute,87,1068,1002897798,49.15804672241211,-19.41559600830078,680.9807739257812,20.900493621826172,427,74.94145199063232,16,0.8873087167739868,92.51361846923828,0,3
Ligne,basse,3616,5579,929393559,48.927425384521484,-31.716800689697266,468.2193603515625,21.328445434570312,397,75.31486146095718,6,0.47430986166000366,92.7365493774414,0,5
Ligne,haute,3616,5579,929393559,49.287471771240234,-17.848684310913086,705.3748168945312,20.6906681060791,378,69.84126984126983,22,2.5238237380981445,92.57501983642578,1,2
Ligne,basse,133,137,217468053,48.700252532958984,-34.60509490966797,874.8334350585938,19.590274810791016,381,73.49081364829397,6,0.1802983433008194,91.5030517578125,0,4
Ligne,haute,133,137,217468053,49.16587448120117,-20.723548889160156,824.1458129882812,19.96019172668457,490,81.63265306122449,23,0.8244979381561279,91.72434997558594,1,3
Ligne,basse,552,437,532638534,48.66813659667969,-34.04616928100586,701.7756958007812,20.21524429321289,398,75.87939698492463,4,0.3982135057449341,92.30648803710938,0,7
Ligne,haute,552,437,532638534,48.92719268798828,-22.774085998535156,778.4569702148438,20.920005798339844,422,71.80094786729858,7,0.3979347348213196,92.16754913330078,2,4
Ligne,basse,122,137,1464848243,48.85805130004883,-34.41675567626953,867.6351928710938,19.33559226989746,382,74.08376963350786,4,0.30831393599510193,91.71074676513672,0,0
Ligne,haute,122,137,1464848243,48.8174934387207,-21.636838912963867,943.5166625976562,19.920936584472656,430,75.81395348837209,16,0.7397322654724121,91.70651245117188,0,0
Ligne,basse,3822,21607,1321446349,49.20640563964844,-32.89540100097656,515.7211303710938,20.905414581298828,367,72.20708446866485,14,1.2483906745910645,92.54537963867188,2,1
Ligne,haute,3822,21607,1321446349,49.7267951965332,-19.173851013183594,521.0198364257812,21.518251419067383,396,72.97979797979798,23,1.9211053848266602,92.95496368408203,3,0
Ligne,basse,2565,3706,2039633683,49.147850036621094,-33.0823974609375,669.4835815429688,19.64682960510254,491,78.20773930753565,7,0.29761090874671936,91.81658935546875,0,1
Ligne,haute,2565,3706,2039633683,49.36147689819336,-18.340251922607422,647.9888305664062,20.59111785888672,432,77.77777777777777,26,1.9413100481033325,92.60076141357422,2,0
Ligne,basse,359,331,820276643,49.66457748413086,-32.102787017822266,471.1195373535156,21.10715675354004,451,76.71840354767184,11,1.1032164096832275,92.50689697265625,1,3
Ligne,haute,359,331,820276643,49.88330078125,-18.12179946899414,467.4193115234375,20.67346954345703,405,77.77777777777777,22,1.2230994701385498,93.21403503417969,0,1
Ligne,basse,132335,1895,1704637349,48.542564392089844,-35.57365798950195,741.0661010742188,20.213144302368164,422,76.06635071090048,0,0,91.7941665649414,0,6
Ligne,haute,132335,1895,1704637349,48.67320251464844,-22.778453826904297,721.1709594726562,19.214157104492188,431,75.17401392111368,2,0.18224100768566132,92.60242462158203,0,3
Ligne,basse,268,133,1903678842,49.854087829589844,-32.40353775024414,605.4992065429688,21.19444465637207,396,75.5050505050505,14,0.49776166677474976,92.2160415649414,0,2
Ligne,haute,268,133,1903678842,49.763038635253906,-15.865836143493652,664.5847778320312,20.873029708862305,401,77.0573566084788,31,1.8796616792678833,92.91708374023438,5,0
Ligne,basse,139,2565,1501726364,48.828697204589844,-34.658939361572266,823.9458618164062,21.701244354248047,402,73.6318407960199,1,0.009999999776482582,91.74479675292969,1,3
Ligne,haute,139,2565,1501726364,49.58037567138672,-19.46022605895996,735.7673950195312,20.358362197875977,503,78.33001988071571,6,0.4336738586425781,91.66950988769531,0,0
Ligne,basse,7868,170,1731519511,49.693538665771484,-32.96992492675781,448.41815185546875,20.69846534729004,461,79.39262472885032,7,0.6922367811203003,93.59712982177734,1,0
Ligne,haute,7868,170,1731519511,49.56101608276367,-20.226150512695312,474.01971435546875,21.926006317138672,416,75.48076923076923,18,1.2574094533920288,93.78507232666016,3,0
Ligne,basse,263,256,1104652174,49.30281066894531,-34.109683990478516,723.2704467773438,20.869287490844727,391,76.21483375959079,5,0.14163640141487122,92.29015350341797,2,2
Ligne,haute,263,256,1104652174,49.11070251464844,-20.816314697265625,827.0451049804688,21.280778884887695,405,71.11111111111111,17,0.9027033448219299,92.51844787597656,0,1
Ligne,basse,1895,132335,2134161410,49.36650848388672,-33.17042922973633,474.01971435546875,20.295406341552734,339,75.51622418879056,26,1.5858027935028076,93.154052734375,7,1
Ligne,haute,1895,132335,2134161410,49.21413803100586,-17.198482513427734,440.1176452636719,19.692134857177734,399,79.9498746867168,55,4.2709527015686035,93.07971954345703,7,0
Ligne,basse,143,2726,932725007,48.90994644165039,-32.5689811706543,633.3923950195312,21.061731338500977,403,71.712158808933,9,0.7900210618972778,92.0014419555664,1,2
Ligne,haute,143,2726,932725007,49.20025634765625,-20.68804359436035,668.4838256835938,20.683080673217773,405,73.82716049382717,26,2.060699701309204,92.54769897460938,3,0
Ligne,basse,2566,146,1015490648,49.316104888916016,-33.71297836303711,621.9951782226562,20.873340606689453,373,76.40750670241287,11,1.0270049571990967,92.62288665771484,0,1
Ligne,haute,2566,146,1015490648,48.961727142333984,-19.889617919921875,825.3455200195312,20.99718475341797,374,69.25133689839572,17,1.3151065111160278,92.37630462646484,3,3
Ligne,basse,97,3751,1130118952,49.00040817260742,-34.625057220458984,887.1304321289062,19.65707015991211,397,75.06297229219143,8,0.7493372559547424,91.32201385498047,0,1
Ligne,haute,97,3751,1130118952,49.60108947753906,-20.955942153930664,432.7171936035156,19.071096420288086,495,79.39393939393939,21,0.7534905672073364,92.82339477539062,2,3
Ligne,basse,361,388,1485403625,49.75160598754883,-32.89006042480469,517.9205932617188,20.98706817626953,379,76.78100263852242,26,2.9130027294158936,92.8888931274414,4,3
Ligne,haute,361,388,1485403625,49.650211334228516,-18.708324432373047,507.021728515625,20.99814224243164,387,72.60981912144703,27,2.6998813152313232,92.86978149414062,3,1
Ligne,basse,2925,105,2039758977,48.78349685668945,-33.61798095703125,707.5742797851562,20.68679428100586,370,73.78378378378379,14,1.0684833526611328,91.94970703125,1,1
Ligne,haute,2925,105,2039758977,49.49362564086914,-17.253747940063477,658.7861938476562,21.29551887512207,429,74.82517482517483,23,1.4373478889465332,92.18449401855469,0,1
Ligne,basse,170,179,1048083132,49.0635986328125,-32.881439208984375,645.0895385742188,20.625953674316406,485,80.41237113402062,16,1.2953652143478394,91.64140319824219,0,0
Ligne,haute,170,179,1048083132,49.8242301940918,-15.157279014587402,718.9714965820312,20.404747009277344,417,81.5347721822542,32,3.4127261638641357,92.82721710205078,7,0
Ligne,basse,3699,437,259488708,49.42829895019531,-33.03425598144531,627.1939086914062,20.156631469726562,423,75.177304964539,9,0.8308045864105225,92.43003845214844,0,4
Ligne,haute,3699,437,259488708,48.934326171875,-21.91715431213379,959.1128540039062,20.583951950073242,368,76.3586956521739,9,0.6608294248580933,92.01127624511719,2,1
Ligne,basse,90,93,669806174,49.074153900146484,-33.4979248046875,568.6082153320312,21.414287567138672,386,76.42487046632124,14,0.5539312362670898,92.41392517089844,2,3
Ligne,haute,90,93,669806174,49.58913803100586,-15.145798683166504,589.1032104492188,21.310455322265625,468,75.85470085470085,29,1.8349248170852661,92.246826171875,2,0
Ligne,basse,3746,1382,2142954714,49.22172927856445,-33.94355392456055,549.7128295898438,18.859411239624023,452,76.99115044247787,7,0.23219721019268036,92.43451690673828,1,1
Ligne,haute,3746,1382,2142954714,49.48163986206055,-20.326831817626953,520.1200561523438,19.990846633911133,478,80.9623430962343,25,2.2192068099975586,92.74517822265625,3,0
Ligne,basse,254,257,472931517,48.91474151611328,-35.323665618896484,905.2260131835938,19.82416534423828,331,73.41389728096676,1,0.12882602214813232,90.0560531616211,0,2
Ligne,haute,254,257,472931517,48.91693115234375,-22.46729850769043,742.1658325195312,20.285629272460938,448,75.89285714285714,4,0.16792088747024536,92.18441009521484,0,0
Ligne,basse,362,331,921209318,49.177066802978516,-32.832489013671875,684.8798217773438,20.3192081451416,407,76.41277641277641,11,0.6496396064758301,92.04928588867188,0,2
Ligne,haute,362,331,921209318,49.51799011230469,-18.205839157104492,757.0621948242188,21.290706634521484,413,76.75544794188862,23,1.5171830654144287,92.25684356689453,1,5
Ligne,basse,7640,3019,1662778767,48.688880920410156,-35.33778762817383,935.0187377929688,19.570676803588867,388,75.51546391752578,6,0.22290700674057007,91.2435302734375,0,2
Ligne,haute,7640,3019,1662778767,48.86561965942383,-21.335800170898438,985.4064331054688,20.127470016479492,399,74.18546365914787,14,0.8161426782608032,91.92496490478516,1,0
Ligne,basse,13294,2790,1056745520,48.399749755859375,-35.22944641113281,846.7402954101562,19.608322143554688,389,75.83547557840618,6,0.46631288528442383,91.74410247802734,0,2
Ligne,haute,13294,2790,1056745520,49.180259704589844,-20.351675033569336,913.0241088867188,20.308401107788086,402,73.88059701492537,12,0.5315454602241516,91.85913848876953,1,0
Ligne,basse,122,131,1008338748,48.961673736572266,-34.128604888916016,565.1090698242188,21.372865676879883,360,72.5,4,0.15810883045196533,92.95674133300781,1,0
Ligne,haute,122,131,1008338748,49.2099609375,-18.88905143737793,785.6552124023438,20.640348434448242,416,73.5576923076923,15,1.1591582298278809,90.48989868164062,2,1
Ligne,basse,7911,3841,794882901,49.539031982421875,-33.72101974487305,596.8013305664062,19.729503631591797,457,77.89934354485777,18,0.8107492327690125,92.30098724365234,3,1
Ligne,haute,7911,3841,794882901,49.804508209228516,-18.4815731048584,403.61541748046875,20.3502197265625,477,81.34171907756813,28,1.473556399345398,92.9883804321289,3,0
Ligne,basse,174,2502,1796576214,49.430023193359375,-33.48793411254883,620.9954223632812,21.08372688293457,365,74.24657534246575,10,1.099404215812683,92.38255310058594,3,1
Ligne,haute,174,2502,1796576214,49.77935028076172,-15.552553176879883,482.9202575683594,20.358226776123047,383,78.59007832898172,33,3.526400327682495,91.89399719238281,7,0
Ligne,basse,132334,6870,190797265,49.10091781616211,-34.31102752685547,793.2533569335938,19.800872802734375,520,81.73076923076923,6,0.7864360809326172,91.5734634399414,0,0
Ligne,haute,132334,6870,190797265,49.02980041503906,-20.475303649902344,899.5274047851562,19.817018508911133,438,77.3972602739726,18,1.1700048446655273,92.40570068359375,1,0
Ligne,basse,2697,179,485266100,48.97329330444336,-32.82399368286133,539.5153198242188,21.409282684326172,379,72.03166226912928,6,0.5091658234596252,92.48320007324219,1,2
Ligne,haute,2697,179,485266100,49.90636444091797,-16.165637969970703,707.9741821289062,21.52643394470215,411,73.47931873479318,19,1.038365364074707,92.60535430908203,2,0
Ligne,basse,254,258,645237757,48.85540008544922,-34.01244354248047,701.5757446289062,20.709300994873047,391,78.00511508951406,5,0.16534793376922607,92.33714294433594,0,4
Ligne,haute,254,258,645237757,49.027244567871094,-22.30249786376953,856.0380249023438,21.335601806640625,388,70.87628865979381,10,0.3989381492137909,92.34676361083984,1,1
Ligne,basse,388,362,796471501,49.302711486816406,-32.90756607055664,689.1787719726562,21.382286071777344,410,77.3170731707317,7,0.6186323165893555,91.9887924194336,0,1
Ligne,haute,388,362,796471501,49.28704071044922,-18.756000518798828,1001.5025024414062,21.151517868041992,363,73.00275482093664,21,2.0355052947998047,92.390625,2,3
Ligne,basse,570,5786,1196878155,49.36296081542969,-33.523494720458984,539.7152709960938,19.00469398498535,435,81.37931034482759,21,0.9527590274810791,92.25872802734375,1,1
Ligne,haute,570,5786,1196878155,49.511680603027344,-21.755123138427734,600.1005249023438,18.535818099975586,447,81.87919463087249,32,3.6798248291015625,92.97282409667969,2,1
Ligne,basse,268,131,359906493,49.16056442260742,-34.530418395996094,772.5584106445312,21.453535079956055,403,74.68982630272953,5,0.15058450400829315,92.23760223388672,1,3
Ligne,haute,268,131,359906493,49.19036865234375,-20.039119720458984,670.3833618164062,20.462841033935547,434,78.11059907834101,9,0.3964133858680725,93.00245666503906,4,3
Ligne,basse,86,2922,1617046705,49.17167282104492,-34.04586410522461,646.2892456054688,19.431217193603516,352,75.85227272727273,14,1.2370963096618652,92.260986328125,1,3
Ligne,haute,86,2922,1617046705,49.647586822509766,-17.914262771606445,451.3183288574219,19.58637809753418,465,82.36559139784946,48,3.301441192626953,92.89983367919922,3,0
Ligne,basse,393,362,1827753950,49.73107147216797,-33.53736877441406,611.0978393554688,21.079904556274414,384,77.86458333333333,7,0.27850979566574097,92.8494644165039,0,2
Ligne,haute,393,362,1827753950,48.388240814208984,-21.68443489074707,859.3372192382812,21.94230842590332,381,74.2782152230971,14,0.8251258730888367,93.29043579101562,1,1
Ligne,basse,562,7640,2113437503,49.08402633666992,-35.0275993347168,815.0480346679688,19.94782066345215,451,76.05321507760532,7,0.415752112865448,91.73148345947266,0,0
Ligne,haute,562,7640,2113437503,49.09724426269531,-20.90987205505371,948.6154174804688,20.695344924926758,501,79.64071856287426,17,0.957225501537323,91.32884979248047,3,1
Ligne,basse,3696,3822,1501688522,49.07758331298828,-34.08267593383789,721.6708374023438,20.754302978515625,386,77.72020725388602,10,0.36617594957351685,92.25285339355469,0,0
Ligne,haute,3696,3822,1501688522,49.30252456665039,-17.887733459472656,761.8610229492188,20.670209884643555,457,76.58643326039387,15,0.9381424784660339,91.5611572265625,0,1
Ligne,basse,18794,21846,1477521204,49.57916259765625,-33.80702590942383,710.6735229492188,21.23514175415039,373,72.92225201072387,3,0.07719680666923523,92.20565795898438,1,2
Ligne,haute,18794,21846,1477521204,49.280357360839844,-17.01531219482422,682.4804077148438,20.974403381347656,446,72.86995515695067,13,1.1071689128875732,92.51419830322266,0,1
Ligne,basse,382,349,48190158,49.51648712158203,-31.462682723999023,457.61871337890625,20.597736358642578,362,74.30939226519337,19,1.4879786968231201,92.76535034179688,1,2
Ligne,haute,382,349,48190158,50.117408752441406,-20.007984161376953,407.9156799316406,20.548938751220703,396,74.24242424242425,18,1.2230879068374634,93.48902130126953,2,0
Ligne,basse,368,359,628641533,49.10591125488281,-34.15928268432617,691.5781860351562,20.790075302124023,383,73.62924281984334,5,0.3345566391944885,92.38472747802734,0,2
Ligne,haute,368,359,628641533,49.35260009765625,-17.687511444091797,784.4555053710938,21.727680206298828,408,75.73529411764706,16,1.2776639461517334,92.55725860595703,3,4
Ligne,basse,83,93,1988519473,49.68198776245117,-32.590545654296875,430.41705322265625,20.606374740600586,371,78.4366576819407,18,1.5791798830032349,93.14285278320312,3,3
Ligne,haute,83,93,1988519473,50.03112030029297,-16.54692268371582,365.3130798339844,20.71055030822754,395,78.22784810126582,34,1.7890788316726685,93.85525512695312,6,1
Ligne,basse,570,559,2138614433,49.60905838012695,-31.805662155151367,492.9208679199219,20.21218490600586,361,76.73130193905817,18,1.0906682014465332,92.80801391601562,1,2
Ligne,haute,570,559,2138614433,49.78116226196289,-18.24397850036621,394.9148864746094,20.684450149536133,407,75.67567567567568,33,2.468510150909424,93.0943832397461,3,0
Ligne,basse,388,393,1490379973,49.4976806640625,-34.30950927734375,701.3757934570312,20.307220458984375,516,80.42635658914729,7,0.6480345726013184,91.51374816894531,0,1
Ligne,haute,388,393,1490379973,49.41073989868164,-20.555561065673828,901.6268920898438,20.67842674255371,453,78.36644591611478,14,1.0323541164398193,92.12639617919922,3,0
Ligne,basse,1382,4411,683759645,48.84451675415039,-34.5047492980957,829.6444702148438,19.558382034301758,423,76.35933806146572,11,1.7308717966079712,91.50468444824219,3,3
Ligne,haute,1382,4411,683759645,49.55137634277344,-19.561681747436523,676.3818969726562,19.713563919067383,507,80.6706114398422,15,0.7481865286827087,92.19623565673828,0,0
Ligne,basse,83,86,385065937,49.41126251220703,-33.9915657043457,874.8334350585938,21.314672470092773,354,76.8361581920904,11,0.7387682199478149,92.1599349975586,0,5
Ligne,haute,83,86,385065937,49.475807189941406,-18.786827087402344,794.3530883789062,21.412521362304688,376,76.86170212765957,30,1.7628756761550903,92.88758087158203,2,2
Ligne,basse,170,2502,1366447162,49.03907012939453,-31.912012100219727,507.021728515625,20.913923263549805,360,71.66666666666667,9,0.3150968849658966,92.43706512451172,0,3
Ligne,haute,170,2502,1366447162,49.698429107666016,-15.472886085510254,779.7566528320312,20.456180572509766,427,74.7072599531616,27,1.705873727798462,92.37238311767578,1,0
Ligne,basse,99,96,1220134124,49.19712448120117,-34.171993255615234,684.5798950195312,20.68570327758789,380,74.47368421052632,14,0.8237075209617615,91.85690307617188,2,3
Ligne,haute,99,96,1220134124,49.46039581298828,-20.003475189208984,740.2662963867188,20.186222076416016,473,78.43551797040169,16,1.6035022735595703,91.99429321289062,2,0
Ligne,basse,97,85,1335149631,49.3661994934082,-31.858495712280273,395.1148986816406,21.3642578125,428,76.86915887850468,11,1.3448920249938965,92.81082153320312,2,2
Ligne,haute,97,85,1335149631,49.623783111572266,-18.658727645874023,741.3660278320312,21.197294235229492,384,78.64583333333333,21,2.28363037109375,92.86029052734375,2,0
Ligne,basse,21607,2994,1257437083,48.68739700317383,-35.008140563964844,845.6405639648438,20.352989196777344,357,73.66946778711484,5,0.22008216381072998,92.0417709350586,2,1
Ligne,haute,21607,2994,1257437083,49.40258026123047,-19.979228973388672,808.2496948242188,20.828369140625,457,78.33698030634574,15,1.3523263931274414,91.96691131591797,2,0
Ligne,basse,153,152,750203086,49.59861373901367,-33.65420150756836,730.1687622070312,19.146825790405273,421,78.62232779097387,21,1.6201003789901733,91.78009033203125,1,1
Ligne,haute,153,152,750203086,49.32427978515625,-18.756328582763672,583.7045288085938,20.1376953125,395,77.72151898734177,57,4.259616374969482,92.70612335205078,5,0
Ligne,basse,147,140,2134306667,49.134456634521484,-33.98219299316406,583.7045288085938,19.43210220336914,436,80.73394495412845,16,1.9618699550628662,92.143310546875,4,1
Ligne,haute,147,140,2134306667,49.57869338989258,-20.388099670410156,621.8952026367188,19.93387222290039,441,83.90022675736961,28,2.206939458847046,92.9819564819336,2,0
Ligne,basse,254,256,764807854,49.1378173828125,-34.21295928955078,697.4767456054688,20.81154441833496,337,75.07418397626112,5,0.14665421843528748,92.75804901123047,1,3
Ligne,haute,254,256,764807854,49.09358596801758,-19.36549186706543,724.7700805664062,20.80207633972168,388,71.90721649484536,11,0.605844259262085,92.73785400390625,0,3
Ligne,basse,789,7914,670436716,49.553123474121094,-33.351566314697266,617.5962524414062,19.04336929321289,388,76.80412371134021,18,1.1210676431655884,92.1416244506836,1,3
Ligne,haute,789,7914,670436716,49.50434875488281,-18.216259002685547,465.3191833496094,19.57693099975586,395,73.67088607594937,37,3.8655972480773926,93.1791763305664,3,1
Ligne,basse,132334,995,1013966036,48.899234771728516,-33.8917121887207,818.0473022460938,21.808666229248047,430,74.4186046511628,2,0.04451749101281166,91.36348724365234,0,4
Ligne,haute,132334,995,1013966036,49.20911407470703,-18.787120819091797,765.3601684570312,22.03297233581543,402,71.8905472636816,6,0.2705640196800232,92.62071228027344,1,1
Ligne,basse,131,10388,1718824160,49.99904251098633,-32.06093215942383,463.9190979003906,20.823993682861328,405,75.80246913580247,21,2.4841954708099365,92.89469909667969,3,1
Ligne,haute,131,10388,1718824160,49.98187255859375,-17.59678840637207,329.1108703613281,20.842111587524414,384,74.73958333333333,33,2.9104459285736084,93.87511444091797,7,1
Ligne,basse,104,115,1709944646,49.65092849731445,-32.09275436401367,395.7149353027344,20.43354606628418,408,79.65686274509804,24,1.632495403289795,93.30366516113281,3,1
Ligne,haute,104,115,1709944646,49.86754608154297,-17.610010147094727,359.4127197265625,20.31378746032715,357,74.78991596638656,31,2.1258699893951416,94.04943084716797,1,1
Ligne,basse,2250,1929,726787874,49.38640213012695,-30.720951080322266,471.4195556640625,19.9813232421875,386,76.94300518134715,40,3.5916543006896973,92.43254089355469,7,0
Ligne,haute,2250,1929,726787874,49.586463928222656,-16.81888771057129,457.7187194824219,20.959592819213867,371,80.86253369272237,56,4.864997863769531,93.3646011352539,7,1
Ligne,basse,105,239,94993703,48.54256057739258,-35.69145584106445,689.7786254882812,18.86354637145996,327,76.14678899082568,7,0.47134074568748474,92.82728576660156,1,4
Ligne,haute,105,239,94993703,49.591529846191406,-22.514925003051758,478.219970703125,19.728071212768555,481,78.37837837837837,12,1.034760594367981,92.77274322509766,3,0
Ligne,basse,156,3735,1849727770,49.3504753112793,-33.424076080322266,512.4219360351562,21.228490829467773,378,79.1005291005291,10,0.7411856651306152,92.87381744384766,2,2
Ligne,haute,156,3735,1849727770,49.15781784057617,-19.317142486572266,687.5791625976562,20.993865966796875,362,72.09944751381215,24,1.2744722366333008,92.54255676269531,1,0
Ligne,basse,268,7911,1384120890,49.35422134399414,-34.587806701660156,743.0656127929688,21.42868423461914,378,76.45502645502646,3,0.10717999935150146,92.42835998535156,2,2
Ligne,haute,268,7911,1384120890,49.17753982543945,-19.47307777404785,826.5452270507812,21.473249435424805,399,71.67919799498746,12,0.6526864171028137,92.7234878540039,1,0
Ligne,basse,4057,110,1142969686,48.721923828125,-35.05997085571289,830.0443725585938,20.053373336791992,372,80.3763440860215,7,0.7229063510894775,91.73942565917969,0,1
Ligne,haute,4057,110,1142969686,48.71205139160156,-21.303964614868164,890.2296752929688,20.49638557434082,424,77.35849056603773,9,0.5823583602905273,92.14796447753906,0,4
Ligne,basse,3307,3841,1888802919,49.079368591308594,-33.73286437988281,757.9619750976562,19.801647186279297,441,74.60317460317461,7,0.36961203813552856,91.8406753540039,0,0
Ligne,haute,3307,3841,1888802919,49.419349670410156,-18.617979049682617,507.3217468261719,20.13452911376953,445,78.65168539325843,24,1.5138225555419922,91.31352233886719,0,1
Ligne,basse,127,125,1471360990,49.623016357421875,-33.30481719970703,758.5618286132812,20.971454620361328,411,77.12895377128953,8,0.6930407881736755,91.5926284790039,0,2
Ligne,haute,127,125,1471360990,47.89674377441406,-21.92120361328125,789.9541625976562,22.302331924438477,337,71.513353115727,12,0.747243344783783,93.08351135253906,1,0
Ligne,basse,996,9078,2102824771,48.96582794189453,-33.335716247558594,722.4706420898438,20.216739654541016,441,78.68480725623583,10,0.8359503746032715,91.47142028808594,0,4
Ligne,haute,996,9078,2102824771,49.11644744873047,-20.94232940673828,858.6373901367188,21.417835235595703,394,74.11167512690355,14,0.8749709129333496,91.97576141357422,2,0
Ligne,basse,127,3841,334167837,49.249263763427734,-34.12033462524414,665.6845092773438,19.677093505859375,489,80.57259713701431,7,0.6082887053489685,91.82000732421875,1,1
Ligne,haute,127,3841,334167837,49.31269836425781,-19.79574966430664,596.9013061523438,20.627763748168945,422,76.54028436018957,28,3.0095880031585693,92.79363250732422,6,0
Ligne,basse,359,367,1036349728,49.57263946533203,-32.2179069519043,353.3123474121094,21.065271377563477,433,77.36720554272517,25,3.057938814163208,93.26478576660156,4,3
Ligne,haute,359,367,1036349728,49.472354888916016,-20.227678298950195,475.21978759765625,20.324304580688477,352,77.8409090909091,19,1.158276915550232,93.875244140625,3,0
Ligne,basse,996,997,948048695,48.74009323120117,-33.221778869628906,721.4708862304688,21.27045249938965,401,74.06483790523691,9,0.3656001687049866,91.62771606445312,1,5
Ligne,haute,996,997,948048695,49.0034065246582,-19.586660385131836,902.6266479492188,20.191396713256836,414,74.8792270531401,12,0.7006266713142395,91.7629623413086,0,3
Ligne,basse,9078,1895,506792090,49.086429595947266,-35.09764862060547,912.7241821289062,20.010726928710938,367,75.74931880108991,3,0.3098360300064087,91.81043243408203,0,2
Ligne,haute,9078,1895,506792090,49.228878021240234,-23.501190185546875,918.1228637695312,20.129749298095703,438,79.45205479452055,13,0.5932796597480774,92.08562469482422,1,1
Ligne,basse,7868,6997,603445893,49.09344482421875,-33.755489349365234,636.0917358398438,20.83200454711914,407,75.42997542997543,6,0.244937464594841,92.78913116455078,0,4
Ligne,haute,7868,6997,603445893,49.34637451171875,-19.87265968322754,837.5425415039062,20.715057373046875,376,74.73404255319149,16,1.047594428062439,92.95820617675781,1,3
Ligne,basse,13294,2790,211620115,48.86934280395508,-35.633583068847656,814.9480590820312,19.448928833007812,361,77.00831024930748,4,0.2596615254878998,91.62946319580078,0,1
Ligne,haute,13294,2790,211620115,49.13545227050781,-20.815170288085938,939.0177612304688,19.964588165283203,507,78.10650887573965,8,0.1897609531879425,91.16475677490234,0,1
Ligne,basse,432,20070,1780414719,49.57237243652344,-34.10792541503906,701.0758666992188,18.761459350585938,409,83.12958435207824,13,0.6210838556289673,91.96749114990234,0,2
Ligne,haute,432,20070,1780414719,49.433650970458984,-20.368488311767578,350.81219482421875,18.922822952270508,435,79.08045977011494,32,2.504606008529663,93.25106811523438,2,1
Ligne,basse,2726,145,937223518,48.688819885253906,-34.22038650512695,865.5357055664062,21.24583625793457,376,74.73404255319149,13,0.6833223700523376,91.51591491699219,1,1
Ligne,haute,2726,145,937223518,49.09689712524414,-18.947227478027344,566.3087768554688,21.02250099182129,411,73.47931873479318,21,1.3071751594543457,92.82965850830078,4,0
Ligne,basse,6907,13294,776916771,48.8223876953125,-35.62051773071289,915.3235473632812,20.178800582885742,391,77.74936061381074,4,0.4558824896812439,92.08540344238281,1,1
Ligne,haute,6907,13294,776916771,49.24949264526367,-18.86640167236328,805.7503051757812,19.0759334564209,430,76.27906976744185,19,0.9615026712417603,92.38809967041016,3,2
Ligne,basse,21846,4411,883719064,49.23170471191406,-34.67039489746094,934.9187622070312,19.43160057067871,429,79.48717948717949,7,0.41145047545433044,91.2964096069336,2,1
Ligne,haute,21846,4411,883719064,49.217933654785156,-18.810283660888672,799.5518188476562,19.925445556640625,490,76.73469387755102,16,1.3142106533050537,91.7918701171875,2,0
Ligne,basse,331,382,1763330361,48.43523406982422,-34.50649642944336,798.7520141601562,20.470230102539062,373,72.92225201072387,4,0.10518216341733932,92.59575653076172,0,6
Ligne,haute,331,382,1763330361,49.45121765136719,-19.38124656677246,616.5964965820312,21.002765655517578,449,77.06013363028953,12,0.8589264750480652,92.69816589355469,1,2
Ligne,basse,7911,131,1097703492,49.20962142944336,-33.78647232055664,681.1807250976562,20.533414840698242,417,78.41726618705036,5,0.1661887764930725,92.55159759521484,0,4
Ligne,haute,7911,131,1097703492,49.392189025878906,-18.600948333740234,619.6957397460938,20.6297607421875,405,74.07407407407408,15,1.1995651721954346,92.8133773803711,1,2
Ligne,basse,266,258,20376260,48.903114318847656,-33.5304069519043,733.3679809570312,21.470985412597656,366,75.68306010928961,11,0.36403319239616394,92.4305191040039,0,3
Ligne,haute,266,258,20376260,49.39899444580078,-18.292949676513672,795.5527954101562,20.50806999206543,362,73.48066298342542,17,1.5943855047225952,92.6549072265625,1,2
Ligne,basse,104,111,1400887770,49.35354232788086,-31.78729820251465,669.2836303710938,21.024293899536133,386,74.87046632124353,14,1.0825090408325195,92.11430358886719,0,1
Ligne,haute,104,111,1400887770,49.43962860107422,-18.30944061279297,752.7632446289062,21.565431594848633,425,77.88235294117646,22,2.0066330432891846,92.20362854003906,2,1
Ligne,basse,83,87,567345045,49.30964660644531,-33.9571647644043,523.0193481445312,19.303096771240234,416,83.17307692307692,23,2.247101306915283,93.03385925292969,6,0
Ligne,haute,83,87,567345045,49.24744415283203,-21.282560348510742,569.6079711914062,20.31747817993164,447,80.98434004474272,40,2.5010886192321777,92.4546890258789,9,0
Ligne,basse,132,3841,490794889,49.34781265258789,-32.99170684814453,514.2214965820312,19.380786895751953,482,82.15767634854772,22,2.0410287380218506,92.71763610839844,8,0
Ligne,haute,132,3841,490794889,49.22318649291992,-19.335853576660156,389.3145446777344,20.784223556518555,371,76.01078167115902,34,3.098961114883423,93.73832702636719,6,1
Ligne,basse,21607,3472,380953897,48.835350036621094,-33.90087890625,603.8995971679688,19.012035369873047,473,78.43551797040169,10,0.9448521137237549,91.87833404541016,0,2
Ligne,haute,21607,3472,380953897,49.332786560058594,-18.559524536132812,621.7952270507812,19.512948989868164,492,80.08130081300813,16,1.1780108213424683,90.32781219482422,1,0
Ligne,basse,3611,3610,1575844887,49.53415298461914,-32.45328903198242,500.5213317871094,19.402891159057617,525,79.23809523809524,17,0.7437534928321838,92.3431625366211,3,2
Ligne,haute,3611,3610,1575844887,49.50603485107422,-20.59324073791504,567.9083862304688,20.108707427978516,445,78.87640449438203,24,1.61123526096344,92.83942413330078,4,1
Ligne,basse,357,364,2013425278,48.27293395996094,-35.8799934387207,905.2260131835938,20.03680992126465,408,76.96078431372548,2,0.17045404016971588,92.15528869628906,1,5
Ligne,haute,357,364,2013425278,49.374664306640625,-21.564525604248047,865.6356811523438,20.213499069213867,469,79.74413646055437,7,0.48436278104782104,92.09281921386719,1,2
Ligne,basse,3735,140,13374071,48.90568923950195,-35.33961868286133,886.1306762695312,18.87599754333496,373,78.28418230563003,5,0.28749755024909973,91.73436737060547,1,2
Ligne,haute,3735,140,13374071,49.03010559082031,-18.77348518371582,686.9793090820312,20.46776008605957,377,71.61803713527851,16,0.9452692270278931,92.57225799560547,2,1
Ligne,basse,388,366,352111753,49.208229064941406,-34.65353775024414,885.9307250976562,21.319183349609375,399,76.19047619047619,11,0.502086877822876,89.66517639160156,0,1
Ligne,haute,388,366,352111753,49.53044509887695,-19.571413040161133,659.2860717773438,20.11896324157715,383,76.2402088772846,19,1.300095796585083,93.135009765625,4,1
Ligne,basse,175,6851,1049265140,49.21156692504883,-33.65891647338867,731.9683227539062,20.643138885498047,380,76.84210526315789,5,0.2983282506465912,92.20387268066406,1,2
Ligne,haute,175,6851,1049265140,48.82616424560547,-18.760601043701172,731.2684936523438,21.376270294189453,338,71.59763313609467,17,1.5120999813079834,93.0223159790039,0,1
Ligne,basse,3263,4007,186245157,48.489749908447266,-33.61337661743164,673.8825073242188,20.954042434692383,341,72.43401759530792,15,1.1698516607284546,92.16935729980469,1,2
Ligne,haute,3263,4007,186245157,49.323001861572266,-19.037723541259766,529.0178833007812,20.36395835876465,348,69.25287356321839,20,2.467280149459839,93.63013458251953,3,1
Ligne,basse,3616,441,1120418230,49.08643341064453,-34.20145034790039,844.2409057617188,19.478775024414062,429,77.15617715617715,11,0.5534065961837769,91.48412322998047,0,0
Ligne,haute,3616,441,1120418230,49.34995651245117,-19.424776077270508,748.0643920898438,20.023794174194336,376,75,13,0.7814114689826965,92.80288696289062,1,2
Ligne,basse,349,337,85596666,49.45524978637695,-33.74515914916992,670.9832153320312,21.19278907775879,408,78.18627450980392,14,0.9638875722885132,92.21783447265625,2,1
Ligne,haute,349,337,85596666,49.47290802001953,-17.64933204650879,605.3992309570312,22.06131935119629,367,75.74931880108991,24,1.7943466901779175,93.30899047851562,2,2
Ligne,basse,366,368,1769244548,49.532936096191406,-33.22331619262695,519.4202270507812,20.643779754638672,447,77.85234899328859,8,0.48840898275375366,92.00263977050781,2,1
Ligne,haute,366,368,1769244548,49.87419128417969,-15.57828426361084,625.3943481445312,21.109195709228516,380,79.73684210526316,29,1.7009162902832031,92.85966491699219,1,3
Ligne,basse,393,357,1313602615,48.90904235839844,-32.6185302734375,559.2105102539062,20.540382385253906,405,77.28395061728395,15,1.866321086883545,92.60393524169922,5,2
Ligne,haute,393,357,1313602615,49.26658630371094,-20.839099884033203,803.8507690429688,20.751422882080078,399,72.68170426065163,20,1.5976237058639526,92.56731414794922,0,0
Ligne,basse,370,388,1463368591,49.352455139160156,-34.176856994628906,593.0022583007812,21.100112915039062,357,76.19047619047619,11,0.40773704648017883,93.17241668701172,4,0
Ligne,haute,370,388,1463368591,49.61659622192383,-19.1440372467041,691.7781372070312,20.756460189819336,344,70.63953488372093,23,1.5681185722351074,92.9144515991211,3,0
Ligne,basse,1538,99,767019185,49.2978630065918,-34.11872100830078,736.1672973632812,21.049352645874023,357,74.50980392156863,9,0.7104676961898804,92.91458892822266,3,4
Ligne,haute,1538,99,767019185,49.47444534301758,-17.295307159423828,644.6896362304688,20.850034713745117,411,77.37226277372262,26,2.369924545288086,92.9161148071289,2,1
Ligne,basse,170,6997,871005224,49.16130828857422,-33.98792266845703,604.5994262695312,21.045822143554688,342,73.09941520467837,15,0.902556300163269,93.11023712158203,3,1
Ligne,haute,170,6997,871005224,49.238037109375,-17.180145263671875,728.0692749023438,21.03059959411621,387,71.83462532299741,28,1.438218593597412,92.77755737304688,1,0
Ligne,basse,152,140,1014651230,49.01451873779297,-34.63715744018555,679.6810913085938,19.375835418701172,404,74.75247524752476,3,0.09888920933008194,92.29856872558594,1,2
Ligne,haute,152,140,1014651230,49.07135772705078,-21.200525283813477,812.5486450195312,20.461383819580078,440,76.5909090909091,13,0.7495555877685547,91.9787826538086,2,1
Ligne,basse,172,2697,1250740141,49.024932861328125,-34.2165641784668,663.1851196289062,19.3673095703125,495,81.61616161616162,15,0.8856625556945801,91.20278930664062,1,4
Ligne,haute,172,2697,1250740141,49.20560836791992,-21.169450759887695,805.7503051757812,20.078081130981445,469,79.53091684434968,27,1.5316259860992432,91.89070129394531,2,1
Ligne,basse,142,147,2024776132,49.211360931396484,-33.56767272949219,765.7600708007812,20.652807235717773,376,77.65957446808511,23,2.850473642349243,92.32037353515625,4,3
Ligne,haute,142,147,2024776132,49.3691291809082,-18.145248413085938,609.2982788085938,20.184505462646484,390,74.1025641025641,23,2.2596585750579834,93.36836242675781,5,0
Ligne,basse,559,3616,1464793213,49.4124870300293,-32.6417350769043,478.6199951171875,19.372602462768555,439,74.03189066059225,12,0.6732502579689026,92.2194595336914,2,0
Ligne,haute,559,3616,1464793213,49.61424255371094,-19.797700881958008,550.9125366210938,19.613054275512695,422,77.48815165876778,43,3.278505325317383,92.77297973632812,2,0
Ligne,basse,306,361,674103857,48.7278938293457,-33.63697814941406,830.7442016601562,21.355844497680664,328,71.95121951219512,12,0.7111726999282837,91.06707000732422,0,2
Ligne,haute,306,361,674103857,49.432220458984375,-16.63274574279785,580.3053588867188,20.810518264770508,330,70.9090909090909,32,2.4260642528533936,93.3746109008789,3,0
Ligne,basse,3822,21581,455992310,49.42993927001953,-32.77232360839844,686.0795288085938,19.354862213134766,516,80.42635658914729,6,0.5162241458892822,91.36805725097656,1,0
Ligne,haute,3822,21581,455992310,49.70953369140625,-19.488685607910156,674.2824096679688,19.735013961791992,464,79.74137931034483,19,1.2573888301849365,92.2483901977539,2,1
Ligne,basse,3706,156,411967342,48.99602127075195,-33.97027587890625,400.3152160644531,20.382314682006836,397,75.81863979848866,18,1.1885406970977783,93.67037200927734,4,1
Ligne,haute,3706,156,411967342,49.56267166137695,-19.250226974487305,510.7219543457031,19.859338760375977,447,77.62863534675616,20,1.3346251249313354,92.72246551513672,0,0
Ligne,basse,363,373,1100352984,49.838871002197266,-32.66123962402344,521.6196899414062,20.56613540649414,376,77.12765957446808,18,1.0986714363098145,93.08232116699219,3,1
Ligne,haute,363,373,1100352984,50.215049743652344,-17.79276466369629,383.3141784667969,21.07653045654297,364,73.07692307692308,28,2.1986989974975586,93.80870819091797,3,0
Ligne,basse,2925,17530,1241640015,48.67905044555664,-34.07511520385742,695.6771850585938,19.81235122680664,469,78.46481876332622,10,0.5349904298782349,91.62168884277344,0,2
Ligne,haute,2925,17530,1241640015,49.244205474853516,-20.36734962463379,722.0707397460938,19.385677337646484,434,78.3410138248848,20,1.314464807510376,92.31864166259766,0,0
Ligne,basse,436,995,330066000,49.642242431640625,-30.049236297607422,342.7117004394531,20.874433517456055,383,74.1514360313316,26,1.9858219623565674,93.5263671875,2,0
Ligne,haute,436,995,330066000,50.041534423828125,-17.166748046875,383.4141845703125,21.9365177154541,370,69.1891891891892,25,1.99455726146698,94.164794921875,6,0
Ligne,basse,368,388,950415411,49.489315032958984,-32.068016052246094,443.61785888671875,21.330554962158203,404,74.75247524752476,6,0.3102531135082245,92.99752807617188,0,0
Ligne,haute,368,388,950415411,49.640525817871094,-20.23894691467285,452.618408203125,20.627750396728516,366,73.77049180327869,30,2.0068061351776123,93.80158996582031,3,2
Ligne,basse,145,147,1914605551,48.68627166748047,-33.84291076660156,859.4371948242188,20.925451278686523,406,75.61576354679804,11,0.5661987662315369,91.40367889404297,0,2
Ligne,haute,145,147,1914605551,49.08644104003906,-21.50827407836914,861.1367797851562,20.141435623168945,369,71.00271002710028,12,0.533674955368042,92.49588012695312,0,3
Ligne,basse,176,174,1842724251,49.67472457885742,-32.941375732421875,499.9212951660156,21.020751953125,416,75.96153846153847,3,0.3315272927284241,92.48124694824219,1,1
Ligne,haute,176,174,1842724251,49.956298828125,-15.748950958251953,633.9922485351562,21.212203979492188,379,77.04485488126649,22,1.5066888332366943,93.19188690185547,1,1
Ligne,basse,239,4007,625984714,48.77088928222656,-33.130218505859375,602.6998901367188,20.66364097595215,417,78.41726618705036,16,0.9997446537017822,90.2052230834961,3,1
Ligne,haute,239,4007,625984714,49.20013427734375,-21.15725326538086,622.3950805664062,21.35923957824707,363,74.10468319559229,17,1.1445890665054321,93.5227279663086,5,2
Ligne,basse,258,264,1637070181,49.67584991455078,-33.4487419128418,437.7174987792969,21.175556182861328,400,72.75,11,0.9314380288124084,93.28694915771484,2,4
Ligne,haute,258,264,1637070181,49.55093002319336,-18.428743362426758,426.216796875,20.283737182617188,413,73.8498789346247,8,0.6098825931549072,93.24432373046875,1,2
Ligne,basse,4405,13294,1060016884,48.886165618896484,-35.05846405029297,793.2533569335938,19.412628173828125,463,81.20950323974083,3,0.06110917031764984,91.11983489990234,0,1
Ligne,haute,4405,13294,1060016884,49.56816101074219,-19.159765243530273,926.9207153320312,19.888874053955078,497,79.27565392354124,10,0.5378329753875732,91.27806091308594,0,1
Ligne,basse,134,2950,57829408,48.663394927978516,-33.84003448486328,870.3345336914062,21.723106384277344,341,73.02052785923753,12,0.6442018747329712,91.89434051513672,1,2
Ligne,haute,134,2950,57829408,49.01049041748047,-18.54738426208496,887.5303344726562,20.78911781311035,368,72.55434782608695,18,2.4124245643615723,92.05748748779297,1,3
Ligne,basse,373,384,506153595,49.40027618408203,-35.37852096557617,756.2623901367188,20.007953643798828,447,79.41834451901566,10,0.39910975098609924,91.7655258178711,0,3
Ligne,haute,373,384,506153595,49.55181121826172,-21.877605438232422,922.8217163085938,20.961162567138672,439,79.04328018223235,20,1.2713221311569214,91.99900817871094,2,1
Ligne,basse,90,1538,1336815701,49.37465286254883,-31.5965576171875,572.7072143554688,21.36508560180664,363,69.42148760330579,18,1.4635788202285767,91.69465637207031,1,3
Ligne,haute,90,1538,1336815701,49.059654235839844,-19.234359741210938,608.9983520507812,20.86374282836914,340,73.23529411764706,23,2.180314540863037,93.44573211669922,9,4
Ligne,basse,7640,11551,580634010,48.719112396240234,-34.271644592285156,777.2572631835938,19.962364196777344,427,75.87822014051523,10,0.7236940860748291,90.21202087402344,2,1
Ligne,haute,7640,11551,580634010,49.49626159667969,-18.202198028564453,613.3972778320312,20.456098556518555,462,77.92207792207792,20,1.8428338766098022,92.62097930908203,1,1
Ligne,basse,172,174,810178100,49.54111099243164,-31.465845108032227,475.3197937011719,20.719865798950195,375,74.4,16,1.3631417751312256,92.82453918457031,1,3
Ligne,haute,172,174,810178100,49.747989654541016,-15.979175567626953,566.9086303710938,20.8564510345459,387,77.00258397932816,35,1.7340174913406372,93.10086059570312,2,0
Ligne,basse,4691,22269,1189255965,49.08028030395508,-32.817344665527344,604.9993286132812,21.31153106689453,354,74.29378531073446,11,0.41840678453445435,92.561767578125,2,2
Ligne,haute,4691,22269,1189255965,49.249794006347656,-15.444519996643066,556.4111938476562,21.01856231689453,366,74.31693989071039,42,2.937403440475464,92.98348999023438,3,1
Ligne,basse,99,2922,1358150438,49.205421447753906,-34.570255279541016,829.8444213867188,19.373455047607422,387,79.328165374677,6,0.831412672996521,91.24404907226562,0,3
Ligne,haute,99,2922,1358150438,49.68590545654297,-21.378952026367188,922.2218627929688,19.991268157958984,397,79.5969773299748,17,1.3872567415237427,92.58293151855469,1,2
Ligne,basse,111,113,884255354,49.00606155395508,-32.675289154052734,516.8208618164062,20.606605529785156,360,73.88888888888889,23,2.0764191150665283,93.00521850585938,5,1
Ligne,haute,111,113,884255354,49.674354553222656,-18.78493309020996,521.4197387695312,21.46310806274414,346,72.54335260115607,37,2.7069251537323,93.69100952148438,6,0
Ligne,basse,133,268,612132171,49.310096740722656,-32.47671127319336,551.3124389648438,20.673830032348633,371,77.088948787062,3,0.13355372846126556,92.64591979980469,0,3
Ligne,haute,133,268,612132171,49.702999114990234,-18.195566177368164,706.2745971679688,20.95459747314453,414,71.98067632850241,13,0.9541244506835938,92.41880798339844,1,0
Ligne,basse,267,263,322750925,48.89308166503906,-34.48186492919922,764.9602661132812,20.111156463623047,388,73.19587628865979,5,0.2641296982765198,91.56845092773438,1,2
Ligne,haute,267,263,322750925,49.35924530029297,-19.18793296813965,777.7571411132812,20.7965145111084,396,75.5050505050505,24,1.287333607673645,92.55496978759766,1,2
Ligne,basse,22269,5786,2139222572,48.7510871887207,-34.28736877441406,874.2335815429688,20.24530601501465,429,72.72727272727273,3,0.19832386076450348,90.79739379882812,0,3
Ligne,haute,22269,5786,2139222572,49.341278076171875,-18.734033584594727,777.4572143554688,20.296092987060547,478,77.82426778242677,17,1.2440277338027954,91.84949493408203,1,1
Ligne,basse,170,174,466818611,49.14155197143555,-32.8561897277832,525.0188598632812,21.133743286132812,367,73.02452316076294,4,0.2567431628704071,92.8915023803711,1,3
Ligne,haute,170,174,466818611,49.810638427734375,-17.9747314453125,751.1636352539062,20.07494354248047,415,75.18072289156626,8,0.4206853210926056,92.94625091552734,1,0
Ligne,basse,384,367,2006222649,49.51227569580078,-32.62027359008789,521.5197143554688,21.41185760498047,419,81.14558472553699,20,1.1061885356903076,92.41825866699219,5,1
Ligne,haute,384,367,2006222649,49.70155334472656,-16.793081283569336,610.2980346679688,20.725038528442383,374,79.94652406417113,30,1.8327414989471436,93.09378051757812,6,0
Ligne,basse,85,1538,1581366703,49.28360366821289,-31.84324073791504,547.2134399414062,20.150676727294922,420,76.42857142857143,18,1.4226919412612915,92.49122619628906,3,1
Ligne,haute,85,1538,1581366703,49.24751663208008,-19.764469146728516,445.0179443359375,21.170696258544922,435,75.17241379310344,22,2.5861141681671143,92.73159790039062,4,0
Ligne,basse,89,93,1024494580,49.07166290283203,-32.94623565673828,664.9846801757812,20.744672775268555,354,71.75141242937853,8,0.5995104312896729,92.74125671386719,1,5
Ligne,haute,89,93,1024494580,49.362586975097656,-18.69523811340332,683.6801147460938,20.775882720947266,444,78.6036036036036,17,0.7371973991394043,92.78467559814453,3,3
Ligne,basse,3611,7879,1465685371,49.041481018066406,-33.092769622802734,461.3189392089844,20.558568954467773,445,77.30337078651685,17,0.6610711812973022,92.44801330566406,2,2
Ligne,haute,3611,7879,1465685371,49.95901870727539,-18.344144821166992,547.0134887695312,20.66814422607422,406,77.83251231527093,30,2.7366244792938232,93.12814331054688,6,0
Ligne,basse,1382,2790,1615964618,48.51899337768555,-34.9327392578125,987.8058471679688,19.75712776184082,408,79.16666666666667,6,0.200179785490036,90.57646179199219,0,1
Ligne,haute,1382,2790,1615964618,48.811729431152344,-19.156274795532227,845.6405639648438,20.321895599365234,399,73.93483709273183,19,1.0176681280136108,92.23974609375,1,1
Ligne,basse,85,244,1139745998,49.09297180175781,-34.20970153808594,827.6449584960938,20.566495895385742,389,76.34961439588689,12,1.5773581266403198,91.85691833496094,3,1
Ligne,haute,85,244,1139745998,49.048641204833984,-20.09632110595703,718.0717163085938,21.00372314453125,398,71.60804020100502,23,1.0052685737609863,92.31136322021484,1,0
Ligne,basse,263,250,2087460833,50.098060607910156,-31.310821533203125,409.8157958984375,20.941755294799805,426,73.94366197183099,15,1.6369836330413818,92.97897338867188,1,0
Ligne,haute,263,250,2087460833,49.96110534667969,-18.351303100585938,449.3182067871094,20.73087501525879,432,73.37962962962963,18,1.4101407527923584,92.95349884033203,4,1
Ligne,basse,3472,3696,336812851,48.65797424316406,-35.042945861816406,980.5076293945312,18.948022842407227,478,78.8702928870293,4,0.5361371636390686,90.69194030761719,1,3
Ligne,haute,3472,3696,336812851,49.10931396484375,-22.873958587646484,785.6552124023438,19.743755340576172,512,79.4921875,14,0.9039815664291382,91.59201049804688,2,0
Ligne,basse,13294,21540,487868817,48.83300018310547,-34.63237380981445,878.0326538085938,19.968952178955078,420,74.04761904761905,3,0.12413641810417175,90.8617172241211,0,1
Ligne,haute,13294,21540,487868817,49.31971740722656,-18.823957443237305,781.1563110351562,20.870037078857422,479,76.20041753653445,18,1.664055347442627,91.99482727050781,2,0
Ligne,basse,570,936,308785032,49.14192199707031,-32.804378509521484,487.62054443359375,18.46233367919922,496,82.25806451612904,14,0.6092251539230347,92.1294174194336,2,2
Ligne,haute,570,936,308785032,49.52708435058594,-20.652299880981445,529.6177368164062,19.291996002197266,439,82.46013667425969,34,2.7261157035827637,92.9263687133789,1,1
Ligne,basse,243,94,1913070780,48.97655487060547,-35.48611068725586,735.5674438476562,20.08155059814453,389,76.34961439588689,10,0.9689239263534546,91.99842071533203,1,3
Ligne,haute,243,94,1913070780,48.975250244140625,-22.683204650878906,733.5679321289062,19.579692840576172,354,72.88135593220339,17,1.674941062927246,93.09674072265625,2,2
Ligne,basse,382,357,1412098517,49.35646057128906,-31.715059280395508,404.615478515625,21.139135360717773,432,74.07407407407408,18,2.5252346992492676,92.65966033935547,2,1
Ligne,haute,382,357,1412098517,49.59589385986328,-19.903045654296875,495.821044921875,21.50343132019043,413,73.36561743341404,22,2.231997013092041,92.90296173095703,2,2
Ligne,basse,21581,437,2133107748,48.40505599975586,-34.63997268676758,712.7730102539062,20.947221755981445,417,75.53956834532374,4,0.2992681860923767,92.25115203857422,0,4
Ligne,haute,21581,437,2133107748,49.32855987548828,-18.04267120361328,705.6747436523438,20.83649253845215,410,73.65853658536585,12,0.9596092104911804,92.64229583740234,0,1
Ligne,basse,257,262,1110783560,49.16473388671875,-33.98673629760742,644.9895629882812,19.24391746520996,430,79.06976744186046,7,0.45029500126838684,91.62042236328125,0,1
Ligne,haute,257,262,1110783560,49.71945571899414,-19.205026626586914,765.8600463867188,20.27167510986328,530,81.50943396226415,21,2.0957553386688232,91.46327209472656,2,0
Ligne,basse,3759,6907,1682151650,48.963626861572266,-34.41590881347656,733.9678344726562,21.198144912719727,369,75.88075880758808,7,0.39002126455307007,92.11641693115234,1,3
Ligne,haute,3759,6907,1682151650,48.85760498046875,-17.945341110229492,764.3604125976562,20.72589111328125,417,70.74340527577938,12,1.239667296409607,92.32174682617188,0,2
Ligne,basse,21607,5309,302470383,49.19468688964844,-34.56368637084961,815.2479858398438,19.12221336364746,466,79.8283261802575,7,0.3953831195831299,91.62374114990234,1,1
Ligne,haute,21607,5309,302470383,49.3071174621582,-19.403087615966797,715.6723022460938,20.76235580444336,467,75.16059957173448,20,1.5885683298110962,92.12129974365234,5,0
Ligne,basse,2572,112,1664014101,49.576290130615234,-33.28361129760742,581.8049926757812,21.91691017150879,349,77.36389684813754,12,0.8124901056289673,92.86450958251953,0,2
Ligne,haute,2572,112,1664014101,49.0881462097168,-18.946142196655273,581.4050903320312,20.725601196289062,399,73.6842105263158,22,2.284921884536743,92.93309783935547,2,0
Ligne,basse,118,2925,364679294,49.07646942138672,-34.12556076049805,714.1726684570312,20.440738677978516,411,76.64233576642336,8,0.31129521131515503,91.66033935546875,0,2
Ligne,haute,118,2925,364679294,49.3731803894043,-21.4848690032959,820.9465942382812,20.042770385742188,450,77.77777777777777,20,0.877082884311676,91.61154174804688,0,0
Ligne,basse,87,1538,420943911,48.8353385925293,-33.50477981567383,767.0597534179688,21.003116607666016,392,74.48979591836735,13,1.0330232381820679,91.61067962646484,2,2
Ligne,haute,87,1538,420943911,49.252479553222656,-18.28524398803711,562.7096557617188,20.77251434326172,337,72.40356083086053,24,2.536491870880127,91.93621826171875,6,2
Ligne,basse,559,936,330630444,49.657474517822266,-33.94186782836914,491.7207946777344,18.538461685180664,478,80.75313807531381,14,0.7746553421020508,92.48307037353516,1,1
Ligne,haute,559,936,330630444,49.522705078125,-20.424335479736328,470.01947021484375,19.74468231201172,440,77.95454545454545,27,1.7241815328598022,92.75089263916016,2,0
Ligne,basse,2250,3696,1887936958,49.434906005859375,-32.93779373168945,491.1207580566406,19.21335792541504,408,78.92156862745098,17,1.357332706451416,92.54582214355469,4,0
Ligne,haute,2250,3696,1887936958,49.40272521972656,-18.76535415649414,504.82159423828125,19.02362060546875,403,78.90818858560795,41,2.001373529434204,92.7315444946289,1,0
Ligne,basse,2950,125,1145763051,49.54597091674805,-34.182403564453125,789.7542114257812,21.534732818603516,381,78.74015748031496,5,0.56592857837677,92.22372436523438,1,2
Ligne,haute,2950,125,1145763051,49.69314956665039,-18.0545711517334,787.8546752929688,21.58576774597168,376,70.47872340425532,17,1.961768627166748,92.86425018310547,1,2
Ligne,basse,9078,6870,922252038,49.40543746948242,-33.5448112487793,573.5070190429688,19.44532585144043,437,76.65903890160183,24,1.9695777893066406,92.2157211303711,3,0
Ligne,haute,9078,6870,922252038,49.43455123901367,-21.25478744506836,611.8976440429688,19.920551300048828,392,79.33673469387755,25,1.7311362028121948,92.82728576660156,4,0
Ligne,basse,359,357,1411799261,49.297035217285156,-31.381420135498047,421.21649169921875,20.89600944519043,417,74.10071942446044,12,1.6740435361862183,91.176513671875,2,3
Ligne,haute,359,357,1411799261,49.31309509277344,-21.254636764526367,462.81903076171875,20.530488967895508,387,67.95865633074935,17,2.0535287857055664,93.39173126220703,1,0
Ligne,basse,147,156,1700574325,49.62369155883789,-32.78337478637695,497.22113037109375,19.405588150024414,588,84.18367346938776,10,0.7831641435623169,91.02899169921875,0,1
Ligne,haute,147,156,1700574325,49.659000396728516,-22.770050048828125,463.5190734863281,19.038936614990234,527,80.64516129032258,25,2.535461902618408,92.58447265625,4,3
Ligne,basse,3997,113,51613704,49.27564239501953,-30.80602264404297,609.6981811523438,20.701763153076172,409,74.81662591687042,10,0.8829992413520813,91.8006591796875,0,1
Ligne,haute,3997,113,51613704,49.42519760131836,-20.29161834716797,647.7888793945312,20.882587432861328,358,73.18435754189944,22,2.3138644695281982,93.4901123046875,3,2
Ligne,basse,103,4057,702879240,49.52783966064453,-32.72412109375,354.01239013671875,21.154638290405273,377,74.80106100795756,18,1.1616616249084473,93.1753921508789,1,0
Ligne,haute,103,4057,702879240,49.7685432434082,-16.657299041748047,297.0089111328125,20.65614891052246,391,76.21483375959079,32,3.356623888015747,93.66929626464844,3,0
Ligne,basse,170,174,1435546856,49.11659240722656,-31.366857528686523,446.218017578125,20.723590850830078,389,76.34961439588689,5,0.3976474404335022,92.775146484375,0,3
Ligne,haute,170,174,1435546856,49.23347473144531,-20.114652633666992,854.1384887695312,19.77460289001465,332,71.08433734939759,8,1.3933043479919434,93.12422943115234,1,0
Ligne,basse,137,10388,1495203957,49.731285095214844,-31.33643341064453,402.5153503417969,20.904315948486328,407,71.007371007371,10,0.8407099843025208,92.886474609375,2,1
Ligne,haute,137,10388,1495203957,49.69185256958008,-18.795940399169922,376.3137512207031,21.107980728149414,425,73.17647058823529,19,1.192949652671814,93.11902618408203,1,0
Ligne,basse,156,151,323811002,49.25737762451172,-33.32627487182617,636.5916137695312,20.9672908782959,353,72.80453257790369,8,1.1323004961013794,92.43408966064453,1,3
Ligne,haute,156,151,323811002,49.512760162353516,-18.14122772216797,610.7979125976562,21.33599281311035,383,74.41253263707571,31,1.5190227031707764,92.75080871582031,3,1
Ligne,basse,118,3997,1667359241,49.027034759521484,-33.340763092041016,593.9020385742188,20.607330322265625,374,76.7379679144385,12,0.7066066265106201,92.45882415771484,2,0
Ligne,haute,118,3997,1667359241,49.45329666137695,-18.983474731445312,734.1677856445312,21.336008071899414,380,73.15789473684211,24,3.101149082183838,92.68962097167969,3,1
Ligne,basse,995,7656,765467029,48.68901443481445,-33.67097854614258,685.5796508789062,21.114883422851562,381,72.96587926509186,7,0.4092947542667389,92.1341552734375,4,1
Ligne,haute,995,7656,765467029,49.43376159667969,-17.770051956176758,494.220947265625,21.240772247314453,390,75.8974358974359,26,2.6036996841430664,93.02239227294922,4,0
Ligne,basse,3699,21610,972949956,48.81392288208008,-33.17927551269531,695.0773315429688,20.441240310668945,452,78.09734513274336,11,0.9674322009086609,91.81229400634766,1,2
Ligne,haute,3699,21610,972949956,49.28701400756836,-20.570749282836914,703.0753784179688,20.114429473876953,397,74.81108312342569,13,0.614652693271637,92.76679992675781,2,1
Ligne,basse,87,89,497728889,49.145912170410156,-33.41279983520508,661.0856323242188,20.47426986694336,370,75.94594594594595,3,0.3361014723777771,92.23321533203125,1,3
Ligne,haute,87,89,497728889,49.042972564697266,-17.61872100830078,834.5432739257812,21.309349060058594,376,72.07446808510639,15,0.8022758960723877,92.35658264160156,1,1
Ligne,basse,151,152,2045654981,49.044189453125,-34.934181213378906,756.5623168945312,19.339298248291016,409,76.03911980440098,6,0.27158215641975403,91.20610046386719,0,1
Ligne,haute,151,152,2045654981,49.619258880615234,-23.535398483276367,695.4772338867188,20.016157150268555,516,79.45736434108527,14,0.5653395056724548,91.8897705078125,2,0
Ligne,basse,363,366,554673974,49.4774055480957,-34.18004608154297,545.5138549804688,20.03513526916504,454,77.7533039647577,10,0.4966352581977844,92.18876647949219,2,1
Ligne,haute,363,366,554673974,49.4761848449707,-21.778518676757812,507.4217529296875,20.989551544189453,390,74.61538461538461,14,1.253631830215454,93.27642059326172,5,0
Ligne,basse,104,3997,1784849258,50.05353927612305,-32.76679611206055,491.3207702636719,21.026325225830078,389,79.43444730077121,23,1.0660271644592285,93.31444549560547,1,2
Ligne,haute,104,3997,1784849258,49.842891693115234,-21.39212989807129,544.2141723632812,20.64381217956543,365,77.26027397260275,22,1.3249424695968628,93.3662109375,5,2
Ligne,basse,393,384,1950149415,48.960418701171875,-35.04756164550781,900.3272094726562,20.14177894592285,450,78,12,0.6271758675575256,91.61896514892578,3,2
Ligne,haute,393,384,1950149415,49.33618927001953,-19.355144500732422,702.1755981445312,20.4499568939209,413,78.69249394673123,25,1.625622034072876,92.88900756835938,4,0
Ligne,basse,789,19267,1551413899,48.86815643310547,-33.26441955566406,532.2171020507812,19.94678497314453,357,66.66666666666667,5,0.27050504088401794,90.70756530761719,0,2
Ligne,haute,789,19267,1551413899,49.48313522338867,-21.568824768066406,574.1068725585938,19.62150764465332,398,77.63819095477388,26,2.8790688514709473,93.0645523071289,2,0
Ligne,basse,85,102,1083776645,48.839271545410156,-32.984771728515625,688.1790161132812,20.32448387145996,414,76.32850241545894,11,1.1857322454452515,90.01260375976562,0,2
Ligne,haute,85,102,1083776645,49.273311614990234,-19.09347915649414,697.9766235351562,20.118242263793945,476,76.05042016806723,21,2.0669713020324707,91.83108520507812,1,2
Ligne,basse,6870,432,1803412708,48.58040237426758,-33.86699295043945,725.5698852539062,20.994380950927734,380,77.89473684210526,4,0.13955622911453247,91.73590087890625,1,4
Ligne,haute,6870,432,1803412708,48.84177017211914,-21.12611198425293,877.0328979492188,19.44967269897461,391,72.37851662404093,5,0.5701811909675598,91.96458435058594,0,4
Ligne,basse,94,87,1603673735,48.861209869384766,-34.04962921142578,788.0546264648438,19.330799102783203,490,80.40816326530613,10,0.6500393152236938,91.33367919921875,3,1
Ligne,haute,94,87,1603673735,49.38749313354492,-20.722883224487305,706.9744262695312,19.51022720336914,528,80.87121212121212,13,0.6799084544181824,92.20022583007812,1,1
Ligne,basse,258,266,1241796862,49.129642486572266,-33.01626968383789,650.3882446289062,20.800107955932617,367,74.93188010899182,9,0.5562559366226196,92.26986694335938,0,1
Ligne,haute,258,266,1241796862,49.305389404296875,-20.29446029663086,678.5813598632812,20.648462295532227,367,73.56948228882834,21,2.221921920776367,92.97257232666016,1,1
Ligne,basse,113,3997,169762054,48.8533821105957,-34.3164176940918,637.0914916992188,20.5153865814209,357,72.82913165266106,6,0.6832236647605896,93.21929168701172,1,2
Ligne,haute,113,3997,169762054,49.41807556152344,-19.45653533935547,744.0653686523438,20.654762268066406,394,73.85786802030456,10,0.47627168893814087,91.02970123291016,0,0
Ligne,basse,3024,989,1153742415,49.0158576965332,-35.269195556640625,713.2728881835938,19.66305160522461,378,74.60317460317461,8,0.3501225411891937,92.43321990966797,0,1
Ligne,haute,3024,989,1153742415,49.2469367980957,-20.922826766967773,508.9218444824219,19.457929611206055,556,82.37410071942446,20,2.1099846363067627,92.40408325195312,2,0
Ligne,basse,359,368,1656874616,49.51780319213867,-33.22101593017578,408.1156921386719,21.05727195739746,405,78.51851851851852,21,1.4720877408981323,93.21256256103516,4,2
Ligne,haute,359,368,1656874616,50.09616470336914,-15.611223220825195,420.41644287109375,21.142160415649414,355,76.05633802816901,29,2.9887540340423584,94.16139221191406,5,0
Ligne,basse,3735,139,1891547481,49.213104248046875,-34.9538459777832,695.9771118164062,19.324222564697266,337,74.1839762611276,7,0.4738193452358246,93.1452407836914,2,2
Ligne,haute,3735,139,1891547481,49.45945739746094,-20.45612907409668,806.2501831054688,19.780250549316406,478,76.98744769874477,12,1.4272412061691284,91.50676727294922,1,0
Ligne,basse,4007,109,266353912,49.191768646240234,-33.724185943603516,578.3058471679688,21.121347427368164,393,75.57251908396947,8,0.5227137804031372,92.38109588623047,0,2
Ligne,haute,4007,109,266353912,48.29008102416992,-20.944185256958008,757.3621215820312,21.08344078063965,356,71.34831460674157,13,0.6565166115760803,93.25000762939453,4,0
Ligne,basse,122,268,941325862,49.50204849243164,-32.38378143310547,435.5173645019531,20.831737518310547,395,79.74683544303798,14,1.1167107820510864,93.01615142822266,5,3
Ligne,haute,122,268,941325862,49.72317123413086,-15.082924842834473,605.4992065429688,20.972822189331055,360,75,27,2.3004093170166016,93.31533813476562,1,2
Ligne,basse,264,256,2070153691,48.79835510253906,-33.50133514404297,753.8629760742188,21.46793556213379,361,77.5623268698061,5,0.4890645146369934,92.08203125,0,4
Ligne,haute,264,256,2070153691,49.27816390991211,-23.458694458007812,815.3479614257812,20.917306900024414,343,72.8862973760933,8,0.7185429930686951,92.9408950805664,1,1
Ligne,basse,12698,3472,1368079903,49.28679275512695,-33.495460510253906,611.5977172851562,19.23296356201172,432,80.78703703703704,12,0.6091217398643494,91.45872497558594,0,2
Ligne,haute,12698,3472,1368079903,49.04960250854492,-20.263137817382812,412.01593017578125,19.997116088867188,383,75.97911227154047,32,2.3776867389678955,93.23796081542969,2,1
Ligne,basse,13294,1382,1589609104,48.84857940673828,-35.309837341308594,1092.0804443359375,19.408321380615234,406,80.78817733990148,2,0.27599579095840454,90.6051254272461,0,1
Ligne,haute,13294,1382,1589609104,49.12776184082031,-19.70964241027832,718.9714965820312,20.529830932617188,471,77.70700636942675,14,1.93753981590271,92.0853500366211,4,1
Ligne,basse,107,110,1437692358,48.68003845214844,-35.40485382080078,908.1253051757812,20.28656578063965,388,74.22680412371135,5,0.4222911596298218,90.93247985839844,0,2
Ligne,haute,107,110,1437692358,48.94016647338867,-18.86481475830078,797.2523803710938,20.075634002685547,450,76,17,1.7982077598571777,92.08014678955078,2,4
Ligne,basse,83,90,493710084,49.67593765258789,-31.897188186645508,402.6153564453125,20.663949966430664,400,75.75,16,1.0621556043624878,93.0849380493164,5,2
Ligne,haute,83,90,493710084,49.71152114868164,-19.9444637298584,484.02032470703125,21.507448196411133,352,70.45454545454545,30,1.6774877309799194,93.63460540771484,3,0
Ligne,basse,145,156,2091300775,48.884098052978516,-35.027626037597656,746.3648071289062,18.949867248535156,380,77.36842105263158,8,0.8333408832550049,92.12519073486328,0,5
Ligne,haute,145,156,2091300775,49.44231414794922,-18.644744873046875,673.5825805664062,20.009592056274414,347,77.23342939481267,37,1.6885457038879395,93.36449432373047,2,5
Ligne,basse,22269,5579,601508701,49.47704315185547,-33.006141662597656,572.0073852539062,21.296424865722656,434,75.80645161290323,9,0.6746088862419128,92.2591323852539,4,4
Ligne,haute,22269,5579,601508701,49.606346130371094,-17.66446304321289,715.6723022460938,20.597272872924805,381,76.64041994750656,16,1.20631742477417,92.91608428955078,2,0
Ligne,basse,137,3307,102919363,49.577186584472656,-33.04027557373047,647.8888549804688,20.517398834228516,420,78.33333333333333,28,3.189725160598755,92.31658935546875,3,2
Ligne,haute,137,3307,102919363,49.69061279296875,-18.055999755859375,406.41558837890625,20.754230499267578,443,74.04063205417607,25,2.3268094062805176,92.84535217285156,2,3
Ligne,basse,13294,21846,1530898879,48.81570816040039,-35.098506927490234,904.5261840820312,20.764266967773438,409,73.34963325183374,1,0.13668152689933777,89.78196716308594,1,1
Ligne,haute,13294,21846,1530898879,49.18342971801758,-16.49018096923828,735.1675415039062,20.694536209106445,403,69.23076923076923,17,1.2226104736328125,92.43075561523438,0,1
Ligne,basse,12216,15784,1562387529,48.13486862182617,-34.38518142700195,771.0587768554688,20.877283096313477,383,75.71801566579634,5,1.1814032793045044,92.01709747314453,2,3
Ligne,haute,12216,15784,1562387529,49.00771713256836,-20.677772521972656,769.6591186523438,20.097183227539062,444,73.64864864864865,10,0.32528069615364075,92.07484436035156,0,0
Ligne,basse,3735,156,738370743,48.72956848144531,-33.691246032714844,664.5847778320312,20.344694137573242,402,78.1094527363184,11,0.5470001101493835,91.82357788085938,0,1
Ligne,haute,3735,156,738370743,49.28858184814453,-20.508180618286133,713.8727416992188,20.033430099487305,477,78.82599580712788,19,1.6174854040145874,92.20767974853516,1,1
Ligne,basse,268,598,1471885787,49.025238037109375,-34.30373764038086,668.4838256835938,19.213685989379883,460,84.34782608695652,7,0.7019145488739014,92.13471984863281,0,1
Ligne,haute,268,598,1471885787,49.49689865112305,-21.347230911254883,856.2379760742188,19.755422592163086,501,83.23353293413173,15,1.3582899570465088,92.09918212890625,4,1
Ligne,basse,3472,3696,835890524,49.007991790771484,-34.48493576049805,907.4254760742188,19.47757911682129,418,74.88038277511961,6,0.3399103581905365,91.6620864868164,0,0
Ligne,haute,3472,3696,835890524,49.30482864379883,-21.516319274902344,802.7510375976562,18.725597381591797,465,81.0752688172043,9,0.5407155156135559,92.16795349121094,1,3
Ligne,basse,114,112,1527410391,49.65085220336914,-32.42898178100586,421.7165222167969,20.85700225830078,372,72.31182795698925,5,0.5348907113075256,92.91655731201172,0,1
Ligne,haute,114,112,1527410391,49.637168884277344,-18.317399978637695,375.813720703125,21.10833168029785,388,73.45360824742268,25,2.0273642539978027,93.35816192626953,4,0
Ligne,basse,132335,7914,2023402780,49.15054702758789,-34.75363540649414,806.5501098632812,19.834430694580078,428,78.03738317757009,6,0.37425103783607483,91.44976806640625,0,1
Ligne,haute,132335,7914,2023402780,49.259071350097656,-19.562625885009766,1042.992431640625,20.895679473876953,496,77.41935483870968,19,0.9521104097366333,90.7564468383789,0,0
Ligne,basse,362,306,32264918,49.68437194824219,-32.09433364868164,487.62054443359375,21.609031677246094,400,76.75,18,1.7067739963531494,92.72708892822266,4,1
Ligne,haute,362,306,32264918,49.78681182861328,-17.559358596801758,405.61553955078125,21.302804946899414,406,76.35467980295566,37,2.820420026779175,93.36437225341797,4,0
Ligne,basse,3696,3699,860321550,49.33145523071289,-33.5521125793457,549.0130004882812,20.973947525024414,452,78.53982300884955,10,0.9383965730667114,92.1698226928711,2,0
Ligne,haute,3696,3699,860321550,49.2210578918457,-18.245868682861328,638.0912475585938,20.99485206604004,391,72.63427109974424,30,2.558199167251587,92.5801010131836,2,0
Ligne,basse,357,306,1478641587,49.05541229248047,-32.85972595214844,489.0206298828125,20.88798713684082,376,75.53191489361703,16,1.3355517387390137,93.1821060180664,3,0
Ligne,haute,357,306,1478641587,49.77845764160156,-16.655941009521484,391.21466064453125,21.091508865356445,374,74.59893048128342,27,1.2808351516723633,93.93719482421875,4,1
Ligne,basse,382,370,604641600,49.32929611206055,-33.917728424072266,606.6989135742188,19.66710662841797,399,81.203007518797,12,0.8644841313362122,92.0687255859375,1,2
Ligne,haute,382,370,604641600,49.40133285522461,-20.880189895629883,440.9176940917969,19.491744995117188,383,79.63446475195822,33,1.8729757070541382,93.40787506103516,4,3
Ligne,basse,1382,3759,2002925567,49.062591552734375,-34.33641815185547,686.0795288085938,20.001462936401367,481,77.33887733887734,7,0.4400189220905304,91.72869110107422,1,0
Ligne,haute,1382,3759,2002925567,49.195621490478516,-21.49264144897461,979.1079711914062,20.62299919128418,487,76.59137577002053,11,1.0851176977157593,91.19808959960938,1,0
Ligne,basse,519,21540,28316747,49.00459671020508,-34.270599365234375,839.1421508789062,19.841176986694336,470,78.72340425531915,4,0.11477497965097427,91.312255859375,1,0
Ligne,haute,519,21540,28316747,49.71766662597656,-20.03499984741211,762.1609497070312,20.68581199645996,500,79.2,14,1.4468034505844116,92.17222595214844,2,1
Ligne,basse,7868,6851,1017265311,49.11088180541992,-33.851959228515625,716.8720092773438,21.52579689025879,423,76.59574468085107,7,0.24078157544136047,92.50431823730469,1,5
Ligne,haute,7868,6851,1017265311,49.52334213256836,-20.108993530273438,717.0719604492188,20.99502944946289,424,73.58490566037736,11,1.6819220781326294,93.00041198730469,1,4
Ligne,basse,127,134,480544626,49.03914260864258,-34.8385124206543,831.1441040039062,20.186077117919922,381,74.2782152230971,7,0.6798003911972046,91.76205444335938,0,3
Ligne,haute,127,134,480544626,49.224639892578125,-17.729475021362305,604.8993530273438,21.046398162841797,428,75,26,1.7903523445129395,92.63626861572266,3,0
Ligne,basse,3746,4411,302910801,48.9473762512207,-34.05801773071289,671.4830932617188,19.70944595336914,371,71.15902964959568,5,0.6471405029296875,91.99021911621094,0,2
Ligne,haute,3746,4411,302910801,49.243980407714844,-22.05612564086914,590.4028930664062,20.072664260864258,428,72.66355140186916,15,1.5058882236480713,92.67680358886719,1,1
Ligne,basse,3611,3610,2101176022,49.598899841308594,-32.59217834472656,466.01922607421875,18.89621353149414,476,80.88235294117646,10,0.6805906295776367,92.72764587402344,2,1
Ligne,haute,3611,3610,2101176022,49.2829475402832,-22.866615295410156,770.3589477539062,19.958038330078125,467,76.01713062098501,13,0.4574086666107178,91.78582000732422,1,1
Ligne,basse,3024,11551,59250330,48.97088623046875,-33.85365295410156,615.7966918945312,18.70637321472168,442,74.8868778280543,8,0.5343503952026367,92.57180786132812,1,1
Ligne,haute,3024,11551,59250330,49.03826141357422,-21.149463653564453,803.7507934570312,19.305904388427734,447,77.85234899328859,13,0.8931413292884827,92.1458740234375,2,1
Largeur,étroite,87,1068,1002897798,35.064414978027344,-28.05292320251465,806.2501831054688,19.250770568847656,412,79.12621359223301,15,0.6896829009056091,92.31795501708984,1,2
Largeur,large,87,1068,1002897798,53.387413024902344,-27.591245651245117,815.9478149414062,20.295574188232422,376,73.13829787234043,4,0.0676877349615097,92.42250061035156,1,3
Largeur,étroite,3616,5579,929393559,34.911415100097656,-25.343605041503906,608.3984985351562,20.235334396362305,464,76.50862068965517,21,0.7867071032524109,91.66365051269531,0,2
Largeur,large,3616,5579,929393559,54.07111358642578,-26.288265228271484,670.9832153320312,19.737579345703125,409,74.81662591687042,8,0.7315211296081543,92.13211822509766,1,2
Largeur,étroite,133,137,217468053,34.695133209228516,-29.119712829589844,971.4098510742188,20.405231475830078,439,75.17084282460137,11,0.47191372513771057,91.88903045654297,2,1
Largeur,large,133,137,217468053,53.779090881347656,-26.730165481567383,932.3193969726562,20.25356101989746,439,78.35990888382688,12,0.9286989569664001,91.46695709228516,0,1
Largeur,étroite,552,437,532638534,34.839996337890625,-27.659442901611328,944.5164184570312,19.960020065307617,413,77.96610169491525,9,0.36765748262405396,91.95072937011719,0,2
Largeur,large,552,437,532638534,53.667823791503906,-29.2042179107666,829.0446166992188,20.8575496673584,406,76.35467980295566,8,0.33692029118537903,92.20245361328125,1,5
Largeur,étroite,122,137,1464848243,34.363216400146484,-26.246814727783203,761.5610961914062,19.98841667175293,411,78.83211678832117,26,1.653354525566101,92.37005615234375,2,2
Largeur,large,122,137,1464848243,53.5491828918457,-29.134366989135742,1125.0723876953125,21.00156021118164,371,76.81940700808626,7,0.5613251328468323,91.62004852294922,1,2
Largeur,étroite,3822,21607,1321446349,35.010337829589844,-25.415618896484375,559.8103637695312,19.879243850708008,394,75.1269035532995,33,2.0367395877838135,92.61443328857422,1,1
Largeur,large,3822,21607,1321446349,54.38250732421875,-26.54327392578125,514.8213500976562,20.93566131591797,357,75.07002801120449,14,0.6237808465957642,93.2363052368164,3,1
Largeur,étroite,2565,3706,2039633683,34.193328857421875,-28.551509857177734,1156.564697265625,20.889368057250977,410,78.53658536585365,13,0.5489010214805603,91.98023986816406,0,0
Largeur,large,2565,3706,2039633683,53.828758239746094,-28.49030113220215,1030.2955322265625,20.171281814575195,410,78.29268292682927,16,1.2890855073928833,91.81217956542969,1,0
Largeur,étroite,359,331,820276643,35.09658432006836,-26.795429229736328,660.6857299804688,19.916244506835938,383,76.50130548302872,20,1.134121060371399,92.4601821899414,1,3
Largeur,large,359,331,820276643,54.37294006347656,-26.311887741088867,363.61297607421875,20.59177017211914,473,77.3784355179704,7,0.5917638540267944,93.06400299072266,2,1
Largeur,étroite,132335,1895,1704637349,34.47018051147461,-29.80802345275879,948.0155639648438,20.271759033203125,350,74.57142857142857,3,0.12737008929252625,92.36965942382812,0,7
Largeur,large,132335,1895,1704637349,53.2861442565918,-29.430953979492188,792.2536010742188,19.94352912902832,409,75.55012224938875,2,0.23602916300296783,92.41211700439453,0,7
Largeur,étroite,268,133,1903678842,35.14682388305664,-23.929235458374023,532.6170043945312,19.842044830322266,456,82.89473684210526,39,1.745323657989502,92.75499725341797,1,0
Largeur,large,268,133,1903678842,54.815216064453125,-26.239397048950195,614.4970092773438,20.12087631225586,416,79.08653846153847,13,0.8733229637145996,91.35166931152344,3,0
Largeur,étroite,139,2565,1501726364,35.00308609008789,-25.98253631591797,745.5650024414062,19.503732681274414,408,74.50980392156863,18,1.6768925189971924,91.95467376708984,0,1
Largeur,large,139,2565,1501726364,53.60641860961914,-27.770750045776367,774.0580444335938,20.700721740722656,399,72.68170426065163,6,0.45444151759147644,92.5604248046875,2,1
Largeur,étroite,7868,170,1731519511,34.83452224731445,-25.54125213623047,478.6199951171875,20.431989669799805,525,78.28571428571429,31,1.537642240524292,92.76253509521484,2,0
Largeur,large,7868,170,1731519511,54.122074127197266,-25.930601119995117,430.1170349121094,20.8565616607666,453,74.17218543046357,12,0.6838798522949219,93.29569244384766,0,0
Largeur,étroite,263,256,1104652174,34.96907043457031,-26.49489402770996,786.5549926757812,19.054847717285156,440,74.31818181818181,11,0.3214731216430664,92.11216735839844,0,1
Largeur,large,263,256,1104652174,53.9904670715332,-27.799327850341797,832.0438842773438,21.24134635925293,420,77.61904761904762,12,0.8173973560333252,92.23322296142578,3,0
Largeur,étroite,1895,132335,2134161410,34.72362518310547,-28.24717903137207,614.9968872070312,21.515846252441406,289,80.62283737024221,46,3.3805487155914307,93.77539825439453,8,0
Largeur,large,1895,132335,2134161410,54.64030075073242,-24.753814697265625,422.41656494140625,19.512271881103516,397,78.58942065491183,27,2.18567156791687,93.10786437988281,7,0
Largeur,étroite,143,2726,932725007,34.56210708618164,-29.324853897094727,884.8309936523438,20.46225929260254,401,76.30922693266832,22,1.0502454042434692,91.9169692993164,0,0
Largeur,large,143,2726,932725007,53.03968811035156,-28.745098114013672,911.6244506835938,20.348522186279297,378,74.86772486772487,18,1.0130141973495483,91.86415100097656,0,0
Largeur,étroite,2566,146,1015490648,35.02294921875,-27.198959350585938,711.2733764648438,19.85387420654297,389,74.293059125964,16,0.4662231206893921,92.58934783935547,1,2
Largeur,large,2566,146,1015490648,53.80414581298828,-25.96786880493164,710.4735717773438,20.56011962890625,389,73.52185089974293,15,1.2738405466079712,92.20013427734375,0,2
Largeur,étroite,97,3751,1130118952,34.42229080200195,-30.040597915649414,767.7595825195312,20.505224227905273,389,78.1491002570694,25,1.6006335020065308,92.962890625,4,2
Largeur,large,97,3751,1130118952,54.648738861083984,-29.12713050842285,584.3043823242188,19.207284927368164,418,77.99043062200957,12,1.15395987033844,93.21063232421875,5,1
Largeur,étroite,361,388,1485403625,35.03727340698242,-24.608055114746094,517.5206909179688,19.65157127380371,415,75.42168674698796,26,0.9664115309715271,90.69462585449219,0,1
Largeur,large,361,388,1485403625,54.41800308227539,-27.052234649658203,639.7908325195312,20.77106285095215,406,74.38423645320196,10,0.5590372681617737,92.43051147460938,2,0
Largeur,étroite,2925,105,2039758977,34.156959533691406,-28.82718276977539,883.6312866210938,19.798234939575195,372,80.10752688172043,19,0.6815078258514404,92.41759490966797,2,2
Largeur,large,2925,105,2039758977,53.430171966552734,-29.172094345092773,990.8051147460938,19.948444366455078,326,68.71165644171779,10,0.6304553151130676,92.50826263427734,0,0
Largeur,étroite,170,179,1048083132,34.93394470214844,-24.540884017944336,595.9015502929688,19.134450912475586,480,80.20833333333333,19,1.101986289024353,92.34737396240234,0,0
Largeur,large,170,179,1048083132,54.61691665649414,-25.877975463867188,590.0029907226562,19.258302688598633,454,80.61674008810573,14,0.9206032156944275,92.52947235107422,0,3
Largeur,étroite,3699,437,259488708,35.194435119628906,-26.035497665405273,820.1467895507812,20.436174392700195,385,78.18181818181819,13,0.547631025314331,92.30677795410156,0,1
Largeur,large,3699,437,259488708,54.011497497558594,-26.927701950073242,742.9656372070312,19.875635147094727,429,77.3892773892774,6,0.428295761346817,91.91688537597656,1,2
Largeur,étroite,90,93,669806174,34.9892463684082,-26.075700759887695,663.6849975585938,20.433923721313477,422,74.64454976303317,17,0.7561923265457153,92.1720199584961,1,1
Largeur,large,90,93,669806174,54.11042404174805,-26.434770584106445,685.0797729492188,21.119722366333008,373,74.53083109919571,21,1.019782543182373,92.39566802978516,1,2
Largeur,étroite,3746,1382,2142954714,34.57489013671875,-26.539304733276367,676.4818725585938,20.06641387939453,415,79.51807228915662,36,1.5963457822799683,92.44483947753906,0,0
Largeur,large,3746,1382,2142954714,53.81507110595703,-26.67222023010254,835.1431274414062,19.769990921020508,422,77.01421800947867,19,0.9316587448120117,91.75166320800781,0,1
Largeur,étroite,254,257,472931517,34.32742691040039,-29.361013412475586,943.4166870117188,19.918476104736328,417,73.14148681055156,5,0.5312157869338989,91.8036880493164,0,1
Largeur,large,254,257,472931517,53.24081802368164,-28.919078826904297,865.6356811523438,20.162992477416992,452,75.66371681415929,6,0.5918604135513306,89.72276306152344,0,2
Largeur,étroite,362,331,921209318,35.13162612915039,-26.139238357543945,694.8773803710938,19.207094192504883,392,79.59183673469387,22,1.1817296743392944,92.49041748046875,1,1
Largeur,large,362,331,921209318,54.479705810546875,-25.74593162536621,673.0827026367188,21.071956634521484,490,79.38775510204081,21,1.1814366579055786,91.77799224853516,1,0
Largeur,étroite,7640,3019,1662778767,34.599613189697266,-28.657123565673828,1177.15966796875,19.609907150268555,399,74.18546365914787,10,0.6095194816589355,91.53382110595703,0,0
Largeur,large,7640,3019,1662778767,53.728675842285156,-28.11333656311035,922.8217163085938,20.66451072692871,411,76.15571776155718,7,0.7022135853767395,91.88441467285156,1,2
Largeur,étroite,13294,2790,1056745520,34.81224822998047,-28.481718063354492,1027.0963134765625,20.558170318603516,358,75.97765363128492,10,0.456543505191803,92.26643371582031,1,4
Largeur,large,13294,2790,1056745520,53.88705825805664,-27.65280532836914,1112.575439453125,20.11951446533203,389,76.86375321336762,9,1.1636263132095337,91.5914306640625,1,1
Largeur,étroite,122,131,1008338748,34.79535675048828,-26.269529342651367,642.9900512695312,18.99786949157715,456,81.79824561403508,20,1.268857479095459,92.38911437988281,0,1
Largeur,large,122,131,1008338748,53.60173797607422,-26.882125854492188,755.2626342773438,20.856075286865234,415,74.6987951807229,10,0.6634243726730347,92.03491973876953,2,0
Largeur,étroite,7911,3841,794882901,34.96592330932617,-27.752792358398438,411.015869140625,20.429197311401367,396,77.02020202020202,32,1.3858987092971802,93.840087890625,3,1
Largeur,large,7911,3841,794882901,54.19506072998047,-27.503389358520508,680.5808715820312,20.725448608398438,412,77.42718446601941,21,1.733044981956482,92.61141967773438,2,0
Largeur,étroite,174,2502,1796576214,35.26857376098633,-27.668107986450195,521.5197143554688,19.422103881835938,384,79.6875,33,1.8387373685836792,93.31981658935547,4,2
Largeur,large,174,2502,1796576214,54.57602310180664,-26.129419326782227,415.5161437988281,20.76114273071289,438,78.53881278538813,18,1.6883294582366943,92.93383026123047,4,1
Largeur,étroite,132334,6870,190797265,34.37763595581055,-27.38838005065918,1025.8966064453125,20.50011444091797,432,77.08333333333333,15,0.8048388957977295,91.63824462890625,1,0
Largeur,large,132334,6870,190797265,53.807823181152344,-27.096900939941406,848.3399047851562,20.240053176879883,452,76.32743362831859,9,1.3295927047729492,91.92698669433594,2,0
Largeur,étroite,2697,179,485266100,34.34626770019531,-25.786575317382812,710.9734497070312,19.691593170166016,481,81.4968814968815,23,0.9677810668945312,91.70095825195312,0,0
Largeur,large,2697,179,485266100,54.594451904296875,-26.071043014526367,570.0078735351562,19.762447357177734,423,79.66903073286052,13,0.5077731609344482,92.72628021240234,0,2
Largeur,étroite,254,258,645237757,34.291988372802734,-25.950132369995117,635.8917846679688,18.89613151550293,508,81.49606299212599,16,1.2351773977279663,92.05237579345703,1,1
Largeur,large,254,258,645237757,53.99790573120117,-28.397335052490234,890.4296264648438,20.896987915039062,411,73.72262773722628,8,0.6090880632400513,91.8202133178711,0,1
Largeur,étroite,388,362,796471501,34.75109100341797,-27.464004516601562,756.0624389648438,19.97645378112793,450,79.55555555555556,20,0.957944393157959,92.13809204101562,1,1
Largeur,large,388,362,796471501,53.974037170410156,-25.645307540893555,722.0707397460938,21.30643653869629,373,73.72654155495978,8,0.5235019326210022,92.35751342773438,0,0
Largeur,étroite,570,5786,1196878155,34.617584228515625,-27.93678092956543,512.8218383789062,20.78675079345703,333,75.67567567567568,35,1.7001594305038452,93.82044982910156,4,2
Largeur,large,570,5786,1196878155,54.150299072265625,-27.61155891418457,677.8815307617188,19.80653953552246,362,73.20441988950276,21,0.9763208627700806,93.0964584350586,1,2
Largeur,étroite,268,131,359906493,34.454017639160156,-26.0994930267334,680.1809692382812,19.426151275634766,473,75.05285412262157,13,1.42641282081604,92.20878601074219,2,3
Largeur,large,268,131,359906493,53.75849533081055,-26.466276168823242,731.2684936523438,21.11054801940918,426,74.64788732394366,11,0.9611127972602844,92.26216888427734,0,1
Largeur,étroite,86,2922,1617046705,34.46003723144531,-28.190637588500977,606.6989135742188,21.125476837158203,312,81.41025641025641,55,3.4880220890045166,93.42408752441406,4,2
Largeur,large,86,2922,1617046705,54.4637451171875,-28.341814041137695,770.2589721679688,19.65113639831543,365,80,20,1.3920669555664062,92.81522369384766,2,2
Largeur,étroite,393,362,1827753950,34.99231719970703,-26.296993255615234,732.3682250976562,19.57211685180664,422,78.90995260663507,29,1.661325454711914,92.44940185546875,1,1
Largeur,large,393,362,1827753950,54.321258544921875,-26.855392456054688,836.2428588867188,22.004426956176758,397,74.81108312342569,13,0.748237669467926,92.18348693847656,0,0
Largeur,étroite,562,7640,2113437503,34.47637176513672,-28.79250144958496,860.2369995117188,20.307117462158203,401,76.05985037406484,16,1.0092649459838867,92.15048217773438,2,1
Largeur,large,562,7640,2113437503,53.405853271484375,-29.368741989135742,1305.92822265625,19.84553337097168,345,75.65217391304348,7,0.590746283531189,91.46904754638672,0,1
Largeur,étroite,3696,3822,1501688522,34.96137237548828,-27.447832107543945,793.5532836914062,19.432769775390625,402,72.636815920398,16,1.0373427867889404,92.14747619628906,0,0
Largeur,large,3696,3822,1501688522,54.14375305175781,-28.133813858032227,648.6886596679688,20.613704681396484,415,73.97590361445783,10,0.5326502919197083,92.46363830566406,0,0
Largeur,étroite,18794,21846,1477521204,35.25072479248047,-26.75599479675293,789.8541870117188,19.828514099121094,369,70.46070460704607,11,0.478518545627594,92.20121002197266,1,2
Largeur,large,18794,21846,1477521204,54.51099395751953,-25.946340560913086,653.9873657226562,20.749971389770508,423,75.41371158392435,6,0.4994884729385376,92.15418243408203,1,1
Largeur,étroite,382,349,48190158,35.28343200683594,-24.97130584716797,448.2181396484375,20.33075523376465,412,78.15533980582525,30,1.7719457149505615,92.70262145996094,3,1
Largeur,large,382,349,48190158,54.49525833129883,-25.514497756958008,590.8027954101562,20.905269622802734,380,75.26315789473684,15,0.8307316899299622,92.69344329833984,3,1
Largeur,étroite,368,359,628641533,35.48661804199219,-26.58574867248535,829.4445190429688,19.593135833740234,327,78.2874617737003,12,1.3302899599075317,92.78087615966797,1,2
Largeur,large,368,359,628641533,53.866111755371094,-28.09665870666504,778.9568481445312,20.7321720123291,399,74.93734335839599,12,0.6288267970085144,92.38959503173828,2,2
Largeur,étroite,83,93,1988519473,35.209712982177734,-26.698226928710938,445.0179443359375,20.108243942260742,401,75.06234413965088,31,1.5067147016525269,93.30375671386719,2,0
Largeur,large,83,93,1988519473,54.433040618896484,-25.72626304626465,452.81842041015625,20.360166549682617,436,77.75229357798165,20,1.0793486833572388,92.65023803710938,0,1
Largeur,étroite,570,559,2138614433,34.854427337646484,-24.70769500732422,444.81793212890625,20.076669692993164,430,76.51162790697674,29,2.740506887435913,93.12271118164062,5,1
Largeur,large,570,559,2138614433,54.6231803894043,-27.056303024291992,567.1085815429688,21.41316032409668,403,73.69727047146402,23,1.6501388549804688,92.88700103759766,3,0
Largeur,étroite,388,393,1490379973,34.31297302246094,-28.13502311706543,1032.0950927734375,20.047565460205078,461,79.17570498915401,14,1.0883543491363525,91.29794311523438,2,2
Largeur,large,388,393,1490379973,53.798675537109375,-27.93478775024414,870.9343872070312,21.55077362060547,414,75.1207729468599,12,1.711277961730957,91.62606811523438,1,1
Largeur,étroite,1382,4411,683759645,35.15036392211914,-26.698623657226562,985.1065063476562,20.3603515625,393,75.82697201017811,23,0.9215548634529114,91.89910888671875,0,1
Largeur,large,1382,4411,683759645,53.798709869384766,-28.35561752319336,1109.97607421875,20.800945281982422,417,72.90167865707434,8,0.5166647434234619,91.15308380126953,1,0
Largeur,étroite,83,86,385065937,34.83089065551758,-26.88859748840332,638.8910522460938,19.948392868041992,419,80.90692124105011,29,1.846886396408081,92.9132080078125,2,1
Largeur,large,83,86,385065937,54.3735466003418,-26.757793426513672,720.9710083007812,20.304738998413086,432,75.23148148148148,11,1.0096356868743896,92.1436538696289,1,3
Largeur,étroite,170,2502,1366447162,34.84517288208008,-26.87867546081543,594.7018432617188,19.384599685668945,403,78.41191066997519,26,1.92425537109375,92.9842529296875,1,1
Largeur,large,170,2502,1366447162,54.72975540161133,-26.257266998291016,479.4200439453125,20.184919357299805,401,79.55112219451371,15,1.6197901964187622,93.45046997070312,1,0
Largeur,étroite,99,96,1220134124,34.39393997192383,-27.952016830444336,961.4122924804688,20.57621955871582,476,78.57142857142857,25,1.2618108987808228,91.27266693115234,1,1
Largeur,large,99,96,1220134124,54.20707702636719,-27.03502082824707,923.6215209960938,20.54060935974121,401,75.06234413965088,11,0.609677791595459,91.85614776611328,0,0
Largeur,étroite,97,85,1335149631,35.065834045410156,-26.966123580932617,612.3975219726562,19.757122039794922,378,76.71957671957672,22,1.0669715404510498,93.13028717041016,1,3
Largeur,large,97,85,1335149631,54.11698532104492,-26.190114974975586,780.6564331054688,20.404155731201172,431,76.79814385150812,16,1.228403091430664,91.82173156738281,1,2
Largeur,étroite,21607,2994,1257437083,34.669246673583984,-27.779237747192383,1074.4847412109375,19.903547286987305,422,74.64454976303317,13,0.7192294597625732,91.40528869628906,2,0
Largeur,large,21607,2994,1257437083,53.49679183959961,-27.181873321533203,902.9265747070312,20.94791030883789,398,74.87437185929649,10,0.4195387363433838,91.93505859375,1,1
Largeur,étroite,153,152,750203086,34.9825553894043,-26.446674346923828,646.4891967773438,20.885456085205078,344,77.32558139534883,46,2.59977650642395,93.14663696289062,2,1
Largeur,large,153,152,750203086,54.43817901611328,-25.666641235351562,622.5950317382812,20.42154884338379,426,77.69953051643192,33,2.531085729598999,92.38902282714844,5,0
Largeur,étroite,147,140,2134306667,34.90478515625,-27.104026794433594,722.2706909179688,20.949359893798828,357,74.78991596638656,43,2.6342408657073975,92.86612701416016,2,1
Largeur,large,147,140,2134306667,54.40291976928711,-27.401954650878906,646.6891479492188,19.693906784057617,470,79.57446808510639,18,1.718505620956421,92.05496978759766,5,0
Largeur,étroite,254,256,764807854,34.77147674560547,-28.302648544311523,778.7568969726562,20.3869571685791,477,75.68134171907757,4,0.5586470365524292,91.92678833007812,1,1
Largeur,large,254,256,764807854,53.321327209472656,-27.41025733947754,986.3062133789062,20.97107696533203,377,72.94429708222812,5,0.4375603199005127,91.37016296386719,0,2
Largeur,étroite,789,7914,670436716,34.86741638183594,-26.177095413208008,778.1570434570312,20.1834659576416,358,80.16759776536313,53,4.06306791305542,90.96176147460938,2,1
Largeur,large,789,7914,670436716,54.59955978393555,-25.691255569458008,501.62139892578125,20.40766716003418,408,75,19,0.9100438952445984,92.63192749023438,1,0
Largeur,étroite,132334,995,1013966036,34.53133010864258,-27.234264373779297,835.3430786132812,19.5745792388916,492,77.03252032520325,8,0.32338622212409973,91.57731628417969,0,0
Largeur,large,132334,995,1013966036,53.842491149902344,-27.086536407470703,830.1443481445312,21.704118728637695,441,77.77777777777777,2,0.1356806755065918,91.42141723632812,0,1
Largeur,étroite,131,10388,1718824160,35.20073699951172,-27.231172561645508,529.5177612304688,20.115135192871094,423,74.94089834515367,36,3.843740224838257,92.5482177734375,4,0
Largeur,large,131,10388,1718824160,54.77471923828125,-24.583011627197266,364.5130310058594,20.172985076904297,427,76.5807962529274,16,1.1726795434951782,92.6907730102539,0,0
Largeur,étroite,104,115,1709944646,35.439613342285156,-24.669023513793945,430.41705322265625,19.59324073791504,414,78.26086956521739,37,2.9150118827819824,93.2360610961914,5,2
Largeur,large,104,115,1709944646,54.83326721191406,-27.512205123901367,562.2097778320312,21.457416534423828,410,78.04878048780488,25,1.4167402982711792,92.8393783569336,3,1
Largeur,étroite,2250,1929,726787874,35.09111022949219,-25.038984298706055,558.5106811523438,20.94957733154297,321,84.11214953271028,64,3.483971118927002,93.36390686035156,7,0
Largeur,large,2250,1929,726787874,54.31905746459961,-24.879579544067383,575.2066040039062,20.796138763427734,363,77.68595041322314,37,2.2680933475494385,92.59866333007812,5,0
Largeur,étroite,105,239,94993703,34.455989837646484,-27.70632553100586,546.9135131835938,20.17068862915039,432,76.62037037037037,29,1.1694436073303223,92.9074478149414,1,0
Largeur,large,105,239,94993703,54.54888153076172,-28.80926513671875,605.6991577148438,18.939342498779297,401,75.06234413965088,14,0.779553234577179,92.6539535522461,0,1
Largeur,étroite,156,3735,1849727770,35.046958923339844,-26.429841995239258,695.4772338867188,19.814876556396484,409,76.77261613691931,14,1.1573461294174194,92.62379455566406,2,1
Largeur,large,156,3735,1849727770,54.304847717285156,-27.112546920776367,726.6696166992188,21.24597930908203,433,75.98152424942263,10,0.42698726058006287,92.24903106689453,2,2
Largeur,étroite,268,7911,1384120890,35.18757629394531,-26.1884822845459,879.7322387695312,19.56856918334961,460,77.82608695652173,11,0.31864577531814575,91.29244232177734,0,1
Largeur,large,268,7911,1384120890,53.08688735961914,-28.19804573059082,685.9795532226562,21.105031967163086,384,69.27083333333333,7,0.49775606393814087,93.24998474121094,0,1
Largeur,étroite,4057,110,1142969686,34.16154098510742,-28.694963455200195,915.9234008789062,20.014387130737305,474,80.80168776371308,9,0.7470922470092773,91.8749771118164,0,1
Largeur,large,4057,110,1142969686,53.76346969604492,-28.911285400390625,1037.19384765625,20.19976043701172,426,81.45539906103286,3,0.2640261650085449,91.66877746582031,1,3
Largeur,étroite,3307,3841,1888802919,34.73284912109375,-28.760284423828125,1005.0016479492188,19.93140983581543,354,75.42372881355932,12,0.40260833501815796,92.39978790283203,1,1
Largeur,large,3307,3841,1888802919,53.91715621948242,-28.007436752319336,1090.580810546875,20.63915252685547,386,76.6839378238342,13,1.2234914302825928,91.63371276855469,2,0
Largeur,étroite,127,125,1471360990,35.007564544677734,-26.491361618041992,672.7827758789062,19.585142135620117,419,77.80429594272077,13,0.5134983062744141,92.55255126953125,1,1
Largeur,large,127,125,1471360990,53.783180236816406,-27.51040267944336,936.1184692382812,21.050947189331055,330,72.72727272727273,7,0.5774784684181213,92.22589111328125,0,1
Largeur,étroite,996,9078,2102824771,34.63079833984375,-28.467893600463867,906.5256958007812,20.131542205810547,358,75.69832402234637,14,0.9799541234970093,92.30195617675781,0,0
Largeur,large,996,9078,2102824771,53.90311050415039,-28.115230560302734,850.5393676757812,21.536060333251953,361,74.23822714681441,17,1.6108763217926025,92.30857849121094,2,1
Largeur,étroite,127,3841,334167837,34.962677001953125,-28.540990829467773,745.1651000976562,20.30365562438965,357,74.50980392156863,16,0.4090430736541748,93.07550811767578,2,1
Largeur,large,127,3841,334167837,53.99113464355469,-28.118009567260742,1061.0880126953125,20.76079559326172,427,78.68852459016394,12,0.6758728623390198,91.32585906982422,1,1
Largeur,étroite,359,367,1036349728,34.63069152832031,-27.455686569213867,485.3204040527344,19.819326400756836,416,80.76923076923077,35,1.7061625719070435,93.28408813476562,1,1
Largeur,large,359,367,1036349728,55.013370513916016,-27.990610122680664,267.20709228515625,20.019773483276367,467,79.22912205567452,6,1.089540719985962,93.47335815429688,3,0
Largeur,étroite,996,997,948048695,34.35837936401367,-28.10493278503418,923.7214965820312,20.535972595214844,449,79.06458797327394,11,0.4292581081390381,91.44335174560547,0,1
Largeur,large,996,997,948048695,52.69117736816406,-29.936847686767578,1104.2774658203125,19.38471221923828,292,72.6027397260274,9,0.6836307644844055,92.00116729736328,0,3
Largeur,étroite,9078,1895,506792090,34.007633209228516,-28.937458038330078,790.7539672851562,19.87344741821289,443,76.2979683972912,6,1.1657962799072266,92.35601043701172,1,1
Largeur,large,9078,1895,506792090,53.25646209716797,-28.742618560791016,916.3233032226562,20.2357120513916,400,74,5,0.2828083336353302,92.23406982421875,0,2
Largeur,étroite,7868,6997,603445893,34.32817840576172,-28.35280418395996,729.7688598632812,19.893035888671875,456,79.3859649122807,17,0.7299194931983948,92.6539306640625,2,1
Largeur,large,7868,6997,603445893,54.21506881713867,-28.106468200683594,675.0822143554688,21.151334762573242,422,77.72511848341232,13,0.6515158414840698,92.85041809082031,1,1
Largeur,étroite,13294,2790,211620115,34.51224899291992,-29.16291618347168,1049.390869140625,20.678630828857422,381,76.64041994750656,6,0.8803877830505371,91.95701599121094,1,0
Largeur,large,13294,2790,211620115,52.690372467041016,-29.8692684173584,1297.330322265625,19.33820915222168,338,75.44378698224853,4,0.09791728854179382,91.4384765625,0,2
Largeur,étroite,432,20070,1780414719,34.64961624145508,-27.92831039428711,555.6113891601562,20.988039016723633,419,78.75894988066825,41,2.2171270847320557,92.765625,2,1
Largeur,large,432,20070,1780414719,54.59189987182617,-27.929704666137695,529.2178344726562,19.21001625061035,391,78.51662404092072,19,1.451888084411621,92.96001434326172,1,0
Largeur,étroite,2726,145,937223518,34.26596450805664,-29.181882858276367,1092.580322265625,20.2049560546875,415,80.48192771084338,13,0.6399275660514832,91.43185424804688,1,1
Largeur,large,2726,145,937223518,53.619956970214844,-28.484159469604492,903.7263793945312,20.914058685302734,362,74.30939226519337,16,1.210204839706421,92.37887573242188,5,3
Largeur,étroite,6907,13294,776916771,34.40189743041992,-26.858257293701172,895.7283325195312,20.612770080566406,363,79.0633608815427,23,0.7487232089042664,92.58039855957031,1,2
Largeur,large,6907,13294,776916771,53.46245193481445,-28.52826690673828,1194.75537109375,22.0152530670166,337,71.21661721068249,10,0.4638875424861908,90.14476776123047,3,0
Largeur,étroite,21846,4411,883719064,34.83604049682617,-27.841487884521484,1020.7977905273438,20.62521743774414,335,77.01492537313433,22,1.1872525215148926,92.27073669433594,1,0
Largeur,large,21846,4411,883719064,54.22025680541992,-26.727069854736328,802.5510864257812,20.16326332092285,422,74.88151658767772,15,0.8528351783752441,91.93500518798828,1,0
Largeur,étroite,331,382,1763330361,35.12063217163086,-25.935150146484375,594.9017944335938,19.171009063720703,377,76.657824933687,15,1.5630574226379395,93.28398132324219,1,2
Largeur,large,331,382,1763330361,53.41160202026367,-28.36507797241211,755.5625610351562,20.5180721282959,406,76.10837438423646,9,0.6217870116233826,92.33067321777344,1,3
Largeur,étroite,7911,131,1097703492,34.63248825073242,-28.606130599975586,746.7647094726562,19.43072509765625,369,78.86178861788618,15,0.6864215135574341,92.98422241210938,1,2
Largeur,large,7911,131,1097703492,53.34865951538086,-29.575437545776367,800.9514770507812,20.594091415405273,394,72.58883248730965,10,0.9920171499252319,90.7437973022461,1,2
Largeur,étroite,266,258,20376260,34.84598922729492,-27.116737365722656,618.5960083007812,19.543733596801758,435,74.94252873563218,19,0.5684586763381958,92.33049011230469,0,1
Largeur,large,266,258,20376260,54.132022857666016,-25.716854095458984,677.0817260742188,20.545673370361328,402,76.11940298507463,5,0.41433194279670715,92.3354263305664,0,2
Largeur,étroite,104,111,1400887770,34.903892517089844,-25.05434226989746,538.6155395507812,20.207319259643555,442,78.95927601809954,32,1.1135152578353882,92.67535400390625,1,1
Largeur,large,104,111,1400887770,54.32207489013672,-26.781963348388672,650.4882202148438,20.840662002563477,371,76.01078167115902,11,0.5704084634780884,92.97579193115234,3,1
Largeur,étroite,83,87,567345045,34.49318313598633,-28.820505142211914,647.4889526367188,20.905256271362305,312,77.88461538461539,38,2.882890224456787,93.6127700805664,5,0
Largeur,large,83,87,567345045,54.413272857666016,-26.700359344482422,670.7832641601562,19.86917495727539,371,76.54986522911051,27,1.387396216392517,92.80441284179688,6,0
Largeur,étroite,132,3841,490794889,34.713191986083984,-26.894113540649414,573.2070922851562,19.88892936706543,428,81.54205607476635,30,1.89335298538208,92.66445922851562,1,1
Largeur,large,132,3841,490794889,54.12808609008789,-26.447803497314453,557.4109497070312,19.785003662109375,453,76.15894039735099,13,0.9696820974349976,92.51603698730469,2,0
Largeur,étroite,21607,3472,380953897,34.17632293701172,-29.359098434448242,963.2118530273438,20.0978946685791,486,79.01234567901234,10,0.41083499789237976,91.48063659667969,0,0
Largeur,large,21607,3472,380953897,53.561283111572266,-28.445877075195312,999.8029174804688,19.855819702148438,399,76.44110275689223,15,0.9616608619689941,91.67107391357422,1,2
Largeur,étroite,3611,3610,1575844887,34.438194274902344,-28.816373825073242,774.3579711914062,20.689546585083008,397,79.5969773299748,34,1.5832550525665283,92.35742950439453,1,0
Largeur,large,3611,3610,1575844887,54.55467987060547,-27.546422958374023,767.3596801757812,20.018783569335938,413,74.33414043583535,13,0.8592806458473206,92.26312255859375,1,1
Largeur,étroite,357,364,2013425278,33.97587966918945,-28.383140563964844,1168.4617919921875,19.88646697998047,412,79.12621359223301,11,0.3138158917427063,91.6024169921875,0,3
Largeur,large,357,364,2013425278,54.15533447265625,-28.838470458984375,763.1607055664062,20.00663948059082,429,78.32167832167832,3,0.17812299728393555,92.67357635498047,0,1
Largeur,étroite,3735,140,13374071,35.03646469116211,-28.748125076293945,1075.384521484375,20.591495513916016,345,75.07246376811594,16,0.7111313343048096,92.02953338623047,1,0
Largeur,large,3735,140,13374071,52.7069091796875,-29.11769676208496,1321.92431640625,20.653804779052734,312,67.62820512820512,6,0.2831926643848419,91.24474334716797,1,1
Largeur,étroite,388,366,352111753,34.653255462646484,-27.507728576660156,913.5239868164062,20.602163314819336,405,77.28395061728395,19,0.7598599791526794,92.00920104980469,2,0
Largeur,large,388,366,352111753,54.26352310180664,-28.241506576538086,993.0045776367188,20.07914161682129,418,74.88038277511961,7,0.6576425433158875,91.91793823242188,2,1
Largeur,étroite,175,6851,1049265140,34.54587173461914,-26.187145233154297,667.3840942382812,19.27721405029297,447,75.16778523489933,22,0.8734195232391357,92.47955322265625,1,2
Largeur,large,175,6851,1049265140,54.409420013427734,-26.63164520263672,796.8524780273438,21.286489486694336,399,73.93483709273183,8,0.968877911567688,90.67621612548828,1,3
Largeur,étroite,3263,4007,186245157,34.94809341430664,-26.971845626831055,737.3670043945312,20.407100677490234,375,78.13333333333334,19,0.7017103433609009,90.62272644042969,2,0
Largeur,large,3263,4007,186245157,53.66938781738281,-27.370861053466797,720.6710815429688,21.804309844970703,365,70.13698630136986,22,1.3357211351394653,92.43632507324219,3,1
Largeur,étroite,3616,441,1120418230,35.00746536254883,-28.786636352539062,1104.77734375,20.961151123046875,383,75.97911227154047,11,0.4730244278907776,91.53726196289062,0,0
Largeur,large,3616,441,1120418230,53.840702056884766,-28.305339813232422,976.2086791992188,20.779478073120117,398,73.86934673366834,10,0.8152593374252319,91.71363067626953,1,0
Largeur,étroite,349,337,85596666,35.20384979248047,-26.735721588134766,853.3386840820312,19.895986557006836,373,77.21179624664879,32,1.574722170829773,92.12550354003906,1,1
Largeur,large,349,337,85596666,54.03314971923828,-25.722335815429688,682.1804809570312,21.170286178588867,368,70.1086956521739,16,1.0686942338943481,92.8787841796875,2,3
Largeur,étroite,366,368,1769244548,34.7419548034668,-26.450807571411133,704.8749389648438,19.67073631286621,451,80.93126385809313,34,1.709305763244629,92.44183349609375,2,1
Largeur,large,366,368,1769244548,53.91985321044922,-26.49761962890625,674.1824340820312,19.784095764160156,376,81.91489361702128,15,1.5515443086624146,92.71444702148438,1,2
Largeur,étroite,393,357,1313602615,34.12729263305664,-27.66292953491211,817.3474731445312,20.189559936523438,490,82.24489795918367,14,0.9437058568000793,91.36597442626953,0,0
Largeur,large,393,357,1313602615,53.58386993408203,-27.204591751098633,897.1279907226562,20.141950607299805,372,77.41935483870968,13,0.7283728718757629,92.17491912841797,1,2
Largeur,étroite,370,388,1463368591,34.97294998168945,-27.605154037475586,674.6823120117188,20.32012939453125,354,80.7909604519774,28,1.5333340167999268,93.33586883544922,1,1
Largeur,large,370,388,1463368591,54.55572509765625,-24.794652938842773,543.0144653320312,21.57993507385254,449,76.16926503340757,20,2.175528049468994,92.41110229492188,5,0
Largeur,étroite,1538,99,767019185,34.78896713256836,-27.01003646850586,630.6930541992188,19.56488609313965,474,76.37130801687763,16,0.3843223452568054,92.359619140625,0,0
Largeur,large,1538,99,767019185,54.411529541015625,-28.019458770751953,599.2007446289062,21.52834701538086,443,76.2979683972912,10,0.7066584229469299,92.52609252929688,1,0
Largeur,étroite,170,6997,871005224,35.33489990234375,-26.185623168945312,691.5781860351562,20.105121612548828,356,73.59550561797752,22,0.6875911951065063,92.84716796875,2,2
Largeur,large,170,6997,871005224,53.83452224731445,-25.991722106933594,751.6635131835938,20.35099220275879,411,74.69586374695864,19,1.4010027647018433,92.31613159179688,2,0
Largeur,étroite,152,140,1014651230,34.67839431762695,-26.401042938232422,817.1475219726562,19.927032470703125,421,78.14726840855107,18,1.1422677040100098,92.12947082519531,0,1
Largeur,large,152,140,1014651230,53.642513275146484,-27.59323501586914,786.2550659179688,20.899578094482422,429,78.32167832167832,12,1.0153909921646118,92.39453887939453,2,1
Largeur,étroite,172,2697,1250740141,34.49302673339844,-27.12920570373535,727.0695190429688,20.21072006225586,383,79.63446475195822,23,1.2124178409576416,92.78707885742188,2,0
Largeur,large,172,2697,1250740141,53.687583923339844,-28.824871063232422,954.9138793945312,20.05714988708496,394,78.42639593908629,18,0.8286089897155762,91.81177520751953,0,0
Largeur,étroite,142,147,2024776132,34.07709884643555,-28.407455444335938,772.2584838867188,19.669654846191406,479,84.34237995824634,18,0.9841082096099854,92.53338623046875,4,2
Largeur,large,142,147,2024776132,53.42889404296875,-29.456018447875977,1012.5997924804688,21.257762908935547,324,73.76543209876543,16,0.9648100733757019,92.40061950683594,3,2
Largeur,étroite,559,3616,1464793213,34.488861083984375,-27.741119384765625,723.0704956054688,20.969228744506836,324,75.30864197530865,36,2.769744634628296,93.19998168945312,1,1
Largeur,large,559,3616,1464793213,53.89211654663086,-27.448678970336914,764.4603881835938,20.3870792388916,422,75.59241706161137,21,1.1072734594345093,89.95738983154297,1,1
Largeur,étroite,306,361,674103857,34.573875427246094,-26.375396728515625,638.4911499023438,20.088409423828125,367,78.47411444141689,25,1.4556738138198853,92.73582458496094,0,1
Largeur,large,306,361,674103857,53.96213912963867,-28.310794830322266,923.7214965820312,21.69983673095703,349,72.20630372492836,17,2.1821725368499756,92.08250427246094,1,0
Largeur,étroite,3822,21581,455992310,34.095855712890625,-28.122404098510742,908.3252563476562,19.86456298828125,463,79.48164146868251,19,1.6369646787643433,91.47962951660156,3,1
Largeur,large,3822,21581,455992310,53.87567901611328,-27.716400146484375,904.1262817382812,19.90176010131836,404,73.51485148514851,10,0.6945660710334778,91.74954223632812,0,3
Largeur,étroite,3706,156,411967342,34.85567092895508,-26.610082626342773,592.7023315429688,20.239707946777344,382,75.91623036649214,34,1.6415894031524658,93.34600067138672,3,1
Largeur,large,3706,156,411967342,54.51842498779297,-26.601545333862305,545.1139526367188,20.371408462524414,426,76.99530516431925,24,0.9481682181358337,92.44719696044922,1,0
Largeur,étroite,363,373,1100352984,35.320648193359375,-25.129779815673828,409.415771484375,20.20949935913086,344,77.03488372093024,35,2.2628824710845947,93.49653625488281,0,0
Largeur,large,363,373,1100352984,54.51791763305664,-25.701610565185547,458.41876220703125,21.296342849731445,385,72.46753246753246,18,1.4345033168792725,92.86365509033203,3,0
Largeur,étroite,2925,17530,1241640015,34.53180694580078,-27.984094619750977,962.9119262695312,20.561094284057617,386,78.23834196891191,21,0.785111129283905,91.94099426269531,1,0
Largeur,large,2925,17530,1241640015,53.89919662475586,-28.127920150756836,688.3789672851562,20.714427947998047,389,78.40616966580977,14,0.8093528747558594,90.75843811035156,1,1
Largeur,étroite,436,995,330066000,35.494991302490234,-25.64002227783203,453.7184753417969,20.632612228393555,381,75.06561679790026,43,2.7315139770507812,93.39813232421875,3,0
Largeur,large,436,995,330066000,54.99180221557617,-25.91631317138672,577.5060424804688,21.370046615600586,364,77.47252747252747,22,1.5354076623916626,93.37954711914062,3,1
Largeur,étroite,368,388,950415411,35.17817687988281,-27.14751434326172,617.7962036132812,20.574373245239258,431,74.70997679814386,24,1.5178334712982178,91.97637939453125,0,0
Largeur,large,368,388,950415411,54.230926513671875,-27.376529693603516,560.4102172851562,20.737464904785156,477,79.03563941299791,14,0.9834744334220886,92.29638671875,2,1
Largeur,étroite,145,147,1914605551,34.368492126464844,-29.495704650878906,857.5376586914062,19.826435089111328,420,78.33333333333333,16,1.5368695259094238,92.08512115478516,0,0
Largeur,large,145,147,1914605551,53.38425064086914,-29.73391342163086,1025.796630859375,19.836469650268555,328,73.17073170731707,12,1.3736448287963867,92.41527557373047,4,0
Largeur,étroite,176,174,1842724251,34.90467071533203,-25.74831199645996,585.7040405273438,19.646677017211914,408,79.90196078431373,28,2.0627236366271973,92.84647369384766,2,4
Largeur,large,176,174,1842724251,54.47109603881836,-25.48868751525879,480.42010498046875,20.269121170043945,398,78.89447236180905,17,1.042834758758545,92.84365844726562,1,0
Largeur,étroite,239,4007,625984714,34.548526763916016,-28.554119110107422,788.6544799804688,19.901689529418945,364,77.74725274725274,22,1.6222493648529053,92.64745330810547,1,2
Largeur,large,239,4007,625984714,53.62226867675781,-27.982219696044922,721.9707641601562,20.666194915771484,354,76.27118644067797,26,3.6595356464385986,92.6971435546875,7,0
Largeur,étroite,258,264,1637070181,35.019126892089844,-27.64540672302246,452.01837158203125,19.844812393188477,428,80.14018691588785,24,1.2787957191467285,93.34228515625,2,0
Largeur,large,258,264,1637070181,54.50838088989258,-26.196094512939453,406.5155944824219,20.280481338500977,401,73.31670822942644,9,0.6560799479484558,93.3001937866211,0,4
Largeur,étroite,4405,13294,1060016884,34.45392990112305,-27.585918426513672,1023.0972290039062,20.15506935119629,407,77.14987714987716,17,0.8565850257873535,91.6727066040039,0,1
Largeur,large,4405,13294,1060016884,53.249122619628906,-28.426959991455078,1211.1513671875,21.174739837646484,403,75.68238213399503,10,0.7302860021591187,90.71461486816406,0,2
Largeur,étroite,134,2950,57829408,34.43977355957031,-27.60389518737793,978.1082153320312,20.48462677001953,410,80.2439024390244,12,0.5886470079421997,91.65950012207031,1,2
Largeur,large,134,2950,57829408,53.29444122314453,-28.797475814819336,1066.186767578125,19.257394790649414,339,71.976401179941,8,0.7168684601783752,90.4664077758789,1,3
Largeur,étroite,373,384,506153595,34.47716522216797,-28.83779525756836,1038.4935302734375,20.786632537841797,347,75.50432276657061,19,0.9513341188430786,92.24644470214844,1,0
Largeur,large,373,384,506153595,53.896759033203125,-28.374540328979492,1085.382080078125,20.387659072875977,465,79.13978494623656,15,1.2249881029129028,91.14330291748047,2,2
Largeur,étroite,90,1538,1336815701,34.568626403808594,-29.163515090942383,839.1421508789062,20.236907958984375,376,78.72340425531915,29,1.1461366415023804,92.51072692871094,4,0
Largeur,large,90,1538,1336815701,53.68308639526367,-28.133106231689453,935.7185668945312,20.890195846557617,299,72.24080267558529,18,1.6022815704345703,92.7361068725586,1,2
Largeur,étroite,7640,11551,580634010,34.416751861572266,-27.517623901367188,990.7051391601562,20.714630126953125,416,76.92307692307692,27,1.855332851409912,91.80543518066406,1,0
Largeur,large,7640,11551,580634010,53.585567474365234,-28.529977798461914,1138.169189453125,20.763647079467773,335,70.74626865671642,9,0.3847638964653015,91.80908966064453,1,1
Largeur,étroite,172,174,810178100,35.58613967895508,-25.501873016357422,655.3870239257812,19.911596298217773,368,74.72826086956522,25,1.4000139236450195,92.50028991699219,1,0
Largeur,large,172,174,810178100,53.98092269897461,-26.464447021484375,578.3058471679688,19.811662673950195,402,79.1044776119403,13,0.9068814516067505,92.90277099609375,3,4
Largeur,étroite,4691,22269,1189255965,35.26890563964844,-24.240577697753906,618.3960571289062,19.465192794799805,387,74.67700258397933,23,1.1712515354156494,92.450439453125,1,0
Largeur,large,4691,22269,1189255965,54.2243537902832,-27.67551612854004,744.0653686523438,21.66806983947754,359,72.14484679665738,11,0.7260850667953491,92.25910949707031,1,0
Largeur,étroite,99,2922,1358150438,34.27464294433594,-28.13720703125,1006.2013549804688,20.006248474121094,338,77.51479289940828,17,0.47087571024894714,92.47586059570312,0,5
Largeur,large,99,2922,1358150438,53.663753509521484,-27.856592178344727,1018.0984497070312,20.525402069091797,371,77.62803234501348,16,2.7214982509613037,91.95741271972656,2,3
Largeur,étroite,111,113,884255354,34.38026428222656,-25.6788272857666,574.4067993164062,21.761232376098633,349,77.07736389684814,46,2.12746524810791,93.07989501953125,0,1
Largeur,large,111,113,884255354,54.087650299072266,-27.39401626586914,670.2833862304688,21.570722579956055,383,71.0182767624021,18,1.1927497386932373,92.8669204711914,4,1
Largeur,étroite,133,268,612132171,35.26435852050781,-25.358585357666016,758.3618774414062,19.707517623901367,384,78.90625,18,0.5500876307487488,92.38037872314453,1,4
Largeur,large,133,268,612132171,54.1839485168457,-26.266916275024414,583.8045043945312,20.280670166015625,448,73.66071428571429,10,0.7377984523773193,92.28485870361328,1,1
Largeur,étroite,267,263,322750925,34.727256774902344,-29.24909019470215,1140.968505859375,19.871477127075195,386,72.79792746113989,8,0.28383302688598633,91.5207290649414,0,0
Largeur,large,267,263,322750925,53.75234603881836,-27.139375686645508,1141.368408203125,19.520782470703125,378,76.45502645502646,9,0.31742480397224426,91.56425476074219,0,1
Largeur,étroite,22269,5786,2139222572,34.556846618652344,-28.17568016052246,869.6347045898438,19.753923416137695,456,78.94736842105263,16,0.8251066207885742,92.04995727539062,1,0
Largeur,large,22269,5786,2139222572,53.60578155517578,-28.591901779174805,817.1475219726562,20.28472328186035,457,73.30415754923413,5,0.33476340770721436,91.77669525146484,2,0
Largeur,étroite,170,174,466818611,35.13037109375,-26.3029842376709,560.4102172851562,19.48603630065918,417,77.45803357314149,17,1.2785091400146484,92.92741394042969,0,1
Largeur,large,170,174,466818611,54.43290328979492,-24.737756729125977,705.0748901367188,20.046981811523438,337,76.8545994065282,14,1.191396713256836,93.10807800292969,0,1
Largeur,étroite,384,367,2006222649,34.980926513671875,-25.51996612548828,495.9210510253906,19.674062728881836,406,83.00492610837438,34,2.4840903282165527,93.25194549560547,4,1
Largeur,large,384,367,2006222649,54.3696174621582,-27.234712600708008,641.8903198242188,19.81711196899414,416,77.16346153846153,13,1.24521803855896,92.44715118408203,1,0
Largeur,étroite,85,1538,1581366703,34.27147674560547,-28.07223129272461,494.220947265625,20.373565673828125,469,79.53091684434968,20,0.9582064151763916,92.83426666259766,1,2
Largeur,large,85,1538,1581366703,54.13947677612305,-27.687707901000977,539.3153686523438,20.242847442626953,405,71.60493827160494,10,0.9743620157241821,92.74913024902344,0,1
Largeur,étroite,89,93,1024494580,34.77419662475586,-26.163787841796875,847.2401733398438,19.279064178466797,454,79.0748898678414,18,0.806131899356842,91.63583374023438,1,3
Largeur,large,89,93,1024494580,54.02256393432617,-26.760835647583008,617.2963256835938,20.86722755432129,446,75.11210762331838,6,0.6012641787528992,92.24665832519531,3,1
Largeur,étroite,3611,7879,1465685371,35.161590576171875,-26.236692428588867,660.9856567382812,19.237924575805664,429,82.51748251748252,30,1.623302698135376,92.32107543945312,1,2
Largeur,large,3611,7879,1465685371,54.435028076171875,-27.05240249633789,610.1980590820312,21.07335090637207,444,77.92792792792793,18,2.174767255783081,92.28388977050781,3,3
Largeur,étroite,1382,2790,1615964618,34.720458984375,-27.33074951171875,921.3220825195312,20.146305084228516,440,77.72727272727273,16,0.6988282203674316,91.74198913574219,1,2
Largeur,large,1382,2790,1615964618,53.94535827636719,-28.035646438598633,820.1467895507812,19.678485870361328,443,78.3295711060948,9,0.5476661324501038,91.89405822753906,3,1
Largeur,étroite,85,244,1139745998,34.180686950683594,-29.0244140625,911.0245971679688,19.68389320373535,465,79.56989247311827,18,1.215193748474121,91.52262115478516,3,0
Largeur,large,85,244,1139745998,53.430641174316406,-27.318798065185547,884.2311401367188,21.41891098022461,394,74.61928934010152,18,0.6296353936195374,91.83663177490234,2,2
Largeur,étroite,263,250,2087460833,35.31244659423828,-24.445175170898438,428.3169250488281,19.510696411132812,414,74.15458937198068,20,1.6009849309921265,93.1063232421875,0,0
Largeur,large,263,250,2087460833,54.57556915283203,-26.104494094848633,532.8169555664062,21.1782283782959,458,75.76419213973799,11,1.5589046478271484,92.74308013916016,1,0
Largeur,étroite,3472,3696,336812851,34.72954559326172,-28.75424575805664,730.2687377929688,19.957685470581055,360,71.66666666666667,21,1.7930066585540771,92.94988250732422,2,3
Largeur,large,3472,3696,336812851,53.53122329711914,-30.800098419189453,1062.78759765625,20.02284812927246,368,72.28260869565217,2,0.7945950031280518,91.788818359375,1,1
Largeur,étroite,13294,21540,487868817,34.90561294555664,-27.565576553344727,961.4122924804688,20.459009170532227,404,75,22,0.7386043071746826,91.64847564697266,2,0
Largeur,large,13294,21540,487868817,53.64911651611328,-27.874956130981445,1091.8804931640625,20.744613647460938,381,76.11548556430446,11,0.8946584463119507,91.43958282470703,1,0
Largeur,étroite,570,936,308785032,34.60707092285156,-27.632204055786133,509.22186279296875,20.6917781829834,372,76.61290322580645,34,2.110407590866089,93.20626831054688,3,2
Largeur,large,570,936,308785032,54.182899475097656,-27.857378005981445,720.3711547851562,19.24027442932129,410,79.7560975609756,15,0.8769794702529907,90.52519226074219,2,1
Largeur,étroite,243,94,1913070780,34.34086227416992,-29.42986488342285,772.2584838867188,20.417327880859375,382,79.05759162303664,20,1.4798240661621094,92.912841796875,3,0
Largeur,large,243,94,1913070780,53.46651077270508,-28.746232986450195,1152.165771484375,21.383005142211914,381,75.85301837270342,11,0.9809375405311584,91.27032470703125,1,1
Largeur,étroite,382,357,1412098517,35.06082534790039,-26.542682647705078,531.4172973632812,20.644123077392578,363,79.88980716253444,37,3.084625005722046,93.44430541992188,2,1
Largeur,large,382,357,1412098517,54.37991714477539,-29.83694076538086,768.3594360351562,20.1326904296875,377,70.82228116710876,10,0.7569708824157715,92.1512680053711,1,3
Largeur,étroite,21581,437,2133107748,34.87676239013672,-26.890504837036133,633.5923461914062,20.225831985473633,428,81.30841121495327,15,0.3808306157588959,93.18396759033203,1,3
Largeur,large,21581,437,2133107748,53.73420333862305,-27.171226501464844,856.0380249023438,20.233749389648438,401,78.05486284289277,9,0.6312315464019775,91.99501037597656,2,3
Largeur,étroite,257,262,1110783560,34.732845306396484,-27.248947143554688,781.6561889648438,19.980289459228516,436,83.71559633027523,26,1.0636868476867676,91.99189758300781,1,0
Largeur,large,257,262,1110783560,54.288978576660156,-28.67019271850586,951.9146118164062,20.33517074584961,376,75,12,0.5008280277252197,92.14729309082031,6,0
Largeur,étroite,3759,6907,1682151650,35.518978118896484,-26.979713439941406,509.9219055175781,20.26290512084961,397,71.78841309823677,9,1.7119359970092773,93.33722686767578,2,2
Largeur,large,3759,6907,1682151650,53.33884811401367,-26.878681182861328,778.6569213867188,21.458396911621094,386,70.98445595854922,6,1.1533178091049194,91.9189682006836,1,0
Largeur,étroite,21607,5309,302470383,34.77946853637695,-28.166826248168945,960.3125610351562,20.123546600341797,397,75.56675062972292,15,1.257817268371582,92.0750732421875,2,0
Largeur,large,21607,5309,302470383,54.23672866821289,-26.958507537841797,885.7307739257812,20.62638282775879,439,78.5876993166287,11,1.09474778175354,91.66285705566406,1,1
Largeur,étroite,2572,112,1664014101,34.9301872253418,-24.888526916503906,589.2031860351562,19.696975708007812,445,77.07865168539325,28,1.623653531074524,91.92582702636719,1,2
Largeur,large,2572,112,1664014101,54.36416244506836,-26.308212280273438,571.0076293945312,21.217304229736328,437,75.97254004576659,15,0.9418432116508484,92.45832061767578,2,1
Largeur,étroite,118,2925,364679294,34.568443298339844,-26.775577545166016,831.8439331054688,20.37750244140625,420,79.28571428571429,27,1.369378924369812,92.19200134277344,0,1
Largeur,large,118,2925,364679294,53.13797378540039,-27.804309844970703,999.8029174804688,19.749177932739258,371,77.35849056603773,17,0.9498326182365417,90.14012145996094,1,1
Largeur,étroite,87,1538,420943911,34.296112060546875,-28.79640769958496,1008.8007202148438,20.32501220703125,378,78.3068783068783,23,0.8603992462158203,91.69481658935547,2,1
Largeur,large,87,1538,420943911,53.58952331542969,-27.9894962310791,719.5713500976562,20.948774337768555,404,74.5049504950495,20,1.3774043321609497,92.52790832519531,2,2
Largeur,étroite,559,936,330630444,34.70917510986328,-27.26776123046875,715.1724243164062,20.786663055419922,366,75.68306010928961,28,1.4730472564697266,92.8310775756836,1,2
Largeur,large,559,936,330630444,53.98464584350586,-27.63351058959961,680.2809448242188,20.110855102539062,391,74.42455242966751,18,0.9160724878311157,92.38562774658203,1,0
Largeur,étroite,2250,3696,1887936958,34.87278747558594,-25.464277267456055,476.619873046875,20.69135856628418,372,74.46236559139786,41,3.2175331115722656,93.23686218261719,3,1
Largeur,large,2250,3696,1887936958,54.27495193481445,-27.33649253845215,642.0902709960938,20.29298973083496,370,75.94594594594595,25,1.2195581197738647,92.52020263671875,3,0
Largeur,étroite,2950,125,1145763051,34.664024353027344,-26.97519302368164,774.6578979492188,19.71336555480957,434,79.49308755760369,23,1.8157604932785034,91.97222137451172,1,1
Largeur,large,2950,125,1145763051,53.88460159301758,-27.448768615722656,833.9434204101562,20.236215591430664,373,73.45844504021447,14,1.2491636276245117,92.41654968261719,3,4
Largeur,étroite,9078,6870,922252038,34.586734771728516,-27.554536819458008,616.7964477539062,19.84760093688965,382,81.41361256544502,46,3.457817792892456,93.34457397460938,3,0
Largeur,large,9078,6870,922252038,54.51185607910156,-28.427209854125977,710.0736694335938,19.849103927612305,357,77.3109243697479,16,1.2177095413208008,93.11531829833984,3,1
Largeur,étroite,359,357,1411799261,34.3162727355957,-28.11268424987793,680.1809692382812,20.05440902709961,399,78.19548872180451,18,1.1669187545776367,93.05008697509766,2,2
Largeur,large,359,357,1411799261,53.51186752319336,-29.773557662963867,595.0017700195312,20.671611785888672,385,75.06493506493507,18,1.6095560789108276,93.08133697509766,2,1
Largeur,étroite,147,156,1700574325,35.0030517578125,-27.873754501342773,555.3114624023438,20.03705406188965,376,77.65957446808511,29,1.5592533349990845,93.3371810913086,8,0
Largeur,large,147,156,1700574325,54.30085754394531,-29.30469512939453,701.4757690429688,19.64590072631836,467,77.30192719486081,16,1.590694785118103,90.46839904785156,1,1
Largeur,étroite,3997,113,51613704,34.50712585449219,-27.774198532104492,829.2445678710938,20.707538604736328,457,76.80525164113786,21,0.8058777451515198,91.8070068359375,1,1
Largeur,large,3997,113,51613704,53.93182373046875,-27.458938598632812,735.7673950195312,20.094465255737305,416,75.96153846153847,17,1.5675139427185059,90.84854888916016,4,0
Largeur,étroite,103,4057,702879240,35.134342193603516,-26.35613250732422,494.6209716796875,20.432016372680664,416,74.51923076923077,31,1.9222557544708252,92.42777252197266,0,0
Largeur,large,103,4057,702879240,54.99666976928711,-26.138198852539062,455.3185729980469,20.55554962158203,403,76.67493796526054,19,2.3598432540893555,93.13738250732422,3,0
Largeur,étroite,170,174,1435546856,35.34794616699219,-26.533483505249023,699.7761840820312,18.935256958007812,393,77.86259541984732,12,0.5286781787872314,92.70831298828125,1,3
Largeur,large,170,174,1435546856,53.62300109863281,-27.619070053100586,591.6026000976562,19.440025329589844,403,78.41191066997519,8,0.5725817084312439,92.62113952636719,1,2
Largeur,étroite,137,10388,1495203957,35.11997604370117,-26.44932746887207,414.5160827636719,20.012113571166992,410,72.92682926829268,20,1.4634124040603638,93.32577514648438,1,0
Largeur,large,137,10388,1495203957,54.757484436035156,-26.13779640197754,452.9184265136719,21.164119720458984,454,74.22907488986785,12,0.5676238536834717,92.31629943847656,2,2
Largeur,étroite,156,151,323811002,34.85310745239258,-26.30893898010254,594.1019897460938,19.40931510925293,413,73.8498789346247,16,0.8031044006347656,92.66181945800781,1,1
Largeur,large,156,151,323811002,53.95747756958008,-25.989511489868164,623.6947631835938,20.697519302368164,413,73.60774818401937,14,1.0626153945922852,92.21209716796875,1,0
Largeur,étroite,118,3997,1667359241,35.23388671875,-25.655921936035156,698.8764038085938,20.015443801879883,411,78.34549878345499,18,0.6575164794921875,92.15336608886719,2,1
Largeur,large,118,3997,1667359241,54.293540954589844,-26.00394630432129,737.7669067382812,20.681982040405273,417,75.29976019184652,16,0.4668324589729309,91.68154907226562,0,1
Largeur,étroite,995,7656,765467029,34.37999725341797,-28.21445655822754,897.6278686523438,20.24159812927246,428,80.14018691588785,19,0.6185014843940735,92.16910552978516,0,1
Largeur,large,995,7656,765467029,53.01824188232422,-29.23640251159668,809.4494018554688,20.78464698791504,326,69.93865030674847,11,0.7647724747657776,92.94512176513672,3,4
Largeur,étroite,3699,21610,972949956,34.443111419677734,-27.542861938476562,1054.4896240234375,20.072982788085938,434,80.87557603686636,19,2.2391226291656494,91.42793273925781,3,0
Largeur,large,3699,21610,972949956,54.08606719970703,-28.132625579833984,904.1262817382812,20.357576370239258,421,74.82185273159145,6,0.49409255385398865,91.91720581054688,0,0
Largeur,étroite,87,89,497728889,34.887977600097656,-26.983243942260742,592.9022827148438,19.84360122680664,386,80.05181347150258,21,1.5195317268371582,92.93159484863281,2,1
Largeur,large,87,89,497728889,53.23949432373047,-26.66614532470703,832.5437622070312,20.616296768188477,385,72.98701298701299,10,0.8599568009376526,91.75215911865234,1,2
Largeur,étroite,151,152,2045654981,34.499542236328125,-27.42123794555664,732.4682006835938,19.985498428344727,452,78.31858407079646,26,1.5115106105804443,92.09403228759766,1,0
Largeur,large,151,152,2045654981,53.54103469848633,-26.869081497192383,614.9968872070312,20.52783966064453,381,69.02887139107611,15,0.8487380743026733,92.92339324951172,1,1
Largeur,étroite,363,366,554673974,34.67463684082031,-26.96891975402832,705.0748901367188,21.1838436126709,390,75.8974358974359,30,2.6489479541778564,92.68295288085938,3,0
Largeur,large,363,366,554673974,53.57927322387695,-28.65555191040039,762.1609497070312,20.955522537231445,331,74.3202416918429,24,3.305825710296631,92.63526916503906,4,1
Largeur,étroite,104,3997,1784849258,35.13300704956055,-25.187519073486328,411.4158935546875,19.890668869018555,432,77.54629629629629,35,1.9344055652618408,92.82235717773438,0,0
Largeur,large,104,3997,1784849258,54.6480598449707,-25.445117950439453,514.8213500976562,21.17194938659668,445,77.52808988764045,18,0.8619492053985596,92.33895874023438,1,0
Largeur,étroite,393,384,1950149415,34.31175994873047,-28.883792877197266,991.2050170898438,20.63254737854004,448,80.35714285714286,23,0.6605191826820374,92.11637878417969,1,0
Largeur,large,393,384,1950149415,54.47407150268555,-27.478445053100586,987.1060180664062,20.259540557861328,476,79.2016806722689,14,0.6002625823020935,91.68785095214844,0,1
Largeur,étroite,789,19267,1551413899,34.85771560668945,-27.81903839111328,616.1965942382812,21.47842025756836,388,81.95876288659794,43,2.5402700901031494,93.01515197753906,2,0
Largeur,large,789,19267,1551413899,54.67564010620117,-28.82982063293457,824.7456665039062,20.262130737304688,379,74.40633245382585,15,0.725254237651825,92.26800537109375,0,0
Largeur,étroite,85,102,1083776645,34.12372970581055,-28.363670349121094,1006.4013061523438,19.751001358032227,464,79.52586206896552,16,0.8789105415344238,91.04395294189453,0,2
Largeur,large,85,102,1083776645,53.14418029785156,-29.62193489074707,1014.3993530273438,21.008331298828125,333,69.06906906906907,12,0.5203180313110352,91.85572814941406,2,2
Largeur,étroite,6870,432,1803412708,34.08320236206055,-29.842926025390625,1177.2596435546875,19.813508987426758,384,75.78125,3,0.07090076804161072,91.69593048095703,0,3
Largeur,large,6870,432,1803412708,53.344539642333984,-29.205995559692383,893.7288208007812,20.686206817626953,357,71.98879551820728,6,0.38231298327445984,92.45449829101562,2,1
Largeur,étroite,94,87,1603673735,34.421329498291016,-28.356826782226562,878.6325073242188,19.499006271362305,383,75.45691906005221,14,1.0223772525787354,92.42884826660156,2,2
Largeur,large,94,87,1603673735,53.870094299316406,-28.445932388305664,1162.36328125,21.55868148803711,452,76.76991150442478,12,1.0253852605819702,90.93973541259766,2,0
Largeur,étroite,258,266,1241796862,34.757301330566406,-26.62874984741211,745.4650268554688,19.578901290893555,389,78.1491002570694,20,0.8786705136299133,92.7630615234375,1,2
Largeur,large,258,266,1241796862,54.41566848754883,-25.474342346191406,575.2066040039062,20.30191421508789,386,76.6839378238342,13,0.9765182733535767,93.12886047363281,1,3
Largeur,étroite,113,3997,169762054,35.04705047607422,-27.438522338867188,826.8451538085938,19.217514038085938,385,74.02597402597402,15,1.2392988204956055,92.23676300048828,2,0
Largeur,large,113,3997,169762054,53.55113983154297,-27.62421226501465,827.9448852539062,20.65328025817871,373,68.36461126005362,9,0.6106749176979065,92.00779724121094,0,0
Largeur,étroite,3024,989,1153742415,34.74525451660156,-29.047616958618164,918.5227661132812,20.456483840942383,415,76.62650602409639,29,1.4693994522094727,92.22733306884766,1,0
Largeur,large,3024,989,1153742415,54.415706634521484,-26.673330307006836,690.0785522460938,19.767040252685547,451,76.94013303769401,9,0.47833988070487976,92.42739868164062,2,1
Largeur,étroite,359,368,1656874616,35.37360763549805,-25.918682098388672,426.216796875,20.52858543395996,388,79.63917525773196,46,2.0859036445617676,93.69677734375,2,3
Largeur,large,359,368,1656874616,54.72910690307617,-24.650789260864258,366.9131774902344,20.472261428833008,447,82.77404921700224,25,2.1070163249969482,92.98688507080078,0,0
Largeur,étroite,3735,139,1891547481,34.924861907958984,-27.690122604370117,1130.4710693359375,20.753862380981445,368,74.72826086956522,17,0.7594379782676697,89.85203552246094,0,1
Largeur,large,3735,139,1891547481,53.47869873046875,-28.540576934814453,1063.4874267578125,20.48670196533203,368,72.28260869565217,6,0.3934227526187897,91.84083557128906,1,1
Largeur,étroite,4007,109,266353912,35.15425109863281,-25.31761932373047,660.1858520507812,19.7641544342041,375,77.6,23,1.226926565170288,92.9093017578125,2,3
Largeur,large,4007,109,266353912,54.32571029663086,-27.038761138916016,784.5554809570312,20.665822982788086,417,76.49880095923261,14,0.8342168927192688,92.21548461914062,2,1
Largeur,étroite,122,268,941325862,34.91366958618164,-26.719356536865234,617.7962036132812,20.13619041442871,414,79.46859903381643,21,0.8431029915809631,92.55331420898438,2,0
Largeur,large,122,268,941325862,54.09575653076172,-25.666738510131836,664.5847778320312,19.984994888305664,395,76.70886075949367,13,1.3608882427215576,92.36920166015625,1,3
Largeur,étroite,264,256,2070153691,34.61356735229492,-27.39653778076172,784.4555053710938,19.7450008392334,433,76.21247113163972,3,0.07355708628892899,90.49960327148438,0,1
Largeur,large,264,256,2070153691,53.95630645751953,-27.144609451293945,839.6420288085938,20.197288513183594,369,72.35772357723577,6,0.2462695837020874,92.22431182861328,0,2
Largeur,étroite,12698,3472,1368079903,35.228843688964844,-31.10152244567871,918.2228393554688,21.443429946899414,292,75.68493150684931,23,2.1813273429870605,92.84249877929688,1,2
Largeur,large,12698,3472,1368079903,54.11020278930664,-28.839025497436523,902.4266967773438,20.66556167602539,376,77.12765957446808,23,2.866780996322632,91.8984146118164,4,1
Largeur,étroite,13294,1382,1589609104,35.007808685302734,-27.569543838500977,1083.8824462890625,20.26019859313965,390,73.58974358974359,16,0.866636335849762,91.69001770019531,0,1
Largeur,large,13294,1382,1589609104,53.37015151977539,-27.94356918334961,1070.3857421875,19.873598098754883,367,73.02452316076294,7,0.23844774067401886,91.73809051513672,0,1
Largeur,étroite,107,110,1437692358,34.329307556152344,-29.051265716552734,816.3477172851562,20.000215530395508,404,79.70297029702971,14,0.8584094047546387,92.04132080078125,1,0
Largeur,large,107,110,1437692358,53.123779296875,-29.92549705505371,899.5274047851562,20.558443069458008,400,76.25,13,0.6839953064918518,91.90536499023438,1,2
Largeur,étroite,83,90,493710084,34.9642333984375,-24.370193481445312,379.013916015625,19.858835220336914,409,80.68459657701712,52,3.9230897426605225,93.48099517822266,8,0
Largeur,large,83,90,493710084,54.784393310546875,-26.414003372192383,442.01776123046875,21.30409812927246,412,75.72815533980582,19,1.624345302581787,93.03388214111328,2,1
Largeur,étroite,145,156,2091300775,34.712982177734375,-29.008800506591797,966.8109741210938,20.085693359375,354,78.24858757062147,21,1.1977531909942627,92.52556610107422,1,1
Largeur,large,145,156,2091300775,53.778038024902344,-26.883766174316406,861.4367065429688,20.305339813232422,443,79.00677200902935,16,0.9588306546211243,91.5645980834961,0,2
Largeur,étroite,22269,5579,601508701,35.02141189575195,-24.855310440063477,535.5162963867188,19.337461471557617,496,81.65322580645162,32,2.6581411361694336,92.34473419189453,4,2
Largeur,large,22269,5579,601508701,54.23027420043945,-26.85711669921875,562.3097534179688,20.051618576049805,457,77.4617067833698,10,0.7585415244102478,90.7098617553711,5,0
Largeur,étroite,137,3307,102919363,34.60518264770508,-27.965742111206055,572.1073608398438,19.629465103149414,466,79.8283261802575,20,1.3411692380905151,92.30841827392578,2,1
Largeur,large,137,3307,102919363,54.123313903808594,-28.95589256286621,779.1567993164062,21.6328067779541,393,72.7735368956743,13,1.0058293342590332,92.14899444580078,1,0
Largeur,étroite,13294,21846,1530898879,34.98976516723633,-25.710979461669922,736.7671508789062,19.508766174316406,453,76.15894039735099,12,0.5055312514305115,91.8482666015625,0,2
Largeur,large,13294,21846,1530898879,54.45954895019531,-25.781333923339844,488.82061767578125,20.88205337524414,433,74.5958429561201,13,0.41489675641059875,92.52812194824219,2,0
Largeur,étroite,12216,15784,1562387529,34.19464874267578,-28.728538513183594,885.3308715820312,20.179061889648438,483,80.12422360248448,10,0.5279079079627991,91.72827911376953,0,3
Largeur,large,12216,15784,1562387529,53.67818069458008,-29.156147003173828,983.9067993164062,20.524587631225586,381,76.9028871391076,8,0.35226303339004517,92.20625305175781,0,1
Largeur,étroite,3735,156,738370743,34.399620056152344,-25.639699935913086,719.3713989257812,20.4088191986084,415,77.59036144578313,32,1.5351024866104126,92.47532653808594,1,0
Largeur,large,3735,156,738370743,54.19193649291992,-28.257465362548828,656.2868041992188,20.05937957763672,396,76.01010101010101,20,1.3829843997955322,93.00086975097656,2,1
Largeur,étroite,268,598,1471885787,34.36890411376953,-29.153213500976562,988.0057983398438,20.63370704650879,403,79.40446650124069,21,1.478320837020874,92.31208038330078,2,1
Largeur,large,268,598,1471885787,54.231201171875,-29.993085861206055,1075.4844970703125,20.270729064941406,415,73.97590361445783,11,0.9830858707427979,91.86257934570312,1,0
Largeur,étroite,3472,3696,835890524,34.610843658447266,-28.237693786621094,975.6088256835938,20.04307746887207,410,79.51219512195122,13,0.4351508617401123,91.79611206054688,0,1
Largeur,large,3472,3696,835890524,54.15815353393555,-27.66796112060547,795.8527221679688,20.212068557739258,391,75.70332480818415,12,1.1531034708023071,92.52471923828125,0,3
Largeur,étroite,114,112,1527410391,34.8708381652832,-25.64212417602539,476.7198791503906,20.34136390686035,401,77.0573566084788,35,2.449280261993408,92.90804290771484,5,3
Largeur,large,114,112,1527410391,54.258323669433594,-26.504573822021484,522.6194458007812,21.379573822021484,394,75.1269035532995,21,1.5533149242401123,92.65435791015625,2,1
Largeur,étroite,132335,7914,2023402780,34.4891242980957,-27.273847579956055,988.6056518554688,19.89129066467285,425,78.82352941176471,21,0.9293587803840637,91.74071502685547,1,2
Largeur,large,132335,7914,2023402780,54.35621643066406,-28.41735076904297,1073.8848876953125,20.681116104125977,419,77.32696897374701,14,1.2279207706451416,91.43904113769531,1,0
Largeur,étroite,362,306,32264918,35.30833053588867,-25.458772659301758,452.81842041015625,20.56525421142578,370,75.67567567567568,43,3.4499454498291016,93.49241638183594,7,0
Largeur,large,362,306,32264918,54.914363861083984,-26.719236373901367,413.1159973144531,20.850643157958984,465,75.05376344086021,18,1.2933275699615479,92.64154052734375,4,0
Largeur,étroite,3696,3699,860321550,34.95112991333008,-27.37819480895996,647.1890258789062,19.863367080688477,404,77.97029702970298,15,0.6950386762619019,92.78462219238281,1,0
Largeur,large,3696,3699,860321550,54.0615348815918,-25.486785888671875,682.0805053710938,20.025833129882812,390,70.76923076923077,14,0.6302782297134399,92.04044342041016,0,1
Largeur,étroite,357,306,1478641587,35.00277328491211,-25.550004959106445,333.9111633300781,19.71379852294922,391,76.47058823529412,28,1.3268673419952393,93.86943817138672,2,0
Largeur,large,357,306,1478641587,54.32315444946289,-26.707773208618164,498.1211853027344,21.011356353759766,359,70.47353760445682,20,0.844929039478302,93.28573608398438,5,0
Largeur,étroite,382,370,604641600,35.019065856933594,-27.330137252807617,749.5640258789062,20.715744018554688,347,78.38616714697406,26,1.3164901733398438,92.66004180908203,1,3
Largeur,large,382,370,604641600,54.26640701293945,-27.534156799316406,806.8500366210938,20.398046493530273,398,80.15075376884423,19,1.5326637029647827,92.14581298828125,4,1
Largeur,étroite,1382,3759,2002925567,34.872806549072266,-27.337446212768555,964.4115600585938,19.70294189453125,425,76.70588235294117,16,0.8226278424263,91.7093734741211,0,1
Largeur,large,1382,3759,2002925567,53.71135330200195,-29.050363540649414,1212.8509521484375,20.36552619934082,358,74.02234636871508,2,0.09709157049655914,91.42984771728516,0,0
Largeur,étroite,519,21540,28316747,34.61307907104492,-26.812984466552734,859.1372680664062,20.193801879882812,465,75.05376344086021,16,0.9362797141075134,91.70262145996094,2,1
Largeur,large,519,21540,28316747,54.1173095703125,-28.36806297302246,1100.8782958984375,21.331466674804688,348,74.13793103448276,9,0.6797147393226624,92.36009979248047,1,1
Largeur,étroite,7868,6851,1017265311,34.399017333984375,-26.214214324951172,637.8912963867188,19.305261611938477,462,80.73593073593074,19,0.6649277210235596,92.83719635009766,1,2
Largeur,large,7868,6851,1017265311,54.33640670776367,-27.037500381469727,860.1370239257812,20.829853057861328,404,76.48514851485149,11,1.0704379081726074,92.43614959716797,1,2
Largeur,étroite,127,134,480544626,34.38581848144531,-29.52166748046875,1035.1943359375,20.393932342529297,389,78.66323907455013,17,0.9032090902328491,90.00174713134766,3,1
Largeur,large,127,134,480544626,53.65433120727539,-28.38166618347168,846.1404418945312,19.934179306030273,367,74.93188010899182,14,2.3150687217712402,92.73291015625,3,2
Largeur,étroite,3746,4411,302910801,34.688541412353516,-26.05516815185547,557.1110229492188,20.137670516967773,477,78.61635220125787,31,1.2699867486953735,92.3343505859375,2,0
Largeur,large,3746,4411,302910801,54.635990142822266,-27.489049911499023,679.4811401367188,20.588804244995117,413,78.4503631961259,20,2.305921792984009,92.36295318603516,3,1
Largeur,étroite,3611,3610,2101176022,34.4481315612793,-28.922382354736328,796.5525512695312,20.431598663330078,426,77.69953051643192,29,1.3455970287322998,90.51063537597656,1,0
Largeur,large,3611,3610,2101176022,54.28661346435547,-28.828916549682617,839.7420043945312,19.54888153076172,436,77.98165137614679,9,0.7654481530189514,92.1975326538086,1,0
Largeur,étroite,3024,11551,59250330,34.609371185302734,-28.43817710876465,693.3777465820312,20.526308059692383,351,73.21937321937322,19,1.095461368560791,93.20513153076172,1,1
Largeur,large,3024,11551,59250330,54.28380584716797,-28.745960235595703,974.2091674804688,20.06656837463379,381,73.75328083989501,10,0.4452148973941803,92.3885498046875,0,0
Rythme,patient,87,1068,1002897798,49.243797302246094,-29.937803268432617,869.6347045898438,20.542802810668945,417,76.97841726618705,5,0.2880234718322754,91.81444549560547,0,1
Rythme,rapide,87,1068,1002897798,48.88825225830078,-27.041593551635742,819.3469848632812,20.299318313598633,387,74.67700258397933,4,0.43494701385498047,92.2435073852539,1,2
Rythme,patient,3616,5579,929393559,49.54269027709961,-24.616743087768555,580.1054077148438,21.335447311401367,497,76.25754527162978,12,1.223777413368225,91.44059753417969,3,4
Rythme,rapide,3616,5579,929393559,49.52997589111328,-25.982080459594727,632.0927124023438,20.074047088623047,370,70.8108108108108,9,0.363798588514328,92.63162231445312,0,2
Rythme,patient,133,137,217468053,49.105106353759766,-28.646202087402344,932.4193725585938,20.049530029296875,440,78.18181818181819,8,0.5484209656715393,91.6776351928711,1,2
Rythme,rapide,133,137,217468053,49.048561096191406,-28.88849639892578,859.4371948242188,19.807003021240234,412,77.66990291262135,12,0.9416573643684387,92.16404724121094,0,1
Rythme,patient,552,437,532638534,48.8046989440918,-26.93382453918457,821.7463989257812,21.6063289642334,425,73.6470588235294,5,0.32162463665008545,91.4496078491211,1,2
Rythme,rapide,552,437,532638534,48.95881652832031,-27.998924255371094,877.5327758789062,20.244857788085938,373,72.65415549597856,8,0.656173825263977,92.20954895019531,1,2
Rythme,patient,122,137,1464848243,49.4027214050293,-27.81299591064453,1102.4779052734375,19.526935577392578,394,77.41116751269035,8,0.5368404388427734,91.5743408203125,0,1
Rythme,rapide,122,137,1464848243,49.089134216308594,-28.23050308227539,781.2562866210938,19.480039596557617,460,81.73913043478261,12,1.098319411277771,92.23224639892578,1,2
Rythme,patient,3822,21607,1321446349,49.83247756958008,-23.89531707763672,375.3136901855469,20.854393005371094,433,75.98152424942263,28,1.2399876117706299,92.6245346069336,0,0
Rythme,rapide,3822,21607,1321446349,50.02406692504883,-25.382335662841797,493.3208923339844,21.103063583374023,440,74.77272727272727,25,2.0992965698242188,92.55226135253906,4,1
Rythme,patient,2565,3706,2039633683,49.38077163696289,-28.565637588500977,1061.18798828125,19.492143630981445,416,77.88461538461539,6,0.1689310073852539,91.80841827392578,0,1
Rythme,rapide,2565,3706,2039633683,49.26836013793945,-27.58228874206543,978.5081176757812,19.932594299316406,418,77.03349282296651,13,0.8102095127105713,91.89894104003906,1,2
Rythme,patient,359,331,820276643,49.66984939575195,-25.660017013549805,413.1159973144531,20.897663116455078,453,78.36644591611478,11,0.6368705034255981,92.85479736328125,1,2
Rythme,rapide,359,331,820276643,49.43562316894531,-26.232013702392578,496.62109375,20.214981079101562,439,74.25968109339408,13,1.242310643196106,92.48405456542969,1,2
Rythme,patient,132335,1895,1704637349,48.895530700683594,-29.692432403564453,910.5247192382812,19.56507110595703,455,76.92307692307692,1,0.01835346780717373,91.42212677001953,0,6
Rythme,rapide,132335,1895,1704637349,48.594329833984375,-28.956146240234375,933.5191040039062,20.27923011779785,419,72.31503579952268,2,0.044672999531030655,92.08222961425781,0,6
Rythme,patient,268,133,1903678842,49.9684944152832,-25.91199493408203,482.7202453613281,20.4263916015625,424,81.13207547169812,14,0.7750467658042908,93.03760528564453,5,4
Rythme,rapide,268,133,1903678842,49.54542922973633,-26.03911590576172,573.4070434570312,20.704204559326172,424,78.77358490566037,22,1.029099941253662,92.89472198486328,2,1
Rythme,patient,139,2565,1501726364,48.8142204284668,-27.973352432250977,752.2633666992188,21.16105842590332,403,73.69727047146402,4,0.17548805475234985,92.47249603271484,1,1
Rythme,rapide,139,2565,1501726364,48.80739212036133,-28.68547248840332,748.9641723632812,20.88652801513672,424,74.52830188679245,7,0.2795754373073578,92.47318267822266,3,3
Rythme,patient,7868,170,1731519511,49.998870849609375,-26.305957794189453,600.6004028320312,20.888574600219727,557,79.3536804308797,10,0.5360754728317261,92.16804504394531,3,1
Rythme,rapide,7868,170,1731519511,49.61902618408203,-25.659181594848633,630.8930053710938,20.582576751708984,432,71.06481481481481,13,0.8519091010093689,92.73202514648438,0,1
Rythme,patient,263,256,1104652174,49.088626861572266,-27.375234603881836,639.6908569335938,20.68715476989746,447,75.39149888143177,6,0.38870179653167725,92.33695220947266,2,2
Rythme,rapide,263,256,1104652174,48.5287971496582,-27.666122436523438,877.5327758789062,20.731403350830078,428,70.79439252336448,9,0.5201714634895325,91.61935424804688,0,1
Rythme,patient,1895,132335,2134161410,49.71767807006836,-26.4183292388916,547.9132690429688,19.72182273864746,354,81.63841807909604,30,2.364793539047241,93.38008880615234,5,0
Rythme,rapide,1895,132335,2134161410,49.58232879638672,-26.914161682128906,527.7182006835938,20.14846420288086,338,76.62721893491124,28,1.9939336776733398,93.29808807373047,3,0
Rythme,patient,143,2726,932725007,49.24256896972656,-26.57064437866211,751.3635864257812,21.4730281829834,372,72.58064516129032,20,0.9399955868721008,92.44178771972656,0,1
Rythme,rapide,143,2726,932725007,48.758506774902344,-28.039005279541016,862.3364868164062,20.951160430908203,397,72.79596977329975,12,0.5801398754119873,90.35386657714844,1,0
Rythme,patient,2566,146,1015490648,49.12616729736328,-27.7869873046875,764.9602661132812,21.2081298828125,423,73.04964539007092,9,1.0697182416915894,91.7181396484375,2,3
Rythme,rapide,2566,146,1015490648,49.203922271728516,-27.286699295043945,622.6950073242188,20.036277770996094,458,71.61572052401746,5,0.2195124477148056,92.25646209716797,1,0
Rythme,patient,97,3751,1130118952,49.6645393371582,-28.307493209838867,713.0729370117188,19.585630416870117,457,78.7746170678337,11,0.4723943769931793,92.36516571044922,3,2
Rythme,rapide,97,3751,1130118952,48.6627082824707,-27.6512451171875,571.0076293945312,19.975839614868164,455,75.82417582417582,14,0.6192522644996643,92.52845001220703,2,4
Rythme,patient,361,388,1485403625,49.80626678466797,-26.2110652923584,443.1178283691406,20.793121337890625,404,77.22772277227723,21,2.346895694732666,92.99303436279297,7,1
Rythme,rapide,361,388,1485403625,49.75468444824219,-24.744564056396484,388.3144836425781,21.09085464477539,421,74.58432304038004,15,0.9561906456947327,93.06388092041016,3,0
Rythme,patient,2925,105,2039758977,49.136634826660156,-27.884679794311523,805.4503784179688,21.116153717041016,361,77.5623268698061,25,1.9003804922103882,92.37263488769531,1,0
Rythme,rapide,2925,105,2039758977,48.43695831298828,-27.3121337890625,930.1199340820312,21.189971923828125,323,73.6842105263158,20,1.0104666948318481,92.42607116699219,1,3
Rythme,patient,170,179,1048083132,49.703590393066406,-26.935359954833984,571.9074096679688,20.559865951538086,379,75.72559366754618,15,0.9949814677238464,92.90554809570312,0,0
Rythme,rapide,170,179,1048083132,49.61784362792969,-25.1790828704834,576.2063598632812,20.197385787963867,430,76.51162790697674,16,0.9000928401947021,92.64252471923828,2,1
Rythme,patient,3699,437,259488708,49.66986083984375,-27.00215721130371,775.9575805664062,20.140274047851562,337,73.88724035608308,6,0.289852112531662,92.63932800292969,1,2
Rythme,rapide,3699,437,259488708,49.06333923339844,-27.425037384033203,936.7183227539062,20.238998413085938,366,76.22950819672131,6,0.4694007337093353,92.01781463623047,1,2
Rythme,patient,90,93,669806174,49.14291763305664,-26.24344825744629,680.4808959960938,20.957988739013672,412,75.24271844660194,13,0.5608303546905518,91.90311431884766,1,2
Rythme,rapide,90,93,669806174,48.973270416259766,-27.10125160217285,854.7383422851562,21.088075637817383,412,74.27184466019418,18,1.0612986087799072,89.85458374023438,0,4
Rythme,patient,3746,1382,2142954714,49.57497787475586,-28.002593994140625,687.2792358398438,19.89217758178711,501,79.44111776447106,13,0.554935872554779,91.5679931640625,2,0
Rythme,rapide,3746,1382,2142954714,48.97490692138672,-29.756328582763672,884.4310913085938,20.045358657836914,355,73.2394366197183,8,0.33122333884239197,92.35845947265625,0,0
Rythme,patient,254,257,472931517,49.14091491699219,-28.89166259765625,1022.9972534179688,20.2849063873291,465,77.20430107526882,7,0.7625568509101868,89.51307678222656,0,3
Rythme,rapide,254,257,472931517,48.11517333984375,-30.222299575805664,1151.8658447265625,20.1977596282959,354,71.75141242937853,5,0.3222726881504059,92.0489273071289,0,3
Rythme,patient,362,331,921209318,49.89815139770508,-24.74406623840332,497.5211486816406,20.59742546081543,457,80.30634573304158,19,2.2134714126586914,92.66195678710938,1,1
Rythme,rapide,362,331,921209318,49.64604187011719,-26.115440368652344,658.3862915039062,21.17352294921875,410,74.8780487804878,11,0.827752947807312,92.42992401123047,1,1
Rythme,patient,7640,3019,1662778767,49.41874313354492,-28.64241600036621,1110.77587890625,19.749818801879883,382,79.05759162303664,4,0.26553216576576233,91.83131408691406,0,0
Rythme,rapide,7640,3019,1662778767,49.53815460205078,-28.443336486816406,1106.976806640625,20.04684066772461,464,79.74137931034483,7,0.7645113468170166,91.4679183959961,2,0
Rythme,patient,13294,2790,1056745520,49.43886947631836,-28.823871612548828,1162.163330078125,19.39664077758789,439,78.35990888382688,8,0.5879931449890137,91.16427612304688,0,0
Rythme,rapide,13294,2790,1056745520,48.840084075927734,-27.696916580200195,928.6203002929688,19.873462677001953,407,76.65847665847666,8,0.318626344203949,92.00247955322266,0,1
Rythme,patient,122,131,1008338748,49.14003372192383,-27.67591667175293,958.9129028320312,21.02633285522461,338,71.89349112426035,10,0.5235042572021484,92.07746887207031,1,0
Rythme,rapide,122,131,1008338748,49.09593963623047,-26.085617065429688,866.8353881835938,21.066102981567383,335,68.35820895522389,8,0.6764285564422607,92.4981460571289,0,1
Rythme,patient,7911,3841,794882901,49.671730041503906,-26.802804946899414,571.7074584960938,19.914043426513672,473,80.97251585623678,20,1.4216604232788086,92.40167236328125,1,0
Rythme,rapide,7911,3841,794882901,49.06000900268555,-30.385669708251953,883.7312622070312,20.988739013671875,394,75.63451776649747,17,0.8844149112701416,92.27595520019531,2,0
Rythme,patient,174,2502,1796576214,49.647911071777344,-25.80231475830078,578.1058959960938,20.57524871826172,349,77.65042979942693,26,2.3004753589630127,93.0202407836914,2,0
Rythme,rapide,174,2502,1796576214,49.170005798339844,-26.878276824951172,518.7203979492188,20.815561294555664,411,73.2360097323601,17,1.6084498167037964,92.7562255859375,3,0
Rythme,patient,132334,6870,190797265,49.499839782714844,-27.584911346435547,716.7720336914062,19.312833786010742,591,83.41793570219966,8,0.9985194802284241,91.84534454345703,1,0
Rythme,rapide,132334,6870,190797265,49.20399475097656,-27.74005126953125,830.4442749023438,19.383573532104492,449,76.39198218262806,5,0.4616848826408386,92.53355407714844,0,1
Rythme,patient,2697,179,485266100,49.438541412353516,-25.137653350830078,687.2792358398438,20.18412208557129,399,76.44110275689223,12,2.141239881515503,92.49005126953125,1,3
Rythme,rapide,2697,179,485266100,50.007389068603516,-24.423215866088867,567.5084838867188,20.443815231323242,400,75,11,0.8221959471702576,92.71732330322266,0,1
Rythme,patient,254,258,645237757,49.19331741333008,-28.275196075439453,810.7490844726562,20.749631881713867,428,73.3644859813084,5,0.21824143826961517,91.65860748291016,0,0
Rythme,rapide,254,258,645237757,49.16835403442383,-27.827661514282227,828.5447387695312,20.83682632446289,411,73.96593673965937,8,0.3397464156150818,92.24453735351562,0,1
Rythme,patient,388,362,796471501,49.087066650390625,-26.855945587158203,946.0160522460938,19.96376609802246,409,78.239608801956,16,1.006695032119751,91.55318450927734,0,2
Rythme,rapide,388,362,796471501,49.3240852355957,-27.304893493652344,783.8556518554688,21.270952224731445,396,72.72727272727273,9,0.45967698097229004,90.54660034179688,1,1
Rythme,patient,570,5786,1196878155,49.739078521728516,-27.85458755493164,498.82122802734375,19.80682373046875,450,80.44444444444444,32,2.0087883472442627,92.70079040527344,2,0
Rythme,rapide,570,5786,1196878155,49.650291442871094,-28.295978546142578,406.81561279296875,18.505634307861328,547,82.08409506398537,24,1.772208571434021,92.74447631835938,1,0
Rythme,patient,268,131,359906493,49.03898239135742,-29.24505615234375,792.4535522460938,21.09942626953125,438,78.08219178082192,7,0.3333163261413574,92.25794982910156,2,2
Rythme,rapide,268,131,359906493,49.10624313354492,-27.754779815673828,710.7734985351562,20.77944564819336,356,72.47191011235955,7,0.2602604031562805,93.23941802978516,0,4
Rythme,patient,86,2922,1617046705,49.484310150146484,-26.7840518951416,654.7871704101562,21.1993350982666,374,74.59893048128342,32,2.091578960418701,92.99895477294922,4,4
Rythme,rapide,86,2922,1617046705,49.191402435302734,-28.33025550842285,699.8761596679688,19.853078842163086,354,72.88135593220339,29,2.289569139480591,92.60157775878906,2,1
Rythme,patient,393,362,1827753950,49.42569351196289,-26.273637771606445,701.3757934570312,20.964208602905273,427,77.75175644028103,12,1.0223721265792847,92.32958984375,4,0
Rythme,rapide,393,362,1827753950,49.44340896606445,-27.141077041625977,766.2599487304688,20.523569107055664,352,69.31818181818181,13,0.8399040102958679,92.90862274169922,1,2
Rythme,patient,562,7640,2113437503,49.471588134765625,-27.859819412231445,990.7051391601562,19.5986328125,463,80.77753779697625,11,0.7472459673881531,91.53995513916016,0,1
Rythme,rapide,562,7640,2113437503,48.714759826660156,-29.177282333374023,1211.2513427734375,20.388437271118164,450,74.22222222222223,6,0.2920832633972168,89.03196716308594,0,2
Rythme,patient,3696,3822,1501688522,49.447662353515625,-27.030197143554688,711.9732055664062,20.85253143310547,426,77.2300469483568,11,0.8758877515792847,91.8331069946289,0,1
Rythme,rapide,3696,3822,1501688522,48.9509162902832,-28.106477737426758,763.9605102539062,20.789596557617188,392,70.40816326530613,11,0.6207267045974731,92.32923889160156,2,0
Rythme,patient,18794,21846,1477521204,49.15867614746094,-27.35938835144043,840.9417114257812,21.113914489746094,447,76.7337807606264,4,0.2427550107240677,91.3988265991211,0,0
Rythme,rapide,18794,21846,1477521204,48.979278564453125,-26.52353286743164,675.8820190429688,20.643787384033203,402,71.8905472636816,5,0.17905128002166748,92.66780853271484,1,1
Rythme,patient,382,349,48190158,49.851356506347656,-27.51189613342285,592.8023071289062,20.447734832763672,408,80.63725490196079,19,1.4905517101287842,92.70187377929688,4,0
Rythme,rapide,382,349,48190158,49.69482421875,-25.729164123535156,433.9172668457031,21.146381378173828,406,75.61576354679804,27,2.0744640827178955,92.93019104003906,4,0
Rythme,patient,368,359,628641533,49.12431716918945,-27.375370025634766,902.2267456054688,20.813156127929688,409,77.01711491442543,11,0.7591498494148254,91.84452819824219,0,2
Rythme,rapide,368,359,628641533,49.10648727416992,-26.360755920410156,720.0712280273438,21.017858505249023,438,75.34246575342466,10,0.6305841207504272,92.19881439208984,0,1
Rythme,patient,83,93,1988519473,49.99598693847656,-24.79437828063965,355.5124816894531,20.544544219970703,403,78.1637717121588,32,2.360769510269165,93.21554565429688,1,1
Rythme,rapide,83,93,1988519473,49.77313995361328,-26.589799880981445,380.3139953613281,20.73822593688965,482,76.14107883817428,17,1.012528419494629,92.95084381103516,2,1
Rythme,patient,570,559,2138614433,49.45335388183594,-27.457223892211914,447.4180908203125,21.48270606994629,433,76.44341801385681,19,0.8874694108963013,91.31304931640625,5,1
Rythme,rapide,570,559,2138614433,49.232017517089844,-27.766267776489258,504.7215881347656,21.014236450195312,364,72.8021978021978,16,1.6466830968856812,93.59555053710938,4,0
Rythme,patient,388,393,1490379973,49.426902770996094,-28.570396423339844,1034.4945068359375,20.407194137573242,470,78.93617021276596,11,0.5100030303001404,91.31941223144531,1,0
Rythme,rapide,388,393,1490379973,48.871368408203125,-28.420928955078125,1093.380126953125,21.0250186920166,371,74.12398921832884,11,0.5970560908317566,91.85399627685547,0,1
Rythme,patient,1382,4411,683759645,49.527557373046875,-27.677202224731445,1041.392822265625,19.824777603149414,535,81.86915887850468,7,0.563977062702179,90.7320556640625,0,0
Rythme,rapide,1382,4411,683759645,49.20069122314453,-27.671144485473633,923.4215698242188,19.91135025024414,415,76.144578313253,10,0.4467846155166626,92.26089477539062,0,0
Rythme,patient,83,86,385065937,49.4892692565918,-27.278303146362305,650.4882202148438,20.663883209228516,442,77.60180995475113,16,1.5639824867248535,90.63865661621094,3,1
Rythme,rapide,83,86,385065937,49.19779586791992,-28.837486267089844,741.4660034179688,20.670764923095703,304,76.97368421052632,18,2.6314213275909424,93.52481842041016,5,2
Rythme,patient,170,2502,1366447162,49.9195556640625,-25.723005294799805,595.6016235351562,20.81270980834961,430,78.13953488372093,17,1.1854208707809448,92.1821517944336,0,0
Rythme,rapide,170,2502,1366447162,49.678165435791016,-25.766218185424805,631.0929565429688,20.343387603759766,405,76.04938271604938,20,1.5627340078353882,92.95872497558594,1,4
Rythme,patient,99,96,1220134124,49.301700592041016,-28.861026763916016,1071.8853759765625,20.815898895263672,347,77.52161383285302,7,0.3401758670806885,92.06973266601562,2,1
Rythme,rapide,99,96,1220134124,49.7117919921875,-28.490915298461914,1156.8646240234375,20.564937591552734,335,77.61194029850746,4,0.5545303821563721,92.5500717163086,0,3
Rythme,patient,97,85,1335149631,49.55766296386719,-27.689050674438477,695.1773071289062,21.188451766967773,390,77.17948717948718,12,1.1844396591186523,92.40815734863281,2,1
Rythme,rapide,97,85,1335149631,49.689266204833984,-25.81414794921875,679.7810668945312,20.284095764160156,386,79.53367875647669,17,0.7749437689781189,92.64183044433594,1,3
Rythme,patient,21607,2994,1257437083,49.32119369506836,-28.162734985351562,1048.0911865234375,20.942668914794922,441,78.91156462585035,6,0.47793811559677124,91.22142791748047,1,0
Rythme,rapide,21607,2994,1257437083,49.04115676879883,-28.65220832824707,1081.8829345703125,20.630128860473633,464,77.58620689655173,11,0.7105522155761719,89.44139862060547,1,0
Rythme,patient,153,152,750203086,49.98377227783203,-26.55060386657715,623.0949096679688,19.90203094482422,399,82.20551378446115,31,1.5495562553405762,92.74663543701172,0,0
Rythme,rapide,153,152,750203086,49.9214973449707,-27.09393310546875,650.4882202148438,19.91847801208496,390,77.94871794871794,26,2.7258200645446777,92.75566101074219,2,0
Rythme,patient,147,140,2134306667,49.82084655761719,-26.31937599182129,617.9961547851562,19.067363739013672,473,85.62367864693447,29,3.396726131439209,90.83934020996094,2,0
Rythme,rapide,147,140,2134306667,49.814674377441406,-28.30462646484375,895.8283081054688,20.252422332763672,424,77.35849056603773,13,1.017128348350525,91.75453186035156,1,0
Rythme,patient,254,256,764807854,49.06666564941406,-28.26690673828125,847.8400268554688,20.467288970947266,415,77.10843373493977,6,0.3972703218460083,91.68192291259766,0,0
Rythme,rapide,254,256,764807854,48.67110824584961,-28.27984046936035,924.3213500976562,20.47197914123535,378,75.13227513227513,5,0.1189979687333107,92.4163818359375,0,1
Rythme,patient,789,7914,670436716,49.89178466796875,-25.722103118896484,434.21728515625,19.787036895751953,406,76.10837438423646,24,1.9453198909759521,92.92423248291016,3,0
Rythme,rapide,789,7914,670436716,49.24967956542969,-27.53436851501465,693.1777954101562,20.287004470825195,378,76.45502645502646,28,1.8455816507339478,92.44247436523438,2,1
Rythme,patient,132334,995,1013966036,49.1318473815918,-26.851957321166992,723.4703979492188,21.01943588256836,440,77.04545454545455,3,0.1322782039642334,92.04774475097656,0,3
Rythme,rapide,132334,995,1013966036,49.22157669067383,-27.617013931274414,894.5286254882812,21.008115768432617,435,71.95402298850574,3,0.08955240249633789,91.7847900390625,0,2
Rythme,patient,131,10388,1718824160,49.85914611816406,-26.055238723754883,423.9166564941406,20.95006561279297,441,77.09750566893425,17,1.1189424991607666,92.76345825195312,4,1
Rythme,rapide,131,10388,1718824160,49.700538635253906,-25.740367889404297,367.7132263183594,20.788536071777344,389,71.2082262210797,10,0.7163320183753967,93.36290740966797,0,0
Rythme,patient,104,115,1709944646,50.20648956298828,-25.53187370300293,495.1210021972656,21.090065002441406,431,76.10208816705337,17,0.9907822608947754,92.72286224365234,2,1
Rythme,rapide,104,115,1709944646,49.594482421875,-26.245004653930664,495.7210388183594,20.754501342773438,463,79.48164146868251,25,1.474083662033081,92.20343017578125,2,1
Rythme,patient,2250,1929,726787874,49.84327697753906,-26.156457901000977,649.3884887695312,20.265037536621094,367,81.19891008174388,39,2.1129143238067627,92.55142974853516,6,1
Rythme,rapide,2250,1929,726787874,49.233062744140625,-26.891490936279297,718.6715698242188,20.687755584716797,327,73.70030581039755,27,2.2644100189208984,92.75891876220703,3,0
Rythme,patient,105,239,94993703,49.29654312133789,-30.063507080078125,788.4545288085938,19.172651290893555,444,80.18018018018019,8,0.5219564437866211,92.15071105957031,1,2
Rythme,rapide,105,239,94993703,49.818748474121094,-28.638612747192383,586.9037475585938,19.380945205688477,492,80.6910569105691,16,0.9017087817192078,92.24568939208984,0,1
Rythme,patient,156,3735,1849727770,49.29788589477539,-27.334304809570312,736.1672973632812,21.042335510253906,469,76.97228144989339,9,0.5285313725471497,91.72846984863281,2,1
Rythme,rapide,156,3735,1849727770,49.33646774291992,-26.742639541625977,576.6062622070312,20.802845001220703,400,73,14,1.0993983745574951,93.09455108642578,1,1
Rythme,patient,268,7911,1384120890,49.041542053222656,-26.638898849487305,822.1463012695312,21.18870735168457,378,71.16402116402116,10,0.5341359376907349,92.55255126953125,4,0
Rythme,rapide,268,7911,1384120890,49.03054428100586,-27.824556350708008,937.5181274414062,20.692060470581055,390,73.58974358974359,7,0.23524025082588196,92.1077880859375,0,1
Rythme,patient,4057,110,1142969686,48.719818115234375,-29.72220230102539,863.0363159179688,19.51100730895996,366,75.13661202185793,11,0.9039115309715271,92.51341247558594,3,1
Rythme,rapide,4057,110,1142969686,48.79576873779297,-29.206979751586914,1083.782470703125,20.306779861450195,434,78.3410138248848,11,0.7326411604881287,90.11195373535156,4,2
Rythme,patient,3307,3841,1888802919,49.19510269165039,-27.568506240844727,1019.2981567382812,20.740989685058594,434,76.72811059907833,11,1.6185359954833984,91.60464477539062,3,0
Rythme,rapide,3307,3841,1888802919,48.73251724243164,-28.483600616455078,887.1304321289062,20.21443748474121,407,73.21867321867322,9,0.5881344079971313,92.18374633789062,1,0
Rythme,patient,127,125,1471360990,48.99331283569336,-27.252887725830078,790.0541381835938,21.142963409423828,367,76.02179836512262,6,0.3275822699069977,92.11567687988281,0,1
Rythme,rapide,127,125,1471360990,49.420413970947266,-28.08068084716797,761.0612182617188,20.882892608642578,411,76.39902676399026,12,1.0357041358947754,92.21817779541016,1,0
Rythme,patient,996,9078,2102824771,48.928916931152344,-27.838193893432617,881.7317504882812,21.23390007019043,368,73.3695652173913,14,1.0300068855285645,92.20565795898438,2,0
Rythme,rapide,996,9078,2102824771,48.41624069213867,-28.894929885864258,1232.2462158203125,21.929513931274414,339,68.43657817109144,11,0.769920825958252,91.38069152832031,1,1
Rythme,patient,127,3841,334167837,49.61558532714844,-27.862377166748047,828.9446411132812,19.82788848876953,451,77.38359201773837,12,1.1075680255889893,90.11699676513672,0,0
Rythme,rapide,127,3841,334167837,49.24238204956055,-28.504411697387695,931.6195678710938,19.269319534301758,455,76.48351648351648,8,0.6770678758621216,91.78894805908203,0,1
Rythme,patient,359,367,1036349728,50.15501403808594,-24.140649795532227,318.5102233886719,20.680673599243164,436,80.73394495412845,24,1.795792579650879,93.29866790771484,1,2
Rythme,rapide,359,367,1036349728,49.78457260131836,-26.457984924316406,436.5174255371094,20.530515670776367,454,76.431718061674,12,1.4554293155670166,93.05429077148438,1,0
Rythme,patient,996,997,948048695,48.89892578125,-28.18214225769043,868.1350708007812,20.603864669799805,389,72.75064267352185,7,0.6205223202705383,91.92518615722656,0,2
Rythme,rapide,996,997,948048695,47.764041900634766,-29.830490112304688,1133.370361328125,20.69355010986328,344,69.76744186046511,7,0.47199001908302307,91.7812728881836,1,5
Rythme,patient,9078,1895,506792090,49.515499114990234,-28.710369110107422,847.7400512695312,19.97922706604004,489,81.79959100204499,10,0.5516604781150818,92.29572296142578,1,2
Rythme,rapide,9078,1895,506792090,48.77076721191406,-29.109529495239258,954.8139038085938,19.964658737182617,427,75.87822014051523,5,0.7617632150650024,92.07937622070312,0,1
Rythme,patient,7868,6997,603445893,49.43181228637695,-28.126359939575195,711.5733032226562,20.32789421081543,426,78.16901408450704,5,0.17010700702667236,92.43119812011719,1,2
Rythme,rapide,7868,6997,603445893,48.97087860107422,-29.30801010131836,602.2999877929688,20.21327781677246,404,77.97029702970298,12,0.6713540554046631,93.40311431884766,2,3
Rythme,patient,13294,2790,211620115,48.954288482666016,-29.9853515625,1173.560546875,19.22658920288086,464,76.72413793103448,4,0.2200571596622467,90.80793762207031,0,0
Rythme,rapide,13294,2790,211620115,49.19349670410156,-29.789520263671875,928.7202758789062,19.406349182128906,408,72.54901960784314,2,0.07999454438686371,92.6109390258789,0,0
Rythme,patient,432,20070,1780414719,49.78418731689453,-27.962350845336914,628.7935180664062,19.10404396057129,434,83.6405529953917,18,1.0268884897232056,92.71949768066406,1,3
Rythme,rapide,432,20070,1780414719,49.92970657348633,-28.2072811126709,542.0147094726562,19.29702377319336,492,85.77235772357723,19,1.2546780109405518,92.45038604736328,3,0
Rythme,patient,2726,145,937223518,49.313865661621094,-29.12761116027832,1081.18310546875,20.63993263244629,367,73.84196185286103,7,1.10501229763031,91.65580749511719,2,0
Rythme,rapide,2726,145,937223518,48.66703796386719,-28.952388763427734,868.8348999023438,21.700119018554688,352,69.88636363636364,15,1.0172216892242432,92.3018798828125,1,1
Rythme,patient,6907,13294,776916771,49.41981506347656,-26.650909423828125,969.8102416992188,19.946619033813477,516,84.49612403100775,11,0.5480434894561768,91.06634521484375,0,1
Rythme,rapide,6907,13294,776916771,49.31734085083008,-28.749759674072266,1026.8963623046875,19.655742645263672,444,75.90090090090091,5,0.15817078948020935,91.53917694091797,1,0
Rythme,patient,21846,4411,883719064,49.48601531982422,-27.172216415405273,790.5540161132812,19.712583541870117,498,78.91566265060241,6,0.5081933736801147,91.68792724609375,1,0
Rythme,rapide,21846,4411,883719064,49.217960357666016,-27.486602783203125,957.8131713867188,20.46977996826172,460,76.30434782608695,11,0.42817312479019165,91.35166931152344,1,0
Rythme,patient,331,382,1763330361,49.45018768310547,-27.799407958984375,587.3036499023438,21.314302444458008,403,75.93052109181141,8,0.23802761733531952,93.1155776977539,0,3
Rythme,rapide,331,382,1763330361,48.637054443359375,-28.038700103759766,759.8615112304688,20.477825164794922,364,75.82417582417582,3,0.19028085470199585,92.90448760986328,0,5
Rythme,patient,7911,131,1097703492,48.86013412475586,-29.030073165893555,774.3579711914062,20.44214630126953,433,77.13625866050808,4,0.3378274440765381,92.301513671875,2,3
Rythme,rapide,7911,131,1097703492,49.018470764160156,-28.141286849975586,669.3836059570312,21.020532608032227,396,76.51515151515152,9,0.47240084409713745,92.94612121582031,0,5
Rythme,patient,266,258,20376260,49.19167709350586,-29.793155670166016,671.0831909179688,20.670331954956055,384,77.34375,6,0.26399150490760803,92.95037841796875,1,0
Rythme,rapide,266,258,20376260,49.129451751708984,-27.798919677734375,628.5935668945312,20.809404373168945,406,75.86206896551724,5,0.13229858875274658,92.89118957519531,0,2
Rythme,patient,104,111,1400887770,49.33110809326172,-27.256874084472656,600.6004028320312,21.0201473236084,358,74.02234636871508,8,0.6720099449157715,93.13761901855469,1,1
Rythme,rapide,104,111,1400887770,49.73825454711914,-27.447153091430664,590.3029174804688,21.05921173095703,462,79.22077922077922,10,0.733649730682373,92.65078735351562,0,0
Rythme,patient,83,87,567345045,49.31100082397461,-28.592151641845703,583.9044799804688,19.604869842529297,347,78.38616714697406,27,2.536395311355591,92.94975280761719,7,0
Rythme,rapide,83,87,567345045,49.09538650512695,-25.599205017089844,488.42059326171875,20.452247619628906,364,78.57142857142857,31,2.88987135887146,93.21271514892578,5,0
Rythme,patient,132,3841,490794889,49.968101501464844,-25.72188377380371,570.2078247070312,18.79566192626953,478,84.10041841004184,20,2.082218647003174,92.47816467285156,0,1
Rythme,rapide,132,3841,490794889,49.54130172729492,-27.619441986083984,523.4192504882812,19.950197219848633,428,76.40186915887851,10,0.37137889862060547,92.95740509033203,2,0
Rythme,patient,21607,3472,380953897,49.3603401184082,-28.6953125,1104.577392578125,19.981332778930664,441,82.53968253968254,5,0.38718700408935547,89.63948822021484,1,1
Rythme,rapide,21607,3472,380953897,49.19648742675781,-29.348613739013672,1019.2981567382812,19.69467544555664,489,77.70961145194273,4,0.3465685546398163,91.46295928955078,2,1
Rythme,patient,3611,3610,1575844887,49.99971389770508,-27.687355041503906,603.8995971679688,19.888099670410156,467,82.01284796573876,27,2.7382259368896484,92.60455322265625,6,2
Rythme,rapide,3611,3610,1575844887,49.341556549072266,-27.876605987548828,594.4019165039062,19.501142501831055,434,77.41935483870968,23,2.5726420879364014,92.49616241455078,3,2
Rythme,patient,357,364,2013425278,49.18413162231445,-29.116479873657227,741.2660522460938,20.230863571166992,487,80.28747433264887,10,0.7262351512908936,91.6930160522461,1,0
Rythme,rapide,357,364,2013425278,49.154483795166016,-28.642887115478516,802.8510131835938,20.528364181518555,425,78.11764705882354,10,0.46880826354026794,92.46595764160156,2,2
Rythme,patient,3735,140,13374071,49.446678161621094,-29.077274322509766,1057.0889892578125,20.14225196838379,407,79.6068796068796,8,1.1947017908096313,91.94061279296875,1,1
Rythme,rapide,3735,140,13374071,49.35317611694336,-28.577865600585938,1137.2694091796875,20.569889068603516,380,75.52631578947368,6,0.35587000846862793,92.07513427734375,1,0
Rythme,patient,388,366,352111753,49.29512405395508,-27.58675765991211,1042.992431640625,21.012117385864258,384,76.5625,18,1.091909646987915,91.42122650146484,0,0
Rythme,rapide,388,366,352111753,49.42705154418945,-26.45152473449707,808.6495971679688,20.56157112121582,426,76.99530516431925,13,0.6433647274971008,92.44429016113281,1,0
Rythme,patient,175,6851,1049265140,49.64360046386719,-26.576976776123047,644.6896362304688,21.214094161987305,440,76.5909090909091,7,0.3622276484966278,92.38894653320312,0,0
Rythme,rapide,175,6851,1049265140,49.074947357177734,-27.081459045410156,711.6732788085938,20.85183334350586,385,71.94805194805195,7,0.2813960611820221,92.66769409179688,1,2
Rythme,patient,3263,4007,186245157,49.22407150268555,-28.04340934753418,991.1050415039062,20.842510223388672,362,73.20441988950276,17,2.2673630714416504,92.03860473632812,3,1
Rythme,rapide,3263,4007,186245157,49.1060791015625,-27.199377059936523,884.1311645507812,21.191308975219727,327,71.25382262996942,18,2.0739662647247314,92.77242279052734,1,2
Rythme,patient,3616,441,1120418230,49.12498474121094,-29.12879180908203,1265.93798828125,19.98506736755371,472,79.87288135593221,3,0.10171704739332199,90.31280517578125,0,0
Rythme,rapide,3616,441,1120418230,49.172115325927734,-28.371089935302734,1032.994873046875,20.28761863708496,475,78.10526315789474,8,0.22805997729301453,91.16592407226562,0,0
Rythme,patient,349,337,85596666,49.401763916015625,-24.764190673828125,582.0049438476562,20.51119041442871,398,76.13065326633166,16,1.0936545133590698,92.25534057617188,0,1
Rythme,rapide,349,337,85596666,49.49727249145508,-26.903350830078125,870.4345092773438,20.936634063720703,365,74.79452054794521,6,0.33498263359069824,92.30408477783203,0,1
Rythme,patient,366,368,1769244548,49.34746170043945,-26.48807144165039,680.3809204101562,21.25142478942871,397,80.60453400503778,17,1.280238151550293,92.16796875,2,3
Rythme,rapide,366,368,1769244548,49.31246566772461,-26.5079345703125,661.2855834960938,20.12265396118164,388,74.22680412371135,15,1.111910104751587,92.33592224121094,4,0
Rythme,patient,393,357,1313602615,48.55516815185547,-28.644071578979492,847.9400024414062,20.584856033325195,435,75.17241379310344,13,1.3170008659362793,91.77385711669922,2,0
Rythme,rapide,393,357,1313602615,49.28312301635742,-28.644899368286133,947.5156860351562,20.631046295166016,377,74.0053050397878,12,0.5377002954483032,92.42891693115234,0,1
Rythme,patient,370,388,1463368591,49.43400955200195,-25.417972564697266,644.4896850585938,20.406904220581055,414,76.57004830917874,15,1.322342872619629,92.33709716796875,3,1
Rythme,rapide,370,388,1463368591,49.42131805419922,-26.347963333129883,745.0651245117188,21.304609298706055,386,77.46113989637306,13,1.5440330505371094,92.4955062866211,4,0
Rythme,patient,1538,99,767019185,49.34587478637695,-25.930139541625977,584.0044555664062,20.79050636291504,413,74.57627118644068,13,1.4360899925231934,92.7350845336914,2,0
Rythme,rapide,1538,99,767019185,49.254981994628906,-27.0018367767334,905.8258666992188,20.380847930908203,418,75.11961722488039,4,0.21167433261871338,91.77192687988281,0,1
Rythme,patient,170,6997,871005224,49.20859909057617,-24.74790382385254,751.9634399414062,21.151382446289062,397,71.03274559193954,11,0.6248467564582825,91.8745346069336,0,1
Rythme,rapide,170,6997,871005224,49.20907974243164,-26.545761108398438,758.2619018554688,20.09762191772461,432,77.31481481481481,21,1.4402992725372314,92.44825744628906,1,1
Rythme,patient,152,140,1014651230,49.22182083129883,-27.252830505371094,890.7295532226562,19.59735679626465,507,79.68441814595661,7,0.41155850887298584,91.32809448242188,1,0
Rythme,rapide,152,140,1014651230,49.00499725341797,-29.17925453186035,1209.751708984375,20.290847778320312,409,75.55012224938875,6,0.3083747625350952,91.27019500732422,0,0
Rythme,patient,172,2697,1250740141,49.41021728515625,-27.432960510253906,711.3733520507812,19.27171516418457,468,80.55555555555556,15,1.3488848209381104,92.03504180908203,3,0
Rythme,rapide,172,2697,1250740141,49.2440299987793,-28.102771759033203,918.8226928710938,20.07370376586914,351,77.77777777777777,17,1.0725058317184448,92.31096649169922,1,0
Rythme,patient,142,147,2024776132,49.18742752075195,-28.668792724609375,969.3103637695312,21.635047912597656,322,71.42857142857143,14,0.7440934777259827,92.4016342163086,4,0
Rythme,rapide,142,147,2024776132,48.6506233215332,-28.218982696533203,991.7048950195312,21.32027816772461,336,75,17,0.9753415584564209,92.31925201416016,0,2
Rythme,patient,559,3616,1464793213,49.83232498168945,-27.644811630249023,730.2687377929688,20.754592895507812,449,78.61915367483296,12,1.5089774131774902,92.0628662109375,3,0
Rythme,rapide,559,3616,1464793213,49.2034797668457,-28.188884735107422,851.7390747070312,19.99114418029785,419,74.94033412887828,15,1.6339406967163086,92.0933837890625,1,0
Rythme,patient,306,361,674103857,49.07883834838867,-27.260766983032227,1016.3988647460938,21.051420211791992,371,70.61994609164421,15,1.4998455047607422,89.68276977539062,1,2
Rythme,rapide,306,361,674103857,49.106590270996094,-26.568687438964844,773.4581909179688,20.96547508239746,310,68.06451612903226,17,1.4338717460632324,92.72026062011719,2,0
Rythme,patient,3822,21581,455992310,49.49850082397461,-27.891630172729492,945.2162475585938,19.615455627441406,474,79.957805907173,4,0.3623265326023102,91.37939453125,1,0
Rythme,rapide,3822,21581,455992310,49.257389068603516,-28.7172908782959,1009.3005981445312,19.61305809020996,425,76.94117647058823,6,0.5262130498886108,89.49127197265625,0,0
Rythme,patient,3706,156,411967342,49.74478530883789,-28.02828025817871,655.9868774414062,19.267236709594727,534,81.64794007490637,19,1.1271333694458008,90.2944107055664,3,1
Rythme,rapide,3706,156,411967342,49.018062591552734,-28.12572479248047,629.2933959960938,20.226533889770508,387,71.31782945736434,12,1.0391234159469604,92.94441223144531,2,2
Rythme,patient,363,373,1100352984,49.70011520385742,-26.254911422729492,512.7218627929688,20.425708770751953,374,72.99465240641712,24,2.512425661087036,93.0739974975586,4,0
Rythme,rapide,363,373,1100352984,50.06258773803711,-24.500999450683594,389.7145690917969,21.136985778808594,352,72.72727272727273,20,1.7224475145339966,93.68148803710938,7,0
Rythme,patient,2925,17530,1241640015,49.57023239135742,-29.126453399658203,1188.556884765625,20.257150650024414,486,80.45267489711934,8,0.6249465346336365,90.6945571899414,0,0
Rythme,rapide,2925,17530,1241640015,49.58290481567383,-28.809886932373047,755.4625854492188,19.81075668334961,380,78.15789473684211,14,1.7203967571258545,93.29304504394531,1,0
Rythme,patient,436,995,330066000,49.85805892944336,-24.140878677368164,368.3132629394531,20.462080001831055,390,73.07692307692308,26,1.8821390867233276,93.27527618408203,3,0
Rythme,rapide,436,995,330066000,50.01987838745117,-23.4401912689209,317.41015625,20.434547424316406,383,76.76240208877284,31,3.371992826461792,93.84894561767578,4,0
Rythme,patient,368,388,950415411,50.020572662353516,-23.32886505126953,326.81072998046875,20.873931884765625,519,77.84200385356455,16,0.7251123785972595,92.58907318115234,0,2
Rythme,rapide,368,388,950415411,48.962154388427734,-27.992677688598633,614.2970581054688,20.887096405029297,399,72.93233082706767,15,1.6318973302841187,92.84906005859375,3,1
Rythme,patient,145,147,1914605551,49.02861785888672,-29.412912368774414,1053.8897705078125,21.456029891967773,340,72.3529411764706,11,0.951900839805603,91.93207550048828,0,0
Rythme,rapide,145,147,1914605551,48.26838684082031,-29.364513397216797,1130.0711669921875,20.918720245361328,295,67.79661016949153,16,1.1219260692596436,92.02114868164062,0,1
Rythme,patient,176,174,1842724251,49.77534866333008,-25.579126358032227,593.5021362304688,21.258317947387695,351,77.77777777777777,15,1.4116688966751099,92.50424194335938,1,1
Rythme,rapide,176,174,1842724251,49.17755889892578,-25.58152961730957,546.9135131835938,21.112937927246094,346,71.38728323699422,11,0.7478545904159546,92.73678588867188,2,0
Rythme,patient,239,4007,625984714,48.892578125,-28.156095504760742,883.9312133789062,20.87698745727539,344,75.87209302325581,19,1.914359211921692,92.26166534423828,4,3
Rythme,rapide,239,4007,625984714,48.54688262939453,-28.889192581176758,790.5540161132812,21.212499618530273,335,71.64179104477611,17,1.4282200336456299,92.56891632080078,2,2
Rythme,patient,258,264,1637070181,49.791412353515625,-25.98189353942871,428.1169128417969,20.638532638549805,415,74.6987951807229,13,0.964748740196228,92.97573852539062,0,1
Rythme,rapide,258,264,1637070181,49.04159927368164,-28.648548126220703,589.0032348632812,21.080053329467773,397,72.04030226700252,11,1.089296579360962,92.780517578125,2,2
Rythme,patient,4405,13294,1060016884,49.77914047241211,-28.60649299621582,971.1099243164062,19.8233642578125,481,82.53638253638253,7,0.7810853719711304,91.27908325195312,1,0
Rythme,rapide,4405,13294,1060016884,48.791839599609375,-28.839820861816406,1203.353271484375,19.90825080871582,389,76.60668380462725,7,0.7684569358825684,91.55441284179688,0,1
Rythme,patient,134,2950,57829408,49.09067916870117,-28.783557891845703,939.6176147460938,20.338472366333008,353,71.38810198300283,11,1.2956434488296509,92.53736114501953,2,1
Rythme,rapide,134,2950,57829408,48.6524658203125,-28.860013961791992,1033.99462890625,20.542095184326172,354,72.03389830508475,11,0.8020209074020386,91.98773193359375,1,2
Rythme,patient,373,384,506153595,49.08917236328125,-28.61153793334961,956.4135131835938,20.068246841430664,426,79.81220657276995,11,0.4508534371852875,91.73479461669922,2,3
Rythme,rapide,373,384,506153595,49.707584381103516,-28.904016494750977,956.9133911132812,20.125476837158203,388,75.25773195876289,5,0.40874195098876953,92.49668884277344,1,3
Rythme,patient,90,1538,1336815701,49.44562911987305,-27.050933837890625,710.5735473632812,21.41657066345215,366,74.04371584699453,23,1.607715129852295,92.63509368896484,1,0
Rythme,rapide,90,1538,1336815701,49.003868103027344,-27.254499435424805,892.5291137695312,21.62023162841797,361,72.29916897506925,22,2.054110527038574,91.9761962890625,2,0
Rythme,patient,7640,11551,580634010,49.55000686645508,-27.803279876708984,1044.4920654296875,19.588451385498047,380,76.3157894736842,12,0.7811565399169922,92.06471252441406,2,1
Rythme,rapide,7640,11551,580634010,49.00307846069336,-27.65363883972168,950.6149291992188,20.617431640625,384,71.875,13,0.735123336315155,92.00325012207031,2,1
Rythme,patient,172,174,810178100,49.72974395751953,-25.18825340270996,586.2039184570312,19.982206344604492,448,80.80357142857143,16,0.8178414106369019,92.17435455322266,0,0
Rythme,rapide,172,174,810178100,49.870147705078125,-25.234893798828125,637.7913208007812,20.08088493347168,409,76.77261613691931,12,0.4038250744342804,92.71248626708984,0,1
Rythme,patient,4691,22269,1189255965,49.31185531616211,-24.954017639160156,652.5877075195312,20.501829147338867,372,73.38709677419355,15,0.9127408862113953,91.99120330810547,0,1
Rythme,rapide,4691,22269,1189255965,49.18538284301758,-25.60100746154785,622.8949584960938,20.149564743041992,353,71.671388101983,20,1.4381173849105835,92.76697540283203,1,0
Rythme,patient,99,2922,1358150438,49.372684478759766,-29.101131439208984,1225.4478759765625,20.310277938842773,421,80.52256532066508,4,0.3847241997718811,91.26768493652344,1,1
Rythme,rapide,99,2922,1358150438,49.06025695800781,-28.740514755249023,1132.8704833984375,20.68678855895996,379,74.93403693931398,8,0.4413233995437622,91.71905517578125,0,1
Rythme,patient,111,113,884255354,49.48371887207031,-25.76864242553711,554.1117553710938,22.059240341186523,393,74.30025445292621,34,2.599956512451172,93.18942260742188,4,1
Rythme,rapide,111,113,884255354,49.34446716308594,-27.766712188720703,579.7055053710938,21.767562866210938,366,71.31147540983606,23,1.4005590677261353,93.06868743896484,3,0
Rythme,patient,133,268,612132171,49.70037841796875,-25.44114112854004,679.8810424804688,20.376953125,394,77.41116751269035,18,2.093205451965332,92.10112762451172,2,3
Rythme,rapide,133,268,612132171,49.5147705078125,-26.585220336914062,690.5784301757812,19.41512107849121,433,76.905311778291,17,0.8925747871398926,91.97895050048828,0,1
Rythme,patient,267,263,322750925,49.202667236328125,-27.181007385253906,1082.6827392578125,19.942123413085938,430,76.97674418604652,11,0.9053798317909241,91.08978271484375,0,1
Rythme,rapide,267,263,322750925,48.810604095458984,-29.668073654174805,1258.8397216796875,20.243038177490234,366,73.49726775956285,5,0.25889188051223755,91.47470092773438,1,0
Rythme,patient,22269,5786,2139222572,49.16728210449219,-28.51095962524414,1040.593017578125,19.678569793701172,491,80.85539714867618,8,1.0119616985321045,91.4123764038086,1,1
Rythme,rapide,22269,5786,2139222572,49.71910858154297,-28.425880432128906,900.4271850585938,19.949642181396484,481,78.79417879417879,12,1.1299898624420166,92.1117172241211,4,1
Rythme,patient,170,174,466818611,49.420352935791016,-25.348966598510742,638.0912475585938,20.087133407592773,364,76.37362637362638,13,0.6889639496803284,92.8320541381836,1,2
Rythme,rapide,170,174,466818611,49.19709396362305,-25.16973876953125,642.9900512695312,20.365842819213867,389,76.86375321336762,8,0.5098499059677124,92.79527282714844,1,3
Rythme,patient,384,367,2006222649,49.481441497802734,-27.145557403564453,561.6099243164062,20.975196838378906,377,79.04509283819628,16,1.819403052330017,92.90824890136719,5,2
Rythme,rapide,384,367,2006222649,49.432228088378906,-26.81071662902832,726.5696411132812,21.239953994750977,396,77.52525252525253,28,3.5072174072265625,92.24736785888672,5,2
Rythme,patient,85,1538,1581366703,49.67741012573242,-28.251041412353516,661.0856323242188,21.1700439453125,411,73.47931873479318,16,1.160825252532959,92.79769897460938,1,0
Rythme,rapide,85,1538,1581366703,48.756927490234375,-29.092477798461914,848.6398315429688,20.800548553466797,385,71.68831168831169,9,0.5754572749137878,92.23214721679688,1,1
Rythme,patient,89,93,1024494580,49.43157196044922,-27.317420959472656,700.7759399414062,20.89443588256836,417,82.01438848920863,8,0.24090811610221863,92.39149475097656,0,2
Rythme,rapide,89,93,1024494580,49.241943359375,-27.986797332763672,787.6547241210938,21.189821243286133,481,78.17047817047818,6,0.3693407475948334,91.9976806640625,1,0
Rythme,patient,3611,7879,1465685371,49.59380340576172,-25.46097183227539,430.41705322265625,20.95923614501953,382,79.05759162303664,21,1.961107850074768,93.5190658569336,1,0
Rythme,rapide,3611,7879,1465685371,49.3303337097168,-25.642845153808594,678.4813842773438,19.996429443359375,405,74.32098765432099,9,0.49291953444480896,92.8756332397461,0,1
Rythme,patient,1382,2790,1615964618,48.91923141479492,-28.59415054321289,1094.979736328125,20.332170486450195,426,76.99530516431925,10,0.5817261338233948,91.03352355957031,2,2
Rythme,rapide,1382,2790,1615964618,49.34075164794922,-28.224506378173828,950.2150268554688,19.81716537475586,439,78.13211845102505,7,0.3940229117870331,91.8663558959961,1,0
Rythme,patient,85,244,1139745998,49.204933166503906,-27.813940048217773,761.1611938476562,21.42522621154785,382,71.72774869109948,17,1.471516728401184,92.31858825683594,2,1
Rythme,rapide,85,244,1139745998,48.583763122558594,-28.8078556060791,982.6071166992188,21.417875289916992,313,73.1629392971246,16,1.4278373718261719,92.4349136352539,3,0
Rythme,patient,263,250,2087460833,49.6911506652832,-25.4616756439209,465.1191711425781,21.71696662902832,518,78.18532818532819,16,1.3237683773040771,90.66477966308594,3,0
Rythme,rapide,263,250,2087460833,50.08262252807617,-25.997379302978516,449.0181884765625,20.987457275390625,410,70.97560975609755,16,0.7315945625305176,93.30948638916016,1,0
Rythme,patient,3472,3696,336812851,49.25337219238281,-28.2230281829834,933.9190063476562,19.233457565307617,384,77.08333333333333,10,0.6733560562133789,92.2241439819336,1,2
Rythme,rapide,3472,3696,336812851,48.772560119628906,-30.30721664428711,1358.8153076171875,20.238609313964844,406,76.60098522167488,3,0.03405994176864624,91.27579498291016,0,0
Rythme,patient,13294,21540,487868817,49.34326171875,-27.276451110839844,832.4437866210938,19.872167587280273,569,80.14059753954305,7,0.5019440054893494,90.9803237915039,0,0
Rythme,rapide,13294,21540,487868817,49.05448913574219,-28.021818161010742,948.8153686523438,20.2291259765625,398,73.61809045226131,12,1.4060871601104736,91.94388580322266,2,0
Rythme,patient,570,936,308785032,49.71489715576172,-29.206058502197266,689.5786743164062,19.110496520996094,375,81.86666666666666,17,1.307226538658142,93.29900360107422,2,0
Rythme,rapide,570,936,308785032,49.341468811035156,-27.752845764160156,574.1068725585938,19.572999954223633,417,79.13669064748201,10,0.8178538680076599,92.9389419555664,3,1
Rythme,patient,243,94,1913070780,48.877010345458984,-29.23516082763672,986.0062866210938,20.20615005493164,417,76.2589928057554,11,0.4964557886123657,91.62741088867188,0,3
Rythme,rapide,243,94,1913070780,49.26034164428711,-29.035945892333984,830.1443481445312,20.388586044311523,441,76.87074829931973,8,1.1122196912765503,91.85839080810547,0,0
Rythme,patient,382,357,1412098517,49.346534729003906,-27.054590225219727,472.61962890625,21.261066436767578,410,74.63414634146342,28,3.118199586868286,92.82659149169922,6,0
Rythme,rapide,382,357,1412098517,48.81930160522461,-29.812763214111328,680.5808715820312,21.086288452148438,356,75,16,2.259169578552246,92.81861877441406,3,0
Rythme,patient,21581,437,2133107748,48.86138153076172,-29.02642059326172,722.8705444335938,19.96169090270996,391,75.1918158567775,6,0.32730767130851746,92.59969329833984,0,1
Rythme,rapide,21581,437,2133107748,48.8814697265625,-27.024085998535156,773.2582397460938,20.847713470458984,399,73.6842105263158,10,1.0314691066741943,92.0301284790039,0,0
Rythme,patient,257,262,1110783560,49.35015106201172,-29.123849868774414,931.1196899414062,19.55933380126953,433,78.06004618937645,12,1.9751149415969849,91.70099639892578,2,2
Rythme,rapide,257,262,1110783560,49.13397979736328,-28.033344268798828,913.2240600585938,20.107746124267578,377,76.12732095490716,16,0.9162947535514832,91.75890350341797,0,0
Rythme,patient,3759,6907,1682151650,48.93855285644531,-27.58995246887207,818.4472045898438,21.300954818725586,360,71.66666666666667,9,0.6155234575271606,92.94535064697266,0,3
Rythme,rapide,3759,6907,1682151650,48.49102783203125,-27.505443572998047,789.2543334960938,20.73061180114746,391,72.63427109974424,8,0.3238326609134674,92.2696533203125,0,2
Rythme,patient,21607,5309,302470383,49.44768524169922,-27.164108276367188,944.1165161132812,19.495952606201172,477,81.34171907756813,10,0.5771565437316895,91.402587890625,0,2
Rythme,rapide,21607,5309,302470383,49.03254699707031,-27.978261947631836,1025.0968017578125,20.43045425415039,448,76.11607142857143,11,0.4117515981197357,91.5908432006836,1,1
Rythme,patient,2572,112,1664014101,49.67182540893555,-27.395496368408203,772.0585327148438,21.242372512817383,411,79.31873479318735,12,0.6823269128799438,91.78585815429688,1,1
Rythme,rapide,2572,112,1664014101,49.14580154418945,-26.99297523498535,692.8778686523438,21.004806518554688,469,75.05330490405117,7,0.22658967971801758,91.85580444335938,1,1
Rythme,patient,118,2925,364679294,49.58740234375,-28.5648193359375,932.5193481445312,19.4803466796875,533,85.74108818011257,10,0.8224234580993652,91.32112121582031,1,2
Rythme,rapide,118,2925,364679294,48.897891998291016,-29.04552459716797,891.8292846679688,20.38625717163086,371,76.81940700808626,11,0.7241030931472778,92.44172668457031,2,2
Rythme,patient,87,1538,420943911,49.40259552001953,-27.711017608642578,998.3032836914062,21.191267013549805,400,75.25,18,0.9624778628349304,91.2756576538086,1,1
Rythme,rapide,87,1538,420943911,48.22542953491211,-27.744104385375977,1214.0506591796875,21.274372100830078,342,70.76023391812865,10,1.0538464784622192,91.91747283935547,1,2
Rythme,patient,559,936,330630444,49.89175796508789,-27.762054443359375,707.9741821289062,19.615856170654297,379,80.21108179419525,25,1.5389206409454346,92.59379577636719,1,1
Rythme,rapide,559,936,330630444,50.01850509643555,-28.265003204345703,789.6542358398438,18.916748046875,459,78.86710239651416,14,0.7585568428039551,91.96286010742188,0,0
Rythme,patient,2250,3696,1887936958,49.78340148925781,-26.841632843017578,419.81640625,19.08835792541504,450,81.33333333333333,25,1.0655688047409058,92.90409088134766,1,0
Rythme,rapide,2250,3696,1887936958,49.3040885925293,-28.041330337524414,732.7681274414062,20.179346084594727,357,76.19047619047619,24,1.3091760873794556,92.75869750976562,5,0
Rythme,patient,2950,125,1145763051,49.49330520629883,-29.046226501464844,742.2658081054688,20.00130844116211,402,79.35323383084577,12,0.6418216228485107,93.0953598022461,1,1
Rythme,rapide,2950,125,1145763051,49.25484848022461,-27.3342342376709,786.1550903320312,20.98525047302246,390,72.56410256410257,18,1.3084040880203247,92.29988098144531,2,3
Rythme,patient,9078,6870,922252038,49.46533966064453,-27.097259521484375,625.7942504882812,20.10964012145996,371,79.24528301886792,25,1.6793665885925293,92.83474731445312,4,2
Rythme,rapide,9078,6870,922252038,49.79265213012695,-28.195541381835938,546.0137329101562,19.4066219329834,354,76.8361581920904,17,1.3333841562271118,93.84740447998047,3,1
Rythme,patient,359,357,1411799261,49.335655212402344,-27.456443786621094,486.6204833984375,21.267311096191406,424,76.65094339622641,13,2.837838888168335,93.31908416748047,3,2
Rythme,rapide,359,357,1411799261,48.690181732177734,-28.607105255126953,744.5652465820312,21.193084716796875,371,73.31536388140162,21,2.307262897491455,92.76744842529297,3,2
Rythme,patient,147,156,1700574325,49.63093566894531,-26.587474822998047,488.3205871582031,18.81475257873535,570,84.03508771929825,20,1.1506400108337402,92.05485534667969,2,0
Rythme,rapide,147,156,1700574325,48.57298278808594,-30.302629470825195,701.7756958007812,19.755308151245117,473,79.9154334038055,15,0.9498550891876221,92.31053924560547,0,0
Rythme,patient,3997,113,51613704,49.18870162963867,-26.4394474029541,850.1394653320312,21.311283111572266,412,78.88349514563107,15,1.4053161144256592,91.8844985961914,3,3
Rythme,rapide,3997,113,51613704,49.146419525146484,-26.98198890686035,811.1489868164062,21.299392700195312,357,72.82913165266106,19,1.4477465152740479,92.65057373046875,1,0
Rythme,patient,103,4057,702879240,50.18301010131836,-24.31093978881836,339.011474609375,20.45698356628418,458,78.82096069868996,34,2.624873399734497,92.53911590576172,1,0
Rythme,rapide,103,4057,702879240,49.37399673461914,-27.27459144592285,437.9175109863281,20.871408462524414,373,72.92225201072387,18,1.5114976167678833,93.24125671386719,3,1
Rythme,patient,170,174,1435546856,49.65169143676758,-25.748628616333008,813.2484741210938,19.548707962036133,392,80.35714285714286,7,0.30506306886672974,92.13876342773438,0,1
Rythme,rapide,170,174,1435546856,48.55071258544922,-27.67489242553711,592.5023803710938,20.661128997802734,410,78.04878048780488,8,0.591183066368103,93.52996063232422,0,1
Rythme,patient,137,10388,1495203957,49.90338897705078,-25.923227310180664,465.9192199707031,21.270410537719727,441,76.19047619047619,20,1.7598106861114502,92.684814453125,0,0
Rythme,rapide,137,10388,1495203957,49.27617645263672,-26.48733139038086,550.8125610351562,20.528629302978516,424,78.5377358490566,24,1.8836735486984253,92.81808471679688,0,1
Rythme,patient,156,151,323811002,49.56739044189453,-26.439844131469727,763.0607299804688,21.01571273803711,402,74.12935323383084,14,0.9593102931976318,91.86817169189453,1,1
Rythme,rapide,156,151,323811002,49.48173141479492,-25.8075008392334,682.8803100585938,21.12027359008789,356,69.10112359550561,11,0.3206034302711487,92.74055480957031,1,2
Rythme,patient,118,3997,1667359241,49.13192367553711,-28.788423538208008,707.8742065429688,20.980722427368164,388,75.25773195876289,15,1.010290503501892,92.53327178955078,2,2
Rythme,rapide,118,3997,1667359241,49.17526626586914,-27.47336196899414,722.4706420898438,21.301557540893555,389,75.06426735218508,14,0.8628787398338318,92.42922973632812,2,1
Rythme,patient,995,7656,765467029,49.28144073486328,-29.46674156188965,981.8073120117188,21.090421676635742,326,70.24539877300613,10,0.6901536583900452,92.42164611816406,4,2
Rythme,rapide,995,7656,765467029,48.83708572387695,-28.05497169494629,682.3804321289062,20.728254318237305,416,73.79807692307692,10,0.5309072732925415,92.10877227783203,1,1
Rythme,patient,3699,21610,972949956,49.2803955078125,-28.531352996826172,1040.6929931640625,19.91086769104004,463,76.02591792656588,10,0.4434810280799866,90.89714050292969,1,0
Rythme,rapide,3699,21610,972949956,49.00098419189453,-28.40215301513672,1122.572998046875,20.566951751708984,379,73.35092348284961,10,0.9476301670074463,91.50267791748047,0,0
Rythme,patient,87,89,497728889,49.22734069824219,-29.258668899536133,806.4501342773438,20.607990264892578,382,79.05759162303664,9,1.4283206462860107,92.4906005859375,2,1
Rythme,rapide,87,89,497728889,48.90363311767578,-27.169584274291992,800.1516723632812,20.61736297607422,401,74.3142144638404,7,0.31912025809288025,92.20974731445312,0,3
Rythme,patient,151,152,2045654981,49.78337097167969,-26.89954948425293,669.2836303710938,20.068490982055664,512,80.6640625,18,1.356771469116211,91.81805419921875,1,1
Rythme,rapide,151,152,2045654981,48.979679107666016,-29.044282913208008,918.9226684570312,19.886205673217773,386,73.83419689119171,10,0.5964577794075012,92.1408462524414,0,1
Rythme,patient,363,366,554673974,49.60893630981445,-26.58332061767578,648.3887329101562,19.72735023498535,418,78.70813397129187,18,1.5286481380462646,92.13097381591797,1,2
Rythme,rapide,363,366,554673974,49.386444091796875,-28.2337703704834,638.7910766601562,20.18374252319336,459,80.61002178649237,15,0.8605605363845825,92.21914672851562,2,0
Rythme,patient,104,3997,1784849258,49.8538932800293,-26.107852935791016,507.62176513671875,21.026992797851562,397,75.81863979848866,20,1.0511033535003662,93.02133178710938,2,0
Rythme,rapide,104,3997,1784849258,49.48200225830078,-27.31460952758789,468.9194030761719,20.999977111816406,397,74.3073047858942,17,1.3411355018615723,92.95903015136719,1,1
Rythme,patient,393,384,1950149415,49.465110778808594,-29.352375030517578,1059.1884765625,20.287527084350586,440,80.45454545454545,10,0.5910056829452515,91.6435317993164,1,1
Rythme,rapide,393,384,1950149415,49.072669982910156,-28.610809326171875,802.6510620117188,20.194787979125977,400,73.75,11,0.6829485893249512,92.6126480102539,2,2
Rythme,patient,789,19267,1551413899,49.61181640625,-27.85433578491211,868.5349731445312,19.764188766479492,469,78.46481876332622,20,1.6536786556243896,91.42097473144531,3,0
Rythme,rapide,789,19267,1551413899,49.58502197265625,-28.373775482177734,679.3811645507812,19.834943771362305,439,76.76537585421413,12,1.306535005569458,92.44569396972656,3,1
Rythme,patient,85,102,1083776645,48.93788146972656,-28.018505096435547,927.6205444335938,20.544544219970703,418,76.55502392344498,13,0.9305884838104248,91.6626968383789,0,1
Rythme,rapide,85,102,1083776645,48.954280853271484,-29.15839958190918,930.9197387695312,20.11572265625,387,76.4857881136951,14,0.8692523837089539,91.9006576538086,1,3
Rythme,patient,6870,432,1803412708,48.188697814941406,-29.162078857421875,1042.0926513671875,19.860755920410156,321,70.40498442367601,3,0.12196666747331619,92.2227783203125,0,5
Rythme,rapide,6870,432,1803412708,48.165340423583984,-29.916648864746094,996.6036987304688,19.898866653442383,344,73.54651162790698,6,0.609131932258606,92.35004425048828,2,4
Rythme,patient,94,87,1603673735,49.550743103027344,-27.6447811126709,873.8336791992188,20.02853012084961,546,82.05128205128206,11,0.9968199729919434,90.80748748779297,2,2
Rythme,rapide,94,87,1603673735,48.887306213378906,-28.18033218383789,1026.79638671875,19.779870986938477,425,76,14,0.8325190544128418,91.52413177490234,0,1
Rythme,patient,258,266,1241796862,49.26561737060547,-26.786724090576172,687.7791137695312,20.796432495117188,422,74.40758293838863,12,0.894074559211731,92.4735107421875,1,0
Rythme,rapide,258,266,1241796862,49.382171630859375,-27.0848331451416,671.5830688476562,20.34862518310547,366,74.04371584699453,13,0.6394277811050415,92.99102020263672,1,2
Rythme,patient,113,3997,169762054,49.33641052246094,-25.43671226501465,748.9641723632812,20.910362243652344,400,76.25,16,0.9520323872566223,91.91716003417969,1,2
Rythme,rapide,113,3997,169762054,49.406028747558594,-26.646068572998047,642.9900512695312,20.862979888916016,384,70.83333333333333,5,0.1904716044664383,92.8581771850586,0,1
Rythme,patient,3024,989,1153742415,49.47975540161133,-28.124004364013672,863.0363159179688,19.67922592163086,457,80.96280087527353,14,1.056667685508728,91.67434692382812,0,0
Rythme,rapide,3024,989,1153742415,48.892459869384766,-26.731218338012695,626.5940551757812,20.156240463256836,426,75.82159624413146,11,0.5343135595321655,92.40849304199219,0,1
Rythme,patient,359,368,1656874616,49.74986267089844,-25.698259353637695,529.6177368164062,21.463544845581055,366,83.33333333333333,27,1.8666194677352905,93.3604507446289,1,1
Rythme,rapide,359,368,1656874616,49.46009826660156,-27.538738250732422,456.2186279296875,20.23439598083496,354,73.44632768361582,16,1.0326405763626099,93.59209442138672,2,0
Rythme,patient,3735,139,1891547481,49.35286331176758,-28.19277000427246,1102.977783203125,19.719633102416992,436,79.58715596330275,9,0.39727672934532166,91.54374694824219,1,2
Rythme,rapide,3735,139,1891547481,49.323890686035156,-28.55762481689453,978.3081665039062,20.275575637817383,415,76.3855421686747,13,1.2033076286315918,91.9217300415039,1,0
Rythme,patient,4007,109,266353912,49.555519104003906,-26.735523223876953,640.7905883789062,20.55901336669922,368,73.91304347826087,14,2.072716236114502,93.01496124267578,6,2
Rythme,rapide,4007,109,266353912,49.30342102050781,-27.103803634643555,797.0524291992188,20.83727264404297,337,72.10682492581603,10,0.6803664565086365,93.0890121459961,1,0
Rythme,patient,122,268,941325862,49.71575927734375,-24.71781349182129,576.8062133789062,20.302005767822266,433,81.29330254041571,11,1.0784761905670166,91.94004821777344,1,3
Rythme,rapide,122,268,941325862,49.60483169555664,-25.71708869934082,510.5219421386719,20.188085556030273,429,79.25407925407926,22,1.4682527780532837,92.73736572265625,2,3
Rythme,patient,264,256,2070153691,49.268165588378906,-28.669296264648438,940.6173706054688,21.358095169067383,386,76.94300518134715,3,0.2880764603614807,91.65774536132812,2,2
Rythme,rapide,264,256,2070153691,48.96003341674805,-28.653823852539062,800.1516723632812,21.208282470703125,384,71.61458333333333,8,1.27811598777771,92.4005355834961,1,2
Rythme,patient,12698,3472,1368079903,49.647769927978516,-27.847400665283203,676.7817993164062,20.407588958740234,423,80.1418439716312,26,2.8933539390563965,92.01786041259766,2,0
Rythme,rapide,12698,3472,1368079903,49.545692443847656,-28.661346435546875,801.5513305664062,20.521879196166992,389,79.43444730077121,18,1.552656650543213,92.18983459472656,3,0
Rythme,patient,13294,1382,1589609104,49.508262634277344,-29.416156768798828,1139.6688232421875,19.157306671142578,485,81.85567010309278,4,0.09895981848239899,91.45874786376953,1,0
Rythme,rapide,13294,1382,1589609104,48.78201675415039,-29.143945693969727,985.2064819335938,20.058635711669922,378,72.22222222222223,8,0.24433746933937073,92.25753784179688,0,0
Rythme,patient,107,110,1437692358,48.84198760986328,-29.777366638183594,938.8178100585938,20.324541091918945,421,78.14726840855107,13,0.8848851323127747,91.68025207519531,2,1
Rythme,rapide,107,110,1437692358,49.01641845703125,-28.795595169067383,1120.573486328125,20.192989349365234,376,75.53191489361703,4,0.14498844742774963,91.79402160644531,0,2
Rythme,patient,83,90,493710084,49.81496810913086,-25.709768295288086,427.3168640136719,20.851869583129883,407,76.41277641277641,33,2.4541268348693848,93.01432037353516,4,0
Rythme,rapide,83,90,493710084,49.57887268066406,-26.808704376220703,499.9212951660156,19.99199676513672,372,75.26881720430107,22,1.8118388652801514,93.12901306152344,1,2
Rythme,patient,145,156,2091300775,49.32762145996094,-28.895505905151367,894.8285522460938,19.26433753967285,412,82.52427184466019,16,1.070900559425354,92.19208526611328,2,1
Rythme,rapide,145,156,2091300775,49.119178771972656,-28.855012893676758,788.1546020507812,19.215890884399414,398,75.87939698492463,9,0.48286089301109314,92.496826171875,1,1
Rythme,patient,22269,5579,601508701,49.505714416503906,-27.07563591003418,533.0169067382812,20.869064331054688,401,72.31920199501246,12,1.2773748636245728,93.11463928222656,3,2
Rythme,rapide,22269,5579,601508701,49.68008041381836,-28.134689331054688,657.6864624023438,20.77754020690918,391,76.72634271099744,15,1.8154982328414917,92.94085693359375,3,1
Rythme,patient,137,3307,102919363,49.45450973510742,-27.101364135742188,643.5899047851562,20.863412857055664,452,75,14,1.2179200649261475,92.29286193847656,5,2
Rythme,rapide,137,3307,102919363,49.066253662109375,-29.384624481201172,811.4489135742188,21.57903480529785,392,72.70408163265306,16,2.002894401550293,92.19384002685547,3,2
Rythme,patient,13294,21846,1530898879,49.43355941772461,-27.00189208984375,656.8866577148438,21.84678840637207,460,73.47826086956522,8,0.7682609558105469,91.84834289550781,1,1
Rythme,rapide,13294,21846,1530898879,49.41318893432617,-26.33572769165039,711.2733764648438,21.395954132080078,458,75.9825327510917,10,0.44815701246261597,92.15806579589844,1,0
Rythme,patient,12216,15784,1562387529,49.021026611328125,-27.882848739624023,999.6029663085938,21.034635543823242,491,79.63340122199592,8,0.6215975284576416,91.00784301757812,1,1
Rythme,rapide,12216,15784,1562387529,48.59082794189453,-28.251689910888672,814.0482788085938,20.512741088867188,439,75.17084282460137,9,0.3810569941997528,92.07588195800781,1,2
Rythme,patient,3735,156,738370743,49.49973678588867,-27.113208770751953,673.4826049804688,19.735158920288086,441,78.00453514739229,14,1.0293561220169067,92.29118347167969,2,0
Rythme,rapide,3735,156,738370743,48.742828369140625,-29.205123901367188,1127.771728515625,20.547218322753906,372,71.7741935483871,11,0.3866705298423767,92.18797302246094,2,0
Rythme,patient,268,598,1471885787,49.84212875366211,-27.77152442932129,747.0646362304688,20.186100006103516,471,78.76857749469214,10,0.3719557225704193,92.2563705444336,4,1
Rythme,rapide,268,598,1471885787,49.15948486328125,-29.315975189208984,847.6400756835938,19.976228713989258,372,75.80645161290323,9,0.34069177508354187,92.91839599609375,2,0
Rythme,patient,3472,3696,835890524,49.374141693115234,-28.529205322265625,965.4113159179688,19.74306869506836,531,80.41431261770245,6,0.27795132994651794,90.81206512451172,1,0
Rythme,rapide,3472,3696,835890524,48.75715637207031,-30.569801330566406,864.7359008789062,19.440629959106445,436,77.06422018348624,5,0.29863259196281433,92.31472778320312,1,0
Rythme,patient,114,112,1527410391,49.98677444458008,-25.299325942993164,419.016357421875,20.630905151367188,454,77.97356828193833,19,0.9657021164894104,92.74372100830078,2,0
Rythme,rapide,114,112,1527410391,49.145751953125,-28.543821334838867,511.5220031738281,20.42987632751465,430,76.04651162790698,13,1.1908091306686401,92.88433074951172,2,2
Rythme,patient,132335,7914,2023402780,49.48386764526367,-28.99966049194336,974.3091430664062,20.120986938476562,508,79.92125984251969,4,0.10823109745979309,90.94261932373047,0,0
Rythme,rapide,132335,7914,2023402780,49.0423583984375,-26.904205322265625,850.3394165039062,20.768274307250977,384,73.95833333333333,16,0.9853512644767761,92.49242401123047,0,1
Rythme,patient,362,306,32264918,50.01923751831055,-25.39892578125,490.1206970214844,21.108293533325195,408,74.75490196078431,21,1.7245537042617798,92.93729400634766,2,2
Rythme,rapide,362,306,32264918,49.620784759521484,-27.34152603149414,458.7187805175781,20.986791610717773,375,73.6,20,1.5640870332717896,93.92552185058594,4,1
Rythme,patient,3696,3699,860321550,49.36880874633789,-26.08790397644043,559.1105346679688,20.690624237060547,401,75.06234413965088,11,0.8248482942581177,92.5810317993164,2,0
Rythme,rapide,3696,3699,860321550,48.560829162597656,-27.576128005981445,759.7615356445312,20.90996742248535,356,67.41573033707866,9,0.5579404830932617,92.15587615966797,1,0
Rythme,patient,357,306,1478641587,49.35562515258789,-27.21068000793457,632.8925170898438,21.85305404663086,407,75.67567567567568,14,0.9427447319030762,91.64521789550781,4,1
Rythme,rapide,357,306,1478641587,49.794307708740234,-25.406099319458008,373.41357421875,21.00470542907715,424,73.58490566037736,12,0.7581186890602112,93.27799987792969,2,0
Rythme,patient,382,370,604641600,49.36100769042969,-29.282365798950195,850.9392700195312,19.500328063964844,395,79.74683544303798,20,2.2404654026031494,91.92143249511719,1,1
Rythme,rapide,382,370,604641600,49.25587844848633,-27.665983200073242,742.3657836914062,19.240724563598633,364,77.1978021978022,13,0.8378280401229858,92.85598754882812,1,3
Rythme,patient,1382,3759,2002925567,49.38607406616211,-28.497055053710938,1135.369873046875,19.715280532836914,563,82.23801065719361,3,0.3657505512237549,90.38714599609375,1,1
Rythme,rapide,1382,3759,2002925567,48.903926849365234,-28.241806030273438,1255.8404541015625,19.85169219970703,386,73.3160621761658,5,0.2693869173526764,91.38623046875,0,2
Rythme,patient,519,21540,28316747,49.44810485839844,-28.31348991394043,838.5422973632812,20.611059188842773,498,80.72289156626506,8,0.5182427167892456,91.50532531738281,0,0
Rythme,rapide,519,21540,28316747,49.06290054321289,-27.82857322692871,988.4057006835938,20.507511138916016,446,78.02690582959642,7,0.341074138879776,91.59246826171875,1,0
Rythme,patient,7868,6851,1017265311,49.44318389892578,-26.469829559326172,753.9629516601562,20.831581115722656,472,80.72033898305085,10,0.3575230836868286,92.46011352539062,0,1
Rythme,rapide,7868,6851,1017265311,48.846923828125,-28.65382957458496,854.5383911132812,20.88761329650879,367,70.84468664850137,19,1.1989102363586426,92.51670837402344,0,1
Rythme,patient,127,134,480544626,49.28213119506836,-27.354494094848633,779.0568237304688,20.5997314453125,408,75,17,0.9354442954063416,91.99742126464844,4,1
Rythme,rapide,127,134,480544626,48.92967224121094,-29.17987632751465,1069.8858642578125,20.34429168701172,388,72.42268041237114,11,0.9068176746368408,91.72248840332031,0,0
Rythme,patient,3746,4411,302910801,49.50188064575195,-27.475000381469727,660.7857055664062,19.714553833007812,479,81.00208768267224,14,0.7337376475334167,92.07561492919922,1,0
Rythme,rapide,3746,4411,302910801,49.30784225463867,-27.858442306518555,624.2946166992188,20.262601852416992,365,71.5068493150685,10,0.520067036151886,92.93783569335938,1,0
Rythme,patient,3611,3610,2101176022,49.86635208129883,-27.080488204956055,532.6170043945312,18.705408096313477,514,81.32295719844358,15,0.9148329496383667,90.57322692871094,3,0
Rythme,rapide,3611,3610,2101176022,49.0965576171875,-28.596101760864258,693.0778198242188,19.98518943786621,418,73.6842105263158,6,0.20436683297157288,92.46339416503906,0,0
Rythme,patient,3024,11551,59250330,49.498558044433594,-28.934528350830078,966.8109741210938,19.051639556884766,549,83.97085610200364,6,0.41686224937438965,91.10425567626953,0,0
Rythme,rapide,3024,11551,59250330,49.211360931396484,-27.98870086669922,1061.0880126953125,19.678077697753906,412,73.7864077669903,7,1.1196832656860352,91.73622131347656,1,0
Passes,courtes,87,1068,1002897798,49.08835983276367,-28.49843406677246,768.3594360351562,16.46079444885254,600,80.5,3,0.2560019791126251,91.53286743164062,0,3
Passes,directes,87,1068,1002897798,49.09304428100586,-28.225290298461914,755.6625366210938,25.16230010986328,324,69.44444444444444,6,0.4152771830558777,92.56962585449219,1,1
Passes,courtes,3616,5579,929393559,49.015655517578125,-26.81946563720703,713.5728149414062,16.25645637512207,486,75.92592592592592,3,0.08426417410373688,91.29515075683594,0,5
Passes,directes,3616,5579,929393559,49.3697509765625,-26.031827926635742,722.9705200195312,27.040939331054688,336,69.64285714285714,7,0.30464816093444824,90.37844848632812,0,3
Passes,courtes,133,137,217468053,49.211517333984375,-29.115243911743164,994.9041137695312,16.047555923461914,457,78.99343544857769,9,0.8223341703414917,91.99826049804688,0,0
Passes,directes,133,137,217468053,49.06942367553711,-28.268056869506836,803.5508422851562,24.384761810302734,289,70.58823529411765,7,0.5307433605194092,92.81512451171875,3,0
Passes,courtes,552,437,532638534,49.044281005859375,-27.742387771606445,795.6527709960938,17.092350006103516,482,78.00829875518673,4,0.23267778754234314,91.85665130615234,1,2
Passes,directes,552,437,532638534,48.85493850708008,-26.40457534790039,731.4684448242188,25.31247901916504,281,70.1067615658363,6,0.49402743577957153,92.84257507324219,2,3
Passes,courtes,122,137,1464848243,49.16621780395508,-28.346240997314453,1078.8836669921875,16.25067138671875,419,79.71360381861575,15,1.1455193758010864,91.67515563964844,0,4
Passes,directes,122,137,1464848243,49.299903869628906,-29.025192260742188,907.2255249023438,25.4993896484375,309,73.13915857605178,17,1.1854718923568726,92.59078216552734,2,2
Passes,courtes,3822,21607,1321446349,49.70720672607422,-25.232620239257812,306.5094909667969,16.765357971191406,431,74.24593967517401,15,0.8137044310569763,93.40570068359375,1,2
Passes,directes,3822,21607,1321446349,49.5771369934082,-26.519826889038086,468.41937255859375,25.547130584716797,305,67.21311475409836,15,1.4786396026611328,93.07913970947266,2,0
Passes,courtes,2565,3706,2039633683,49.42133712768555,-27.71772575378418,969.1104125976562,16.053197860717773,458,78.82096069868996,7,0.27753975987434387,92.13526916503906,1,2
Passes,directes,2565,3706,2039633683,49.33702850341797,-28.838632583618164,1106.0770263671875,24.882179260253906,350,69.14285714285714,11,0.7080234885215759,91.89112091064453,2,1
Passes,courtes,359,331,820276643,49.55025100708008,-25.939027786254883,399.815185546875,16.526653289794922,513,80.70175438596492,23,2.1197896003723145,92.95927429199219,1,2
Passes,directes,359,331,820276643,49.52683639526367,-26.13979148864746,561.2100219726562,24.716617584228516,330,71.81818181818181,15,1.4025635719299316,92.93458557128906,0,1
Passes,courtes,132335,1895,1704637349,47.795562744140625,-29.992733001708984,1052.7900390625,16.27103614807129,376,70.74468085106383,0,0,92.05828094482422,0,8
Passes,directes,132335,1895,1704637349,48.16908645629883,-29.89056968688965,980.4076538085938,23.853010177612305,275,65.0909090909091,7,0.366588830947876,92.30821228027344,0,7
Passes,courtes,268,133,1903678842,50.031795501708984,-27.697338104248047,510.7219543457031,16.430809020996094,503,83.30019880715706,15,1.9992622137069702,92.79273986816406,4,1
Passes,directes,268,133,1903678842,49.218589782714844,-26.533838272094727,550.7125854492188,25.943828582763672,337,72.10682492581603,13,0.96038818359375,93.05278015136719,3,0
Passes,courtes,139,2565,1501726364,48.97205352783203,-29.44806671142578,717.0719604492188,16.687314987182617,423,71.15839243498817,0,0,92.62751007080078,0,0
Passes,directes,139,2565,1501726364,49.0159797668457,-27.800277709960938,821.6464233398438,25.664173126220703,319,67.39811912225706,5,0.38412198424339294,92.37458038330078,0,2
Passes,courtes,7868,170,1731519511,49.61442947387695,-27.40546417236328,463.1190490722656,16.640439987182617,532,80.26315789473684,11,0.802557110786438,93.06074523925781,1,1
Passes,directes,7868,170,1731519511,49.567222595214844,-24.137008666992188,410.7158508300781,24.326597213745117,385,77.92207792207792,30,2.453751564025879,93.42228698730469,5,0
Passes,courtes,263,256,1104652174,49.586978912353516,-27.298419952392578,800.3516235351562,16.33871078491211,666,83.93393393393393,3,0.03090333566069603,91.64969635009766,0,2
Passes,directes,263,256,1104652174,48.9060173034668,-27.251855850219727,710.5735473632812,24.89885139465332,302,68.21192052980132,10,0.7364161610603333,91.38866424560547,2,2
Passes,courtes,1895,132335,2134161410,49.524723052978516,-27.34160804748535,668.4838256835938,16.155315399169922,428,82.00934579439253,29,2.293051242828369,93.16840362548828,5,0
Passes,directes,1895,132335,2134161410,49.181419372558594,-25.47416114807129,495.02099609375,24.873125076293945,295,69.15254237288136,46,2.192892074584961,93.32063293457031,3,0
Passes,courtes,143,2726,932725007,49.265621185302734,-27.7961368560791,850.9392700195312,16.444978713989258,504,79.16666666666667,19,1.4377994537353516,91.5568618774414,2,0
Passes,directes,143,2726,932725007,48.84571838378906,-28.92801856994629,802.3511352539062,26.591543197631836,315,66.98412698412699,14,1.0633066892623901,92.60588073730469,3,0
Passes,courtes,2566,146,1015490648,49.22523880004883,-27.947965621948242,663.0851440429688,16.509992599487305,380,73.42105263157895,12,0.5324229001998901,92.90223693847656,1,1
Passes,directes,2566,146,1015490648,48.93225860595703,-27.245351791381836,603.4996948242188,24.969501495361328,301,69.76744186046511,9,0.5757280588150024,93.31218719482422,1,0
Passes,courtes,97,3751,1130118952,49.474090576171875,-28.64751625061035,680.5808715820312,15.574926376342773,573,81.67539267015707,9,0.9560909271240234,92.09625244140625,1,0
Passes,directes,97,3751,1130118952,48.87797927856445,-29.06074333190918,734.3677368164062,23.323787689208984,304,71.38157894736842,22,2.5734760761260986,93.17849731445312,3,0
Passes,courtes,361,388,1485403625,49.830509185791016,-25.54450225830078,465.1191711425781,17.1090030670166,499,79.75951903807615,18,1.3729175329208374,92.19287109375,1,0
Passes,directes,361,388,1485403625,49.53596115112305,-25.308544158935547,451.4183349609375,24.96560287475586,315,70.7936507936508,20,1.6990019083023071,93.31642150878906,3,0
Passes,courtes,2925,105,2039758977,49.1200065612793,-29.173519134521484,1018.6983032226562,16.02937889099121,362,77.34806629834254,9,1.607454776763916,92.40609741210938,3,1
Passes,directes,2925,105,2039758977,48.909000396728516,-28.59576988220215,994.6041870117188,27.024375915527344,304,69.73684210526316,14,1.9277739524841309,91.78828430175781,2,1
Passes,courtes,170,179,1048083132,49.76960372924805,-26.33907127380371,490.5207214355469,16.127302169799805,475,79.78947368421052,8,0.4047290086746216,92.81800842285156,3,1
Passes,directes,170,179,1048083132,49.557430267333984,-24.78249168395996,531.3173217773438,26.327285766601562,361,73.13019390581718,19,1.954650640487671,92.9077377319336,1,1
Passes,courtes,3699,437,259488708,49.146331787109375,-27.951478958129883,844.9407348632812,16.319744110107422,428,76.86915887850468,2,0.10124433785676956,92.18009185791016,0,3
Passes,directes,3699,437,259488708,48.87025451660156,-26.95093536376953,877.1328735351562,23.535978317260742,252,63.492063492063494,4,0.2928217649459839,93.09458923339844,1,4
Passes,courtes,90,93,669806174,49.2138557434082,-28.1563663482666,581.7050170898438,16.861988067626953,469,77.18550106609808,8,0.34798115491867065,92.49445343017578,1,0
Passes,directes,90,93,669806174,48.9893684387207,-27.212589263916016,727.2694702148438,24.65754508972168,295,72.20338983050847,8,0.4147716164588928,92.8337631225586,2,2
Passes,courtes,3746,1382,2142954714,49.44699478149414,-28.61928939819336,866.3355102539062,16.01720428466797,468,80.76923076923077,18,1.2511130571365356,91.93399047851562,0,1
Passes,directes,3746,1382,2142954714,49.42838668823242,-27.344003677368164,673.0827026367188,24.56608772277832,392,72.95918367346938,16,0.7373129725456238,92.58657836914062,3,2
Passes,courtes,254,257,472931517,49.30475616455078,-30.227128982543945,957.9131469726562,16.36746597290039,445,77.97752808988764,3,0.223111093044281,92.20524597167969,0,0
Passes,directes,254,257,472931517,48.532081604003906,-28.946468353271484,1018.3983764648438,23.610492706298828,343,69.67930029154519,3,0.14216400682926178,91.84552001953125,1,1
Passes,courtes,362,331,921209318,49.38193130493164,-26.548446655273438,585.2041625976562,16.411752700805664,507,80.86785009861933,7,0.5764094591140747,92.33330535888672,3,1
Passes,directes,362,331,921209318,48.87821960449219,-25.971269607543945,653.5874633789062,25.035886764526367,236,63.983050847457626,11,0.5122684836387634,93.40534210205078,1,3
Passes,courtes,7640,3019,1662778767,49.16210174560547,-30.43821144104004,1252.541259765625,15.206771850585938,394,75.38071065989848,3,0.33372849225997925,91.93278503417969,1,1
Passes,directes,7640,3019,1662778767,49.08859634399414,-28.515775680541992,908.6251831054688,24.15683364868164,302,69.86754966887418,6,0.15363049507141113,92.470458984375,1,0
Passes,courtes,13294,2790,1056745520,49.55146789550781,-27.97197914123535,839.0421752929688,15.706210136413574,471,78.76857749469214,6,0.44423922896385193,92.04778289794922,0,1
Passes,directes,13294,2790,1056745520,49.03632354736328,-27.756183624267578,932.2194213867188,24.459091186523438,340,70.58823529411765,4,0.2194516658782959,91.95262145996094,1,0
Passes,courtes,122,131,1008338748,49.25587844848633,-27.159685134887695,758.3618774414062,17.038772583007812,481,77.54677754677755,13,0.4589552879333496,92.12853240966797,1,0
Passes,directes,122,131,1008338748,48.81010055541992,-27.19828987121582,816.6476440429688,24.527835845947266,277,61.73285198555957,10,1.3686445951461792,92.41922760009766,1,1
Passes,courtes,7911,3841,794882901,49.91865158081055,-28.3644962310791,652.7876586914062,16.07569122314453,568,82.21830985915493,13,1.2117185592651367,92.11873626708984,0,0
Passes,directes,7911,3841,794882901,49.74522399902344,-26.038293838500977,515.8211059570312,24.604265213012695,365,71.5068493150685,21,1.420291543006897,93.32405090332031,4,0
Passes,courtes,174,2502,1796576214,49.6519775390625,-27.233043670654297,611.2977905273438,16.147510528564453,405,76.04938271604938,17,1.9180446863174438,92.58814239501953,2,1
Passes,directes,174,2502,1796576214,48.78581237792969,-27.18882179260254,609.7981567382812,25.919496536254883,302,72.18543046357615,21,1.4722017049789429,92.92721557617188,2,1
Passes,courtes,132334,6870,190797265,49.16226577758789,-28.595600128173828,970.7100219726562,15.729620933532715,478,78.03347280334728,7,0.3502965569496155,91.6489028930664,2,0
Passes,directes,132334,6870,190797265,49.37599182128906,-28.4587459564209,1064.987060546875,24.803560256958008,350,72.85714285714286,12,0.8284433484077454,91.83201599121094,3,0
Passes,courtes,2697,179,485266100,49.779632568359375,-25.389310836791992,569.0081176757812,16.379676818847656,461,78.09110629067246,14,1.601011872291565,92.27729797363281,0,1
Passes,directes,2697,179,485266100,49.9806022644043,-25.730369567871094,540.9149780273438,25.61041831970215,341,72.72727272727273,14,0.9807332754135132,93.14747619628906,2,1
Passes,courtes,254,258,645237757,49.140079498291016,-28.63018226623535,726.7695922851562,16.316940307617188,505,77.62376237623762,1,0.05624346807599068,92.10968780517578,1,1
Passes,directes,254,258,645237757,49.11307907104492,-28.6424560546875,672.2828979492188,25.7641658782959,356,72.19101123595506,7,0.5211908221244812,92.96227264404297,0,2
Passes,courtes,388,362,796471501,48.98672103881836,-27.534669876098633,652.6876831054688,16.957317352294922,455,73.4065934065934,5,0.4123760461807251,92.27510833740234,1,2
Passes,directes,388,362,796471501,49.328834533691406,-25.149763107299805,722.7705688476562,24.501558303833008,307,71.9869706840391,24,2.2159464359283447,92.45125579833984,1,1
Passes,courtes,570,5786,1196878155,49.489585876464844,-28.066165924072266,506.82171630859375,15.318346977233887,562,82.74021352313167,15,0.7039097547531128,92.7750473022461,1,1
Passes,directes,570,5786,1196878155,49.316768646240234,-27.330171585083008,539.7152709960938,24.988861083984375,345,74.20289855072464,28,1.379834771156311,92.81143188476562,3,1
Passes,courtes,268,131,359906493,49.258201599121094,-27.10748291015625,745.5650024414062,17.368436813354492,548,79.1970802919708,11,0.9251383543014526,91.90288543701172,0,5
Passes,directes,268,131,359906493,49.26734161376953,-27.219961166381836,792.0536499023438,24.61159896850586,293,74.06143344709898,10,0.7444654703140259,92.81843566894531,2,5
Passes,courtes,86,2922,1617046705,49.621299743652344,-25.902883529663086,384.81427001953125,15.49649715423584,537,85.47486033519553,34,2.346303701400757,93.155517578125,4,1
Passes,directes,86,2922,1617046705,48.718299865722656,-27.219358444213867,729.6688842773438,24.70989990234375,279,71.32616487455198,37,2.109494924545288,92.90106201171875,1,2
Passes,courtes,393,362,1827753950,49.4915771484375,-26.138349533081055,799.2518920898438,17.483854293823242,484,79.13223140495867,6,0.31895384192466736,91.877197265625,0,1
Passes,directes,393,362,1827753950,49.52410888671875,-25.491714477539062,575.3065795898438,26.019577026367188,342,67.54385964912281,16,1.1782652139663696,92.91104125976562,1,1
Passes,courtes,562,7640,2113437503,49.10157775878906,-27.588623046875,781.4562377929688,16.82110595703125,441,73.92290249433107,10,0.5306628346443176,92.1317367553711,2,2
Passes,directes,562,7640,2113437503,49.117889404296875,-28.943115234375,1060.2882080078125,25.13397789001465,342,72.80701754385964,9,0.5080742835998535,91.7248306274414,2,0
Passes,courtes,3696,3822,1501688522,49.07518005371094,-27.48379135131836,858.0375366210938,16.698556900024414,488,76.84426229508196,7,0.36350008845329285,91.38716888427734,1,2
Passes,directes,3696,3822,1501688522,48.766727447509766,-27.25689697265625,671.1831665039062,25.312488555908203,276,70.28985507246377,16,1.9514273405075073,93.29844665527344,2,0
Passes,courtes,18794,21846,1477521204,49.39398956298828,-26.962095260620117,707.0744018554688,16.859638214111328,494,77.93522267206478,11,0.7053449749946594,91.64569091796875,1,1
Passes,directes,18794,21846,1477521204,49.34858703613281,-26.793560028076172,896.4281616210938,25.231943130493164,341,74.48680351906158,12,1.0630302429199219,91.74536895751953,3,1
Passes,courtes,382,349,48190158,49.821712493896484,-25.656620025634766,393.414794921875,16.868215560913086,418,79.66507177033493,20,1.947489857673645,93.27960205078125,3,1
Passes,directes,382,349,48190158,49.609405517578125,-26.329944610595703,459.018798828125,23.975040435791016,294,72.44897959183673,23,1.639596939086914,93.53451538085938,4,1
Passes,courtes,368,359,628641533,49.74509811401367,-27.708879470825195,867.9351196289062,17.243694305419922,399,74.43609022556392,5,0.2827956974506378,92.92847442626953,0,4
Passes,directes,368,359,628641533,49.069881439208984,-24.90740966796875,759.2616577148438,24.68889617919922,325,77.84615384615384,16,1.5675193071365356,92.56210327148438,1,2
Passes,courtes,83,93,1988519473,49.93009948730469,-26.892736434936523,429.4169921875,17.471607208251953,465,78.27956989247312,20,1.6821701526641846,93.17120361328125,5,2
Passes,directes,83,93,1988519473,49.515499114990234,-25.860715866088867,414.7160949707031,24.40927505493164,339,77.28613569321534,22,1.4731097221374512,93.12457275390625,0,3
Passes,courtes,570,559,2138614433,49.58715057373047,-29.180387496948242,553.7118530273438,16.089008331298828,466,78.11158798283262,11,0.7609193325042725,92.86068725585938,0,0
Passes,directes,570,559,2138614433,49.56440734863281,-27.183446884155273,494.5209655761719,25.280153274536133,308,70.12987012987013,24,1.9842262268066406,93.40354919433594,4,0
Passes,courtes,388,393,1490379973,49.403343200683594,-27.266775131225586,762.7608032226562,16.13457679748535,452,80.53097345132744,16,1.2204687595367432,92.08796691894531,3,1
Passes,directes,388,393,1490379973,48.417213439941406,-27.602893829345703,1049.790771484375,24.694538116455078,303,64.02640264026402,9,1.0268198251724243,91.73780059814453,0,1
Passes,courtes,1382,4411,683759645,48.9294319152832,-28.82738494873047,1190.556396484375,15.885205268859863,405,77.77777777777777,9,0.8411549925804138,91.20133972167969,2,0
Passes,directes,1382,4411,683759645,49.311161041259766,-27.5291748046875,915.2235717773438,25.516578674316406,346,73.121387283237,15,1.8978345394134521,91.90282440185547,4,0
Passes,courtes,83,86,385065937,49.19565200805664,-27.096872329711914,779.0568237304688,17.146503448486328,367,76.83923705722071,21,1.0479660034179688,92.6187515258789,1,3
Passes,directes,83,86,385065937,49.196067810058594,-28.729074478149414,834.2433471679688,25.46465492248535,280,72.14285714285714,15,1.010674238204956,92.78459930419922,4,1
Passes,courtes,170,2502,1366447162,49.470481872558594,-26.903654098510742,492.2208251953125,15.97354507446289,419,76.13365155131265,13,0.7661312222480774,92.93190002441406,1,1
Passes,directes,170,2502,1366447162,49.3192138671875,-28.822616577148438,735.1675415039062,25.599136352539062,332,69.27710843373494,13,0.8727117776870728,92.61387634277344,1,0
Passes,courtes,99,96,1220134124,49.42796325683594,-29.056873321533203,1087.0816650390625,16.17873191833496,463,76.02591792656588,10,1.465602159500122,91.17273712158203,0,0
Passes,directes,99,96,1220134124,49.060794830322266,-28.25409698486328,950.8148803710938,23.55590057373047,266,69.92481203007519,15,2.5133793354034424,92.60159301757812,2,0
Passes,courtes,97,85,1335149631,49.01028823852539,-27.38833236694336,644.4896850585938,16.239070892333984,467,79.01498929336188,8,0.3580261766910553,92.2453842163086,2,2
Passes,directes,97,85,1335149631,49.19847869873047,-27.740436553955078,735.8673706054688,25.352787017822266,343,74.63556851311954,8,0.46053221821784973,92.40719604492188,2,1
Passes,courtes,21607,2994,1257437083,49.16298294067383,-28.936477661132812,1249.6419677734375,16.817228317260742,384,76.82291666666667,10,1.142770767211914,91.82154846191406,2,1
Passes,directes,21607,2994,1257437083,49.17848587036133,-26.527435302734375,988.2057495117188,24.335723876953125,315,68.88888888888889,13,1.1726312637329102,91.91641235351562,1,0
Passes,courtes,153,152,750203086,49.82969665527344,-25.823251724243164,473.7196960449219,16.265344619750977,474,80.59071729957806,33,1.9480047225952148,93.01325988769531,0,0
Passes,directes,153,152,750203086,49.427459716796875,-27.616952896118164,768.9592895507812,24.652551651000977,292,69.86301369863014,35,2.728760004043579,92.83934783935547,5,0
Passes,courtes,147,140,2134306667,49.62483596801758,-26.509052276611328,626.8939819335938,15.98802661895752,544,82.90441176470588,25,3.718505859375,90.46820831298828,2,1
Passes,directes,147,140,2134306667,49.380645751953125,-27.23737335205078,698.8764038085938,25.64270782470703,338,71.89349112426035,30,2.507286548614502,92.11878204345703,2,0
Passes,courtes,254,256,764807854,48.85651397705078,-28.062711715698242,849.5396118164062,16.95203971862793,469,73.13432835820896,2,0.06614042818546295,91.91983795166016,0,2
Passes,directes,254,256,764807854,48.73689651489258,-26.20991325378418,655.5869750976562,24.08545684814453,291,72.5085910652921,7,0.2211461216211319,93.28230285644531,3,3
Passes,courtes,789,7914,670436716,49.36445236206055,-26.219572067260742,648.6886596679688,16.067331314086914,557,81.32854578096948,23,2.2048821449279785,91.68521881103516,3,0
Passes,directes,789,7914,670436716,49.412940979003906,-27.129268646240234,657.0866088867188,23.981693267822266,326,69.01840490797547,31,2.1456258296966553,92.68644714355469,5,0
Passes,courtes,132334,995,1013966036,49.1799201965332,-27.33208465576172,664.7847290039062,16.826526641845703,550,77.63636363636364,6,0.39935028553009033,91.97461700439453,1,1
Passes,directes,132334,995,1013966036,48.85260009765625,-26.767059326171875,675.3821411132812,24.865459442138672,308,71.42857142857143,9,1.143636703491211,92.90147399902344,1,4
Passes,courtes,131,10388,1718824160,49.944908142089844,-26.067180633544922,483.62030029296875,16.990297317504883,496,75.80645161290323,15,1.6538584232330322,92.52064514160156,1,0
Passes,directes,131,10388,1718824160,49.54133605957031,-25.874330520629883,504.82159423828125,25.551130294799805,336,69.94047619047619,25,2.514580249786377,92.79690551757812,1,1
Passes,courtes,104,115,1709944646,49.81675720214844,-29.812362670898438,581.6050415039062,16.469696044921875,440,79.31818181818181,18,1.0210052728652954,92.89341735839844,2,1
Passes,directes,104,115,1709944646,49.47318649291992,-24.851959228515625,313.20989990234375,26.349994659423828,301,67.44186046511628,34,1.9515538215637207,93.84884643554688,5,3
Passes,courtes,2250,1929,726787874,49.64726257324219,-26.357763290405273,494.7209777832031,15.993914604187012,458,83.1877729257642,33,2.043567419052124,93.004638671875,4,0
Passes,directes,2250,1929,726787874,49.1657829284668,-26.510236740112305,659.8859252929688,25.41892433166504,272,66.54411764705883,38,1.8626054525375366,92.81660461425781,5,0
Passes,courtes,105,239,94993703,49.30801773071289,-28.455928802490234,656.0868530273438,16.134902954101562,424,79.71698113207547,17,2.1619348526000977,92.75031280517578,2,1
Passes,directes,105,239,94993703,49.35072708129883,-28.256572723388672,687.9790649414062,24.660736083984375,338,70.71005917159763,18,1.6891775131225586,92.5196533203125,1,1
Passes,courtes,156,3735,1849727770,49.62910461425781,-27.40212631225586,635.8917846679688,17.085582733154297,489,78.7321063394683,11,0.980546236038208,92.30740356445312,0,0
Passes,directes,156,3735,1849727770,49.06098175048828,-27.935020446777344,737.7669067382812,25.655012130737305,299,69.23076923076923,7,1.5439257621765137,92.57652282714844,1,0
Passes,courtes,268,7911,1384120890,49.30916976928711,-27.60465431213379,734.4677124023438,16.42753791809082,527,79.5066413662239,5,0.17022034525871277,91.85250091552734,1,2
Passes,directes,268,7911,1384120890,49.44353485107422,-27.326557159423828,720.6710815429688,24.737442016601562,325,66.46153846153847,9,0.796567440032959,92.76566314697266,1,0
Passes,courtes,4057,110,1142969686,49.080604553222656,-28.948535919189453,915.4235229492188,15.412724494934082,408,76.22549019607843,11,1.1855388879776,92.81427764892578,0,1
Passes,directes,4057,110,1142969686,47.88970184326172,-28.76300811767578,1106.177001953125,24.17774200439453,276,68.47826086956522,10,0.7883549928665161,91.98226928710938,1,3
Passes,courtes,3307,3841,1888802919,49.355655670166016,-29.473711013793945,1073.8848876953125,17.06901741027832,395,74.43037974683544,8,0.381670743227005,92.26982879638672,0,0
Passes,directes,3307,3841,1888802919,48.510650634765625,-28.803953170776367,1106.77685546875,24.928274154663086,250,70.4,14,1.3195455074310303,92.48005676269531,4,1
Passes,courtes,127,125,1471360990,49.173606872558594,-26.487049102783203,828.8446655273438,16.505529403686523,480,77.5,11,0.545551061630249,91.5111312866211,0,2
Passes,directes,127,125,1471360990,49.04799270629883,-27.908437728881836,840.2418823242188,25.455493927001953,347,72.04610951008645,8,0.5183399319648743,91.81539154052734,0,0
Passes,courtes,996,9078,2102824771,49.073822021484375,-29.544994354248047,1156.964599609375,16.48312759399414,369,75.33875338753387,10,1.107881784439087,91.675048828125,1,0
Passes,directes,996,9078,2102824771,48.912559509277344,-27.603960037231445,851.2391967773438,25.67359161376953,322,69.87577639751552,13,0.8998647332191467,92.45332336425781,2,1
Passes,courtes,127,3841,334167837,49.15864181518555,-29.374170303344727,1170.561279296875,16.495277404785156,409,75.79462102689486,4,0.18443138897418976,91.32167053222656,0,0
Passes,directes,127,3841,334167837,49.216064453125,-28.786104202270508,912.4242553710938,24.86550521850586,285,72.98245614035088,15,1.2730796337127686,92.63621520996094,1,1
Passes,courtes,359,367,1036349728,50.04075241088867,-26.936681747436523,307.8095703125,16.619888305664062,429,75.52447552447552,14,1.398066759109497,93.97368621826172,3,0
Passes,directes,359,367,1036349728,49.67232131958008,-28.134716033935547,547.8132934570312,26.183687210083008,332,80.42168674698796,16,0.9313952326774597,93.16431427001953,4,5
Passes,courtes,996,997,948048695,48.937889099121094,-28.346019744873047,818.2472534179688,16.362930297851562,426,76.7605633802817,6,0.39437517523765564,92.25721740722656,0,2
Passes,directes,996,997,948048695,48.198089599609375,-30.8244686126709,912.8241577148438,25.133285522460938,304,69.07894736842105,11,1.4103405475616455,92.32715606689453,2,2
Passes,courtes,9078,1895,506792090,48.644744873046875,-30.173505783081055,851.3391723632812,16.029279708862305,437,73.91304347826087,8,0.4278123676776886,92.25003814697266,3,1
Passes,directes,9078,1895,506792090,48.131492614746094,-29.258583068847656,985.2064819335938,24.784942626953125,302,70.19867549668874,8,0.6493331789970398,92.5113296508789,3,5
Passes,courtes,7868,6997,603445893,49.644344329833984,-29.1264591217041,490.1206970214844,16.70520782470703,534,82.20973782771536,6,0.3661724030971527,92.99419403076172,1,0
Passes,directes,7868,6997,603445893,49.041465759277344,-27.5139217376709,575.3065795898438,23.986600875854492,247,68.82591093117409,11,0.9412710666656494,94.31881713867188,1,1
Passes,courtes,13294,2790,211620115,48.6391716003418,-30.230077743530273,1113.4752197265625,14.927118301391602,371,75.47169811320755,3,0.23960722982883453,91.98341369628906,0,3
Passes,directes,13294,2790,211620115,48.14374923706055,-28.73579216003418,937.6181030273438,24.978952407836914,322,67.3913043478261,2,0.18890784680843353,92.06653594970703,0,1
Passes,courtes,432,20070,1780414719,49.402462005615234,-29.14234161376953,696.7769165039062,15.216715812683105,545,83.4862385321101,12,0.6466906070709229,92.2010269165039,3,0
Passes,directes,432,20070,1780414719,49.4672966003418,-27.854686737060547,694.2775268554688,24.07577896118164,315,74.60317460317461,25,1.0683773756027222,92.68836212158203,3,3
Passes,courtes,2726,145,937223518,49.02104949951172,-28.174190521240234,812.7485961914062,16.46170425415039,405,72.34567901234568,8,0.5841268301010132,92.33396911621094,1,1
Passes,directes,2726,145,937223518,48.75090408325195,-29.571138381958008,1027.4962158203125,25.468948364257812,281,67.61565836298932,15,1.7598841190338135,91.95227813720703,4,0
Passes,courtes,6907,13294,776916771,49.14631652832031,-29.047914505004883,1008.0009155273438,15.738446235656738,486,78.80658436213992,10,0.6457923054695129,91.65418243408203,1,1
Passes,directes,6907,13294,776916771,49.158382415771484,-27.482601165771484,964.6115112304688,24.341583251953125,330,71.51515151515152,10,0.4437408149242401,92.03436279296875,1,0
Passes,courtes,21846,4411,883719064,49.54529571533203,-28.47202491760254,852.8388061523438,15.952407836914062,573,80.97731239092495,8,0.4697551727294922,91.43309783935547,0,0
Passes,directes,21846,4411,883719064,49.26063537597656,-27.25718879699707,982.0072631835938,24.566200256347656,328,70.73170731707317,14,1.1669282913208008,91.6990966796875,0,0
Passes,courtes,331,382,1763330361,49.040740966796875,-28.58413314819336,750.8637084960938,16.908416748046875,451,76.2749445676275,6,0.559104323387146,92.31036376953125,1,2
Passes,directes,331,382,1763330361,48.742095947265625,-29.12971305847168,818.2472534179688,25.406620025634766,314,68.78980891719745,7,0.3359261751174927,92.45954132080078,2,1
Passes,courtes,7911,131,1097703492,49.100868225097656,-28.567481994628906,663.6849975585938,16.710391998291016,520,79.8076923076923,10,0.7163539528846741,91.96280670166016,1,2
Passes,directes,7911,131,1097703492,48.894073486328125,-27.994827270507812,731.7683715820312,25.922876358032227,311,71.70418006430869,6,0.4288221001625061,92.86474609375,2,1
Passes,courtes,266,258,20376260,49.267208099365234,-27.78072166442871,709.0739135742188,16.898399353027344,440,76.36363636363636,3,0.08135572075843811,92.43160247802734,1,3
Passes,directes,266,258,20376260,48.73134231567383,-27.360429763793945,804.3506469726562,25.006820678710938,286,70.97902097902097,7,0.3014977276325226,92.41034698486328,1,2
Passes,courtes,104,111,1400887770,49.5704460144043,-27.097713470458984,559.8103637695312,16.924602508544922,523,78.58508604206502,13,0.7584390044212341,92.4033203125,1,1
Passes,directes,104,111,1400887770,49.18379211425781,-26.705785751342773,790.7539672851562,24.710905075073242,290,71.72413793103448,11,1.0267326831817627,92.5878677368164,1,3
Passes,courtes,83,87,567345045,49.82304763793945,-27.103443145751953,550.0127563476562,16.442636489868164,439,83.37129840546697,33,2.1735830307006836,93.0052490234375,3,1
Passes,directes,83,87,567345045,49.50343704223633,-27.754974365234375,714.2726440429688,24.89108657836914,282,74.822695035461,31,2.095146417617798,92.96887969970703,3,0
Passes,courtes,132,3841,490794889,49.589691162109375,-28.428752899169922,541.1149291992188,15.749343872070312,434,80.64516129032258,9,1.4550690650939941,93.56968688964844,5,4
Passes,directes,132,3841,490794889,49.11331558227539,-26.998294830322266,508.42181396484375,24.416723251342773,315,70.7936507936508,20,2.5181055068969727,93.38895416259766,4,1
Passes,courtes,21607,3472,380953897,49.695220947265625,-29.09491729736328,899.0275268554688,16.10338020324707,473,79.06976744186046,7,0.7494389414787292,90.40321350097656,2,1
Passes,directes,21607,3472,380953897,48.91228103637695,-30.14055061340332,1373.2117919921875,24.91786766052246,302,66.2251655629139,3,0.13660871982574463,91.26984405517578,0,0
Passes,courtes,3611,3610,1575844887,49.985694885253906,-26.838045120239258,542.5145874023438,15.822712898254395,635,84.88188976377953,23,1.9852688312530518,92.32254791259766,2,0
Passes,directes,3611,3610,1575844887,49.321144104003906,-27.12582778930664,641.6903686523438,24.811227798461914,351,73.78917378917379,20,1.7787280082702637,92.70673370361328,2,1
Passes,courtes,357,364,2013425278,48.781898498535156,-28.97867202758789,890.1296997070312,15.691871643066406,451,79.37915742793791,9,0.8861613869667053,91.86768341064453,1,2
Passes,directes,357,364,2013425278,48.381744384765625,-29.031625747680664,968.1106567382812,24.432361602783203,317,70.66246056782335,8,0.5297400951385498,92.50381469726562,1,0
Passes,courtes,3735,140,13374071,49.142208099365234,-29.35379981994629,1198.554443359375,15.480254173278809,437,73.91304347826087,5,0.20027905702590942,91.31820678710938,0,0
Passes,directes,3735,140,13374071,48.721656799316406,-27.812366485595703,950.3150024414062,23.544401168823242,305,73.44262295081967,22,2.8513481616973877,92.19978332519531,2,0
Passes,courtes,388,366,352111753,49.52080154418945,-26.792512893676758,887.0304565429688,16.718116760253906,471,78.55626326963906,7,0.3040950298309326,91.6863021850586,0,1
Passes,directes,388,366,352111753,48.62594985961914,-27.57297134399414,875.1333618164062,23.945240020751953,255,69.01960784313725,17,1.3320221900939941,92.89358520507812,2,1
Passes,courtes,175,6851,1049265140,48.93510818481445,-28.445171356201172,621.9951782226562,16.947534561157227,481,78.58627858627858,6,0.8777754902839661,92.73707580566406,1,1
Passes,directes,175,6851,1049265140,48.66707229614258,-26.892236709594727,733.9678344726562,24.404327392578125,284,70.4225352112676,7,0.6065155267715454,92.83367156982422,0,3
Passes,courtes,3263,4007,186245157,49.16166305541992,-27.719661712646484,827.1450805664062,16.93354606628418,407,73.95577395577395,7,0.401946097612381,92.59004974365234,2,0
Passes,directes,3263,4007,186245157,49.324554443359375,-26.405141830444336,665.0846557617188,26.39042091369629,301,69.1029900332226,26,2.801663637161255,93.02595520019531,5,0
Passes,courtes,3616,441,1120418230,49.2896728515625,-27.828031539916992,955.5137329101562,16.219011306762695,436,75.68807339449542,11,0.9070692658424377,91.68578338623047,1,2
Passes,directes,3616,441,1120418230,48.870513916015625,-28.159894943237305,1036.7939453125,25.35584831237793,311,65.27331189710611,8,0.3475097715854645,91.4317855834961,1,1
Passes,courtes,349,337,85596666,49.421142578125,-26.981843948364258,699.3762817382812,17.1822566986084,361,73.6842105263158,20,1.9048197269439697,93.02405548095703,2,6
Passes,directes,349,337,85596666,48.68904113769531,-26.481300354003906,797.5523071289062,24.357194900512695,285,69.82456140350877,14,1.5291821956634521,92.21182250976562,1,4
Passes,courtes,366,368,1769244548,49.62153625488281,-27.419879913330078,607.3987426757812,16.745738983154297,407,80.58968058968058,17,1.0263999700546265,92.84846496582031,3,0
Passes,directes,366,368,1769244548,49.270206451416016,-26.18118667602539,624.1946411132812,25.728965759277344,323,73.6842105263158,24,1.8416780233383179,92.91436767578125,3,0
Passes,courtes,393,357,1313602615,49.047733306884766,-29.064504623413086,785.9551391601562,16.0145206451416,403,77.41935483870968,12,0.616576075553894,93.02552032470703,4,1
Passes,directes,393,357,1313602615,48.628997802734375,-26.985759735107422,901.8268432617188,25.601287841796875,341,68.32844574780059,20,1.9319101572036743,92.05009460449219,3,1
Passes,courtes,370,388,1463368591,49.609554290771484,-27.393678665161133,588.1034545898438,16.890138626098633,469,79.1044776119403,8,0.36970409750938416,92.8004150390625,3,1
Passes,directes,370,388,1463368591,49.294944763183594,-26.93617820739746,632.1926879882812,25.122488021850586,313,72.84345047923323,16,1.2268774509429932,92.7651596069336,1,0
Passes,courtes,1538,99,767019185,49.61179733276367,-27.771793365478516,633.6923217773438,16.543777465820312,514,78.98832684824903,6,0.6138153076171875,92.38978576660156,2,1
Passes,directes,1538,99,767019185,49.626277923583984,-27.99732780456543,861.3367309570312,25.142744064331055,324,73.45679012345678,5,0.25905442237854004,92.2446517944336,0,0
Passes,courtes,170,6997,871005224,49.12828063964844,-27.216856002807617,584.0044555664062,16.753637313842773,448,72.76785714285714,11,0.4436715841293335,92.64769744873047,2,0
Passes,directes,170,6997,871005224,49.20444869995117,-26.069862365722656,615.5967407226562,25.27189064025879,316,69.9367088607595,16,1.059464693069458,92.92556762695312,2,0
Passes,courtes,152,140,1014651230,49.15528869628906,-28.565902709960938,989.5054321289062,15.829062461853027,491,76.17107942973523,7,0.4108922779560089,91.27171325683594,2,0
Passes,directes,152,140,1014651230,49.21388626098633,-27.38203239440918,1055.389404296875,24.406179428100586,329,71.12462006079028,6,0.5850789546966553,90.1924819946289,0,2
Passes,courtes,172,2697,1250740141,49.46208572387695,-28.712995529174805,993.2045288085938,16.43480682373047,491,80.65173116089613,14,0.49713853001594543,91.33041381835938,1,0
Passes,directes,172,2697,1250740141,49.06452941894531,-27.94305419921875,860.3369750976562,24.662734985351562,275,68.72727272727273,13,0.8593870401382446,92.4547119140625,2,0
Passes,courtes,142,147,2024776132,48.84492874145508,-29.87271499633789,971.8097534179688,16.437891006469727,336,77.08333333333333,16,1.2062246799468994,92.662109375,3,1
Passes,directes,142,147,2024776132,49.13630294799805,-27.241085052490234,991.2050170898438,25.34063148498535,274,71.53284671532846,19,1.1346781253814697,92.00338745117188,0,1
Passes,courtes,559,3616,1464793213,49.56060791015625,-28.14067840576172,765.4601440429688,16.092103958129883,429,79.72027972027972,15,1.2114920616149902,92.67689514160156,0,1
Passes,directes,559,3616,1464793213,48.8904914855957,-27.772388458251953,880.4320678710938,25.75442886352539,286,68.53146853146853,18,0.8310173153877258,92.58637237548828,1,0
Passes,courtes,306,361,674103857,49.27041244506836,-27.81258201599121,1053.98974609375,17.27120018005371,405,75.06172839506173,8,0.5319958925247192,91.62017822265625,1,3
Passes,directes,306,361,674103857,48.90159225463867,-28.39674949645996,902.0267944335938,25.397476196289062,281,67.25978647686833,14,1.3655296564102173,92.88532257080078,1,0
Passes,courtes,3822,21581,455992310,49.28386306762695,-28.55967903137207,744.8651733398438,16.230886459350586,440,78.86363636363636,13,1.7747923135757446,92.41434478759766,4,1
Passes,directes,3822,21581,455992310,49.25457000732422,-27.824752807617188,1167.4620361328125,24.451215744018555,301,68.77076411960132,11,0.9262981414794922,91.77853393554688,0,1
Passes,courtes,3706,156,411967342,49.76984405517578,-28.437673568725586,748.4642944335938,16.162254333496094,486,80.65843621399176,11,0.6281828880310059,92.27522277832031,1,1
Passes,directes,3706,156,411967342,49.333030700683594,-27.334989547729492,590.1029663085938,24.30096435546875,352,73.86363636363636,27,2.479297161102295,92.78041076660156,1,0
Passes,courtes,363,373,1100352984,49.72884750366211,-27.436134338378906,597.8010864257812,17.501832962036133,430,77.44186046511628,17,1.1220965385437012,92.76428985595703,1,0
Passes,directes,363,373,1100352984,50.06757736206055,-27.049335479736328,439.9176330566406,24.969003677368164,280,70,22,2.0408072471618652,93.82401275634766,1,1
Passes,courtes,2925,17530,1241640015,49.604713439941406,-27.567028045654297,1054.189697265625,16.385154724121094,541,81.70055452865064,8,0.32555708289146423,90.79235076904297,0,1
Passes,directes,2925,17530,1241640015,48.75126266479492,-27.935277938842773,1003.1021118164062,24.852052688598633,325,67.6923076923077,14,1.2201943397521973,91.5533218383789,1,0
Passes,courtes,436,995,330066000,49.88134765625,-24.866960525512695,373.7135925292969,17.125301361083984,406,78.07881773399015,27,1.930911898612976,93.73628997802734,7,2
Passes,directes,436,995,330066000,49.698123931884766,-24.528657913208008,424.61669921875,25.084331512451172,334,70.95808383233533,31,2.9887776374816895,93.4763412475586,3,0
Passes,courtes,368,388,950415411,49.60578918457031,-26.400136947631836,539.7152709960938,16.411291122436523,489,74.64212678936606,11,1.110673189163208,92.33887481689453,0,1
Passes,directes,368,388,950415411,49.70273208618164,-26.91485595703125,460.5188903808594,25.131437301635742,360,70,18,1.204729437828064,92.95848846435547,0,1
Passes,courtes,145,147,1914605551,48.81901168823242,-28.342445373535156,984.8065795898438,16.562856674194336,425,78.58823529411765,14,0.8750084042549133,91.6987075805664,0,3
Passes,directes,145,147,1914605551,48.1661376953125,-30.258432388305664,1121.2733154296875,25.664358139038086,248,67.33870967741936,21,2.2620129585266113,91.98319244384766,1,1
Passes,courtes,176,174,1842724251,49.69705581665039,-26.060745239257812,582.8047485351562,16.75684928894043,426,76.05633802816901,19,1.2415269613265991,92.68075561523438,2,0
Passes,directes,176,174,1842724251,49.525489807128906,-26.313125610351562,542.5145874023438,26.373666763305664,323,67.18266253869969,17,1.1348687410354614,92.98582458496094,3,1
Passes,courtes,239,4007,625984714,49.12173080444336,-28.0647029876709,992.9046020507812,15.802329063415527,443,76.97516930022573,15,0.9663668870925903,91.57691192626953,1,3
Passes,directes,239,4007,625984714,48.29473876953125,-28.67817497253418,897.4279174804688,25.846811294555664,299,69.89966555183946,21,1.8865076303482056,92.11914825439453,2,2
Passes,courtes,258,264,1637070181,49.756263732910156,-27.225889205932617,433.1172180175781,16.580610275268555,424,75.47169811320755,10,0.7868509292602539,93.7082748413086,0,0
Passes,directes,258,264,1637070181,49.787899017333984,-25.731918334960938,564.1093139648438,25.882902145385742,335,71.94029850746269,15,1.73699152469635,93.11071014404297,2,3
Passes,courtes,4405,13294,1060016884,49.02485656738281,-28.43773651123047,1312.4266357421875,15.809025764465332,504,79.96031746031746,5,0.12698468565940857,90.5436019897461,0,1
Passes,directes,4405,13294,1060016884,48.9567756652832,-28.648637771606445,1115.6746826171875,25.36530303955078,330,69.6969696969697,5,0.33269140124320984,91.35205078125,0,0
Passes,courtes,134,2950,57829408,48.98296356201172,-28.72249984741211,1015.8989868164062,16.29340362548828,383,75.45691906005221,8,0.4407327175140381,92.02940368652344,1,1
Passes,directes,134,2950,57829408,48.52415084838867,-27.483896255493164,822.9461059570312,25.679523468017578,301,70.09966777408638,11,0.8933619260787964,92.52974700927734,2,2
Passes,courtes,373,384,506153595,49.10528564453125,-29.340255737304688,864.5359497070312,15.73608684539795,394,74.61928934010152,12,0.7447090148925781,92.44024658203125,0,2
Passes,directes,373,384,506153595,48.458377838134766,-29.15424919128418,1064.4871826171875,25.60990333557129,301,69.76744186046511,19,0.9405307173728943,92.11898803710938,1,1
Passes,courtes,90,1538,1336815701,49.339908599853516,-27.747390747070312,930.4198608398438,17.22549057006836,421,79.57244655581948,19,1.7882332801818848,91.88040161132812,3,2
Passes,directes,90,1538,1336815701,48.24126434326172,-28.526636123657227,885.8307495117188,26.309024810791016,283,63.25088339222615,14,1.108522653579712,92.13739013671875,3,2
Passes,courtes,7640,11551,580634010,49.32042694091797,-27.345603942871094,743.9653930664062,15.843664169311523,433,74.364896073903,12,1.0849355459213257,92.5276107788086,1,1
Passes,directes,7640,11551,580634010,49.37946701049805,-26.90985107421875,852.1389770507812,24.04953956604004,328,74.08536585365853,19,1.2928187847137451,92.60084533691406,2,1
Passes,courtes,172,174,810178100,49.26809310913086,-26.77709197998047,463.01904296875,16.07704734802246,486,80.04115226337449,8,0.297719806432724,92.68302154541016,1,0
Passes,directes,172,174,810178100,49.28509521484375,-24.618419647216797,642.4901733398438,25.67705535888672,322,71.11801242236025,17,1.6277334690093994,92.3189926147461,2,0
Passes,courtes,4691,22269,1189255965,49.19586944580078,-28.835256576538086,584.3043823242188,16.675479888916016,446,72.86995515695067,7,0.4992194175720215,92.26072692871094,3,0
Passes,directes,4691,22269,1189255965,49.29277801513672,-26.697113037109375,702.2755737304688,24.57986831665039,300,66.66666666666667,13,1.373234510421753,92.28022766113281,3,0
Passes,courtes,99,2922,1358150438,48.958683013916016,-29.90557861328125,1043.0924072265625,15.859840393066406,422,77.48815165876778,4,0.3531993627548218,91.69255065917969,0,0
Passes,directes,99,2922,1358150438,48.84741973876953,-28.88180160522461,812.5486450195312,24.915376663208008,307,70.03257328990227,9,0.7389848232269287,92.7654800415039,2,3
Passes,courtes,111,113,884255354,49.620662689208984,-27.08495330810547,536.4160766601562,16.37552833557129,467,76.01713062098501,26,2.7016100883483887,93.12068939208984,6,0
Passes,directes,111,113,884255354,49.153297424316406,-26.929180145263672,668.5838012695312,26.93955421447754,320,66.5625,27,2.9623143672943115,92.77621459960938,2,0
Passes,courtes,133,268,612132171,49.611968994140625,-28.87598991394043,671.0831909179688,16.632081985473633,438,77.1689497716895,8,0.24445511400699615,92.53475952148438,2,2
Passes,directes,133,268,612132171,49.46064758300781,-27.400737762451172,547.2134399414062,25.088022232055664,327,72.4770642201835,13,1.2702698707580566,93.31600189208984,3,0
Passes,courtes,267,263,322750925,49.22242736816406,-29.23503875732422,1566.3646240234375,16.310895919799805,409,78.239608801956,4,0.22556397318840027,90.2406234741211,0,0
Passes,directes,267,263,322750925,49.26841354370117,-28.125463485717773,1335.12109375,25.069782257080078,314,73.56687898089172,15,1.0261965990066528,91.28160095214844,2,0
Passes,courtes,22269,5786,2139222572,49.251869201660156,-28.919845581054688,1034.8944091796875,16.27021026611328,500,78.4,2,0.1625407487154007,91.49496459960938,0,0
Passes,directes,22269,5786,2139222572,48.83985137939453,-28.58652114868164,958.0131225585938,24.47512435913086,313,69.00958466453675,9,0.718017578125,92.177001953125,2,1
Passes,courtes,170,174,466818611,49.28016662597656,-25.3133544921875,513.3217163085938,16.671293258666992,446,77.3542600896861,6,0.27924224734306335,92.85211181640625,0,1
Passes,directes,170,174,466818611,48.96748352050781,-24.414892196655273,501.62139892578125,24.207530975341797,292,73.28767123287672,13,1.4032988548278809,93.85497283935547,1,5
Passes,courtes,384,367,2006222649,49.5618896484375,-25.947187423706055,502.82147216796875,16.092811584472656,446,83.18385650224215,17,1.019187331199646,92.92961120605469,1,1
Passes,directes,384,367,2006222649,49.23942184448242,-26.62801170349121,453.7184753417969,25.710426330566406,251,73.70517928286853,14,0.8094271421432495,94.47944641113281,3,1
Passes,courtes,85,1538,1581366703,49.470542907714844,-27.094070434570312,477.3199157714844,16.603342056274414,490,75.91836734693878,12,1.5569467544555664,92.71554565429688,4,1
Passes,directes,85,1538,1581366703,48.66012191772461,-27.023155212402344,570.5077514648438,26.26749038696289,311,66.55948553054662,19,1.8461947441101074,93.3335952758789,2,2
Passes,courtes,89,93,1024494580,49.407352447509766,-26.98859405517578,698.3765258789062,17.046281814575195,463,80.12958963282938,9,0.44289153814315796,92.09635925292969,0,1
Passes,directes,89,93,1024494580,49.029518127441406,-26.140220642089844,771.4586791992188,25.84528923034668,326,73.61963190184049,14,0.6922852993011475,92.15174865722656,1,2
Passes,courtes,3611,7879,1465685371,49.96103286743164,-26.586442947387695,449.5182189941406,16.515453338623047,492,78.65853658536585,16,1.2506728172302246,92.84796142578125,1,1
Passes,directes,3611,7879,1465685371,49.82831954956055,-26.773834228515625,581.7050170898438,26.3126163482666,300,65.66666666666667,11,1.027271032333374,93.32757568359375,3,0
Passes,courtes,1382,2790,1615964618,49.33872604370117,-27.298362731933594,935.8185424804688,15.774188995361328,559,80.85867620751341,5,0.11715076118707657,91.20770263671875,0,2
Passes,directes,1382,2790,1615964618,48.99391555786133,-27.677488327026367,1010.5003051757812,24.982318878173828,305,67.8688524590164,11,0.8018651604652405,91.90193176269531,3,0
Passes,courtes,85,244,1139745998,49.31019592285156,-28.969358444213867,951.5147094726562,16.132909774780273,492,77.4390243902439,11,0.8062224388122559,91.62870025634766,3,1
Passes,directes,85,244,1139745998,48.54235076904297,-27.609363555908203,818.9470825195312,26.0015869140625,310,64.83870967741936,19,1.997381329536438,90.60484313964844,4,1
Passes,courtes,263,250,2087460833,49.75102615356445,-26.91640281677246,631.5928344726562,17.255229949951172,471,75.58386411889596,8,0.35955625772476196,92.34457397460938,1,1
Passes,directes,263,250,2087460833,49.90410232543945,-24.812822341918945,498.22119140625,24.295995712280273,308,66.55844155844156,21,1.836935043334961,93.30425262451172,0,1
Passes,courtes,3472,3696,336812851,49.25442886352539,-30.192636489868164,975.7088012695312,15.168667793273926,501,83.03393213572855,3,0.13126111030578613,92.03426361083984,0,1
Passes,directes,3472,3696,336812851,48.338661193847656,-30.146282196044922,997.2035522460938,25.36874771118164,243,63.37448559670782,9,1.0181522369384766,92.67561340332031,2,1
Passes,courtes,13294,21540,487868817,49.29593276977539,-27.61033058166504,1011.1001586914062,16.095779418945312,462,75.54112554112554,5,0.22487860918045044,91.45431518554688,2,0
Passes,directes,13294,21540,487868817,49.38761520385742,-27.422805786132812,916.7232055664062,24.290769577026367,396,75.25252525252525,17,0.8552107214927673,91.59959411621094,2,1
Passes,courtes,570,936,308785032,49.62092971801758,-26.33981704711914,441.9177551269531,15.234668731689453,666,85.88588588588588,23,1.4533082246780396,92.53495788574219,2,0
Passes,directes,570,936,308785032,49.107234954833984,-26.71711540222168,725.4699096679688,24.21143913269043,294,69.72789115646259,33,2.635819673538208,92.66527557373047,2,1
Passes,courtes,243,94,1913070780,49.25230026245117,-27.04787826538086,775.9575805664062,16.14232635498047,492,78.2520325203252,10,0.8161001205444336,91.48108673095703,1,1
Passes,directes,243,94,1913070780,48.386051177978516,-29.6485595703125,1134.570068359375,25.342561721801758,287,72.82229965156795,11,1.7795403003692627,90.7275161743164,2,2
Passes,courtes,382,357,1412098517,49.36141586303711,-28.372602462768555,574.4067993164062,16.206418991088867,475,80,18,2.1823391914367676,92.34413146972656,4,1
Passes,directes,382,357,1412098517,48.917259216308594,-28.255678176879883,768.4594116210938,26.119102478027344,276,68.47826086956522,18,1.874984860420227,92.7530288696289,3,0
Passes,courtes,21581,437,2133107748,49.23027420043945,-27.30292510986328,718.7715454101562,17.0249080657959,525,78.66666666666667,6,0.29464980959892273,91.98792266845703,1,1
Passes,directes,21581,437,2133107748,48.92536926269531,-28.46104621887207,838.0424194335938,25.515380859375,281,64.41281138790036,3,0.13185955584049225,92.57271575927734,0,1
Passes,courtes,257,262,1110783560,49.39812088012695,-28.302888870239258,958.9129028320312,16.422605514526367,499,82.36472945891784,17,1.0286321640014648,91.5750503540039,0,2
Passes,directes,257,262,1110783560,48.86103439331055,-28.300378799438477,1054.2896728515625,24.81470489501953,327,71.25382262996942,13,0.8991938233375549,91.45498657226562,2,1
Passes,courtes,3759,6907,1682151650,49.48650360107422,-26.577045440673828,721.0709838867188,16.560686111450195,451,74.72283813747228,10,0.6391177177429199,91.8709945678711,0,1
Passes,directes,3759,6907,1682151650,49.0026969909668,-27.253232955932617,711.6732788085938,25.456117630004883,291,64.60481099656357,10,0.6852384209632874,92.50829315185547,3,0
Passes,courtes,21607,5309,302470383,49.16556930541992,-28.083099365234375,1164.6627197265625,16.397066116333008,444,78.6036036036036,8,0.6251871585845947,91.24755859375,2,0
Passes,directes,21607,5309,302470383,48.769798278808594,-28.605379104614258,1052.4901123046875,24.73978042602539,263,65.39923954372624,8,0.5004523992538452,92.4161376953125,0,0
Passes,courtes,2572,112,1664014101,49.77330017089844,-26.848796844482422,561.1100463867188,16.66722297668457,461,78.9587852494577,13,1.111649990081787,92.67855834960938,4,3
Passes,directes,2572,112,1664014101,49.413570404052734,-27.359296798706055,855.5381469726562,25.424293518066406,340,71.17647058823529,11,0.482257604598999,91.89171600341797,2,1
Passes,courtes,118,2925,364679294,49.57049560546875,-28.22737693786621,885.8307495117188,15.759994506835938,509,81.72888015717092,14,0.952957034111023,91.6020278930664,1,2
Passes,directes,118,2925,364679294,49.474056243896484,-27.47149658203125,891.7293090820312,24.993633270263672,308,68.18181818181819,16,1.7378066778182983,92.30158996582031,1,3
Passes,courtes,87,1538,420943911,49.036067962646484,-28.017175674438477,950.5149536132812,16.678308486938477,494,77.7327935222672,22,1.8355157375335693,91.2457046508789,1,1
Passes,directes,87,1538,420943911,48.70329284667969,-27.67592430114746,943.7166137695312,25.957664489746094,338,71.00591715976331,13,1.0623316764831543,91.48946380615234,3,1
Passes,courtes,559,936,330630444,49.747314453125,-27.91819953918457,598.7008666992188,15.993279457092285,524,81.87022900763358,18,0.567629337310791,92.43315887451172,0,0
Passes,directes,559,936,330630444,49.51939010620117,-27.725807189941406,728.4691772460938,24.11587142944336,313,71.56549520766774,20,1.3392624855041504,92.59700012207031,3,0
Passes,courtes,2250,3696,1887936958,49.64362335205078,-29.05194664001465,652.3877563476562,15.211935997009277,528,80.68181818181819,21,2.074403762817383,92.48719024658203,1,0
Passes,directes,2250,3696,1887936958,49.250083923339844,-26.847864151000977,610.1980590820312,25.8134765625,296,67.9054054054054,35,2.059192180633545,92.84162139892578,4,0
Passes,courtes,2950,125,1145763051,49.48569869995117,-26.188350677490234,834.0433959960938,17.535512924194336,400,75.25,10,0.8664640784263611,92.2775650024414,0,1
Passes,directes,2950,125,1145763051,48.833621978759766,-27.159582138061523,719.2714233398438,25.237789154052734,314,70.06369426751593,14,0.8947469592094421,92.82786560058594,2,1
Passes,courtes,9078,6870,922252038,49.4672737121582,-29.262853622436523,648.7886352539062,15.6107177734375,461,76.78958785249458,14,1.2417268753051758,92.36178588867188,1,0
Passes,directes,9078,6870,922252038,48.93599319458008,-27.93308448791504,783.9556274414062,24.862695693969727,299,69.89966555183946,21,1.8109797239303589,92.63356018066406,3,1
Passes,courtes,359,357,1411799261,49.58540344238281,-27.567218780517578,404.01544189453125,16.293350219726562,496,78.83064516129032,15,1.1474473476409912,93.18328857421875,1,1
Passes,directes,359,357,1411799261,49.10927200317383,-28.263275146484375,563.9093627929688,26.641809463500977,316,66.77215189873418,15,2.227292060852051,93.28584289550781,3,1
Passes,courtes,147,156,1700574325,49.69822692871094,-29.4321346282959,763.3606567382812,15.847944259643555,562,82.91814946619218,18,1.1274218559265137,92.14453887939453,1,1
Passes,directes,147,156,1700574325,49.415802001953125,-29.692691802978516,807.3499145507812,25.36810874938965,299,72.5752508361204,19,1.1633471250534058,92.72811889648438,2,0
Passes,courtes,3997,113,51613704,49.181610107421875,-26.55801773071289,986.3062133789062,16.778274536132812,446,80.04484304932735,13,0.7372885346412659,91.38347625732422,0,2
Passes,directes,3997,113,51613704,49.2354850769043,-28.43338966369629,1001.8024291992188,26.050268173217773,293,64.84641638225256,12,1.1840696334838867,92.4854965209961,4,1
Passes,courtes,103,4057,702879240,49.71851348876953,-24.87054443359375,452.7184143066406,16.703094482421875,429,75.05827505827506,23,1.9853358268737793,92.77619171142578,5,0
Passes,directes,103,4057,702879240,49.95043182373047,-26.464706420898438,518.8203735351562,24.984800338745117,342,71.9298245614035,23,2.2323155403137207,93.02513885498047,3,0
Passes,courtes,170,174,1435546856,49.3807258605957,-25.444236755371094,553.6118774414062,16.425642013549805,428,78.27102803738318,13,0.5497968196868896,92.7401351928711,0,1
Passes,directes,170,174,1435546856,49.131263732910156,-25.480995178222656,687.3792114257812,25.419198989868164,296,74.66216216216216,20,2.1753387451171875,92.76045989990234,2,3
Passes,courtes,137,10388,1495203957,49.60513687133789,-26.484115600585938,399.1151428222656,17.002531051635742,543,77.90055248618785,9,0.5300042033195496,92.5988540649414,2,1
Passes,directes,137,10388,1495203957,48.928165435791016,-26.94275665283203,608.0985717773438,25.531429290771484,318,68.86792452830188,11,1.0836337804794312,92.6610336303711,6,2
Passes,courtes,156,151,323811002,49.679100036621094,-25.791921615600586,656.1868286132812,16.85567283630371,430,74.18604651162791,5,0.4507138729095459,92.40151977539062,0,1
Passes,directes,156,151,323811002,49.38698196411133,-27.038909912109375,758.0619506835938,24.716001510620117,280,62.142857142857146,13,0.8937859535217285,92.67455291748047,0,0
Passes,courtes,118,3997,1667359241,49.547393798828125,-28.1671085357666,810.5491333007812,16.476951599121094,432,75.92592592592592,8,0.3797309100627899,92.05280303955078,1,1
Passes,directes,118,3997,1667359241,49.38725662231445,-27.064443588256836,752.7632446289062,25.30793571472168,317,72.87066246056783,11,0.9072867035865784,92.30557250976562,2,0
Passes,courtes,995,7656,765467029,49.29643249511719,-29.05349349975586,988.2057495117188,16.556991577148438,385,72.72727272727273,14,1.8488426208496094,92.4490966796875,2,1
Passes,directes,995,7656,765467029,48.69717788696289,-29.42943000793457,1038.993408203125,25.10251235961914,264,70.07575757575758,16,1.2093274593353271,92.2171859741211,2,0
Passes,courtes,3699,21610,972949956,49.31107711791992,-26.83265495300293,774.2579956054688,16.497472763061523,531,78.3427495291902,5,0.34414201974868774,91.44342803955078,0,1
Passes,directes,3699,21610,972949956,49.09314727783203,-27.24165916442871,883.8312377929688,24.06437110900879,314,73.56687898089172,17,1.8651154041290283,92.14508056640625,3,1
Passes,courtes,87,89,497728889,48.748321533203125,-28.00670623779297,933.4191284179688,16.545286178588867,492,75.60975609756098,6,0.2780739963054657,91.05624389648438,1,1
Passes,directes,87,89,497728889,48.760589599609375,-27.9470157623291,879.2323608398438,25.568824768066406,284,69.71830985915493,7,0.21949630975723267,92.3040771484375,0,0
Passes,courtes,151,152,2045654981,49.39326095581055,-28.58957862854004,629.6932983398438,15.983742713928223,573,79.58115183246073,6,0.524117112159729,91.98624420166016,0,0
Passes,directes,151,152,2045654981,49.39604187011719,-27.23938751220703,633.2924194335938,24.410280227661133,365,69.04109589041096,10,0.586487352848053,92.6348876953125,3,1
Passes,courtes,363,366,554673974,49.83331298828125,-27.435319900512695,656.1868286132812,15.970853805541992,485,79.17525773195877,15,1.2966355085372925,92.15109252929688,1,0
Passes,directes,363,366,554673974,49.62503433227539,-27.995912551879883,559.6104125976562,24.898738861083984,334,73.05389221556887,37,2.576655864715576,92.67977905273438,1,0
Passes,courtes,104,3997,1784849258,49.58646774291992,-28.111799240112305,409.1157531738281,17.295806884765625,457,75.49234135667396,21,2.4526686668395996,93.17263793945312,3,1
Passes,directes,104,3997,1784849258,49.66274642944336,-25.37022590637207,555.5114135742188,24.698822021484375,328,72.5609756097561,30,2.1588950157165527,93.1871566772461,3,1
Passes,courtes,393,384,1950149415,48.69507598876953,-28.573001861572266,865.2357788085938,16.977867126464844,459,79.520697167756,13,0.9647730588912964,90.74687957763672,3,0
Passes,directes,393,384,1950149415,49.165985107421875,-27.729618072509766,856.2379760742188,24.416545867919922,324,69.1358024691358,12,0.7990525960922241,92.76471710205078,4,0
Passes,courtes,789,19267,1551413899,49.819705963134766,-27.722475051879883,651.3880004882812,16.269317626953125,522,81.03448275862068,22,1.406739592552185,92.32464599609375,2,0
Passes,directes,789,19267,1551413899,49.4119758605957,-28.189462661743164,880.2321166992188,24.969051361083984,277,74.0072202166065,31,2.543353796005249,92.806884765625,4,1
Passes,courtes,85,102,1083776645,48.82660675048828,-28.468185424804688,950.1150512695312,16.00304412841797,434,79.49308755760369,14,0.5932927131652832,91.77079010009766,1,3
Passes,directes,85,102,1083776645,49.172340393066406,-28.76681137084961,845.1406860351562,26.121824264526367,265,64.52830188679245,10,1.3407644033432007,92.80514526367188,2,2
Passes,courtes,6870,432,1803412708,48.601905822753906,-29.58487319946289,1183.758056640625,16.41160774230957,354,71.46892655367232,0,0,91.93443298339844,0,2
Passes,directes,6870,432,1803412708,48.27229309082031,-29.862560272216797,1121.2733154296875,25.764381408691406,274,66.05839416058394,8,0.33156582713127136,92.28752899169922,0,3
Passes,courtes,94,87,1603673735,49.612186431884766,-28.094921112060547,954.2140502929688,15.498831748962402,545,82.38532110091744,9,0.502602756023407,91.72386169433594,0,2
Passes,directes,94,87,1603673735,48.76628875732422,-29.908069610595703,1083.4825439453125,24.5744686126709,306,75.16339869281046,11,0.842941164970398,92.0332260131836,3,1
Passes,courtes,258,266,1241796862,49.35308074951172,-27.717208862304688,746.1648559570312,16.555898666381836,451,76.71840354767184,6,0.6661033630371094,92.31834411621094,0,0
Passes,directes,258,266,1241796862,49.0031623840332,-27.22234535217285,720.2711791992188,25.01189422607422,304,71.38157894736842,12,0.8101999163627625,92.62910461425781,1,2
Passes,courtes,113,3997,169762054,49.393672943115234,-25.745195388793945,654.5872192382812,16.99666976928711,432,74.07407407407408,6,0.3129345774650574,92.49089050292969,0,2
Passes,directes,113,3997,169762054,49.4486083984375,-26.884475708007812,854.0385131835938,24.88361358642578,308,69.48051948051948,15,1.2418849468231201,92.27935791015625,1,1
Passes,courtes,3024,989,1153742415,49.07073211669922,-28.807409286499023,1054.0897216796875,16.02118682861328,444,74.54954954954955,7,0.5370075702667236,91.5009536743164,1,0
Passes,directes,3024,989,1153742415,49.540802001953125,-27.492692947387695,703.8751831054688,24.424299240112305,369,76.15176151761517,17,1.768292784690857,92.53421783447266,3,0
Passes,courtes,359,368,1656874616,49.880435943603516,-25.99173355102539,467.61932373046875,16.437480926513672,475,77.26315789473684,16,1.284153938293457,92.85033416748047,1,0
Passes,directes,359,368,1656874616,49.50482940673828,-26.413244247436523,459.61883544921875,25.69503402709961,330,73.03030303030303,19,1.4422554969787598,93.47664642333984,3,1
Passes,courtes,3735,139,1891547481,49.29091262817383,-27.208337783813477,795.6527709960938,15.86721134185791,483,79.08902691511388,9,0.5634151101112366,92.04804992675781,1,0
Passes,directes,3735,139,1891547481,48.82361602783203,-28.201011657714844,1175.16015625,25.534778594970703,292,67.8082191780822,12,0.765220046043396,91.65740966796875,0,0
Passes,courtes,4007,109,266353912,49.36789321899414,-28.137676239013672,832.4437866210938,17.13275146484375,480,75.41666666666667,8,0.2796177268028259,91.77825164794922,1,1
Passes,directes,4007,109,266353912,49.04317092895508,-27.971956253051758,756.0624389648438,25.328052520751953,311,69.13183279742765,11,0.8979011178016663,93.0376205444336,1,0
Passes,courtes,122,268,941325862,49.916446685791016,-26.065902709960938,724.5701293945312,16.7994384765625,470,79.14893617021276,12,0.7641531229019165,91.78866577148438,1,2
Passes,directes,122,268,941325862,49.13899612426758,-26.20449447631836,597.5011596679688,26.23253631591797,339,71.38643067846607,13,1.231036901473999,92.52224731445312,2,1
Passes,courtes,264,256,2070153691,49.282413482666016,-28.609830856323242,775.5576782226562,16.681737899780273,465,75.6989247311828,0,0,91.94613647460938,0,3
Passes,directes,264,256,2070153691,48.74322509765625,-27.759458541870117,705.4747924804688,24.242116928100586,280,66.07142857142857,5,0.461757630109787,92.82019805908203,2,1
Passes,courtes,12698,3472,1368079903,49.81988525390625,-28.432308197021484,691.4782104492188,16.38079261779785,435,83.2183908045977,18,1.5776718854904175,92.5577163696289,1,0
Passes,directes,12698,3472,1368079903,49.56061935424805,-28.48293113708496,701.2758178710938,24.715194702148438,350,76,26,2.325385332107544,92.39478302001953,4,0
Passes,courtes,13294,1382,1589609104,49.41048049926758,-28.544023513793945,1015.3991088867188,15.933684349060059,593,80.77571669477234,8,0.8491246700286865,90.81367492675781,0,0
Passes,directes,13294,1382,1589609104,48.88846206665039,-26.907655715942383,1086.8817138671875,24.809518814086914,328,69.20731707317073,13,1.3064292669296265,91.77022552490234,1,0
Passes,courtes,107,110,1437692358,48.93376922607422,-29.006513595581055,936.2184448242188,16.30865478515625,438,76.94063926940639,6,1.3053102493286133,91.61598205566406,1,2
Passes,directes,107,110,1437692358,48.677764892578125,-28.89525032043457,1175.2601318359375,24.737329483032227,292,72.94520547945206,10,1.100741982460022,91.98944854736328,0,3
Passes,courtes,83,90,493710084,50.066158294677734,-26.814537048339844,466.21923828125,16.982282638549805,487,78.43942505133471,22,1.594921350479126,93.03060150146484,5,1
Passes,directes,83,90,493710084,49.68927764892578,-24.55615234375,379.7139587402344,25.1865291595459,334,74.8502994011976,27,1.428917407989502,93.7243423461914,4,2
Passes,courtes,145,156,2091300775,49.46167755126953,-27.468286514282227,682.9802856445312,15.761150360107422,500,80.6,9,0.8054937720298767,92.50972747802734,2,3
Passes,directes,145,156,2091300775,49.10316467285156,-30.105215072631836,947.8156127929688,24.831594467163086,325,71.6923076923077,11,0.8633214831352234,92.135009765625,2,2
Passes,courtes,22269,5579,601508701,49.52157211303711,-27.778839111328125,616.1965942382812,16.75166130065918,543,79.00552486187846,11,1.0921841859817505,91.792724609375,2,1
Passes,directes,22269,5579,601508701,49.49349594116211,-25.13364601135254,583.6045532226562,25.747304916381836,365,72.32876712328768,15,1.8500738143920898,92.7610092163086,2,2
Passes,courtes,137,3307,102919363,49.76359176635742,-26.965526580810547,734.2677612304688,17.0029354095459,494,78.74493927125506,18,1.8317776918411255,92.02613830566406,1,1
Passes,directes,137,3307,102919363,48.66592025756836,-28.743144989013672,804.3506469726562,26.398422241210938,289,62.62975778546713,13,0.9275208711624146,92.87814331054688,0,2
Passes,courtes,13294,21846,1530898879,49.259769439697266,-27.56311798095703,574.5067749023438,16.888912200927734,514,75.68093385214007,4,0.39395350217819214,92.12786865234375,1,1
Passes,directes,13294,21846,1530898879,49.39999771118164,-25.12335777282715,621.7952270507812,24.978734970092773,293,67.23549488054607,18,1.8850383758544922,93.08731079101562,0,2
Passes,courtes,12216,15784,1562387529,49.07267379760742,-29.08307647705078,886.9304809570312,15.77656078338623,494,78.74493927125506,13,1.310514211654663,91.94700622558594,2,1
Passes,directes,12216,15784,1562387529,47.93330001831055,-30.402881622314453,927.5205688476562,25.686559677124023,273,63.00366300366301,12,1.3375046253204346,92.6965103149414,2,0
Passes,courtes,3735,156,738370743,49.17002868652344,-28.79684829711914,935.8185424804688,16.001750946044922,444,79.95495495495496,13,1.1242969036102295,91.89083099365234,1,1
Passes,directes,3735,156,738370743,48.750614166259766,-27.04661750793457,889.6298217773438,24.628559112548828,313,74.12140575079871,25,1.879534125328064,92.29647064208984,4,0
Passes,courtes,268,598,1471885787,49.49824523925781,-29.40814781188965,1050.79052734375,15.901803016662598,538,81.04089219330855,12,1.294750452041626,91.38801574707031,2,0
Passes,directes,268,598,1471885787,48.8984375,-28.147319793701172,1094.77978515625,24.984607696533203,286,70.62937062937063,16,1.0748558044433594,92.38824462890625,0,2
Passes,courtes,3472,3696,835890524,48.90388488769531,-29.734764099121094,977.8082885742188,15.742902755737305,450,78.88888888888889,6,0.2558251619338989,91.60405731201172,0,1
Passes,directes,3472,3696,835890524,48.53363037109375,-29.685382843017578,1052.7900390625,24.388282775878906,259,67.56756756756756,13,1.2862699031829834,92.37108612060547,1,1
Passes,courtes,114,112,1527410391,49.87966537475586,-27.11265754699707,485.3204040527344,17.252552032470703,491,78.61507128309572,17,0.884827733039856,92.45923614501953,4,1
Passes,directes,114,112,1527410391,49.3719367980957,-25.992204666137695,457.21868896484375,25.907268524169922,348,71.83908045977012,14,1.0418479442596436,91.12127685546875,1,0
Passes,courtes,132335,7914,2023402780,48.72639465332031,-29.538145065307617,1074.184814453125,16.520416259765625,422,72.51184834123222,6,0.5039958953857422,91.54116821289062,1,0
Passes,directes,132335,7914,2023402780,48.8087272644043,-28.371253967285156,1180.6588134765625,25.676244735717773,302,70.86092715231788,12,1.5478826761245728,91.69451904296875,2,1
Passes,courtes,362,306,32264918,49.598175048828125,-26.494155883789062,465.8192138671875,17.793731689453125,429,73.89277389277389,20,1.4851740598678589,93.48710632324219,2,0
Passes,directes,362,306,32264918,50.15758514404297,-25.494850158691406,447.21807861328125,23.898160934448242,340,74.41176470588235,21,1.6306989192962646,93.59908294677734,4,0
Passes,courtes,3696,3699,860321550,49.27886962890625,-28.742361068725586,732.6681518554688,16.593631744384766,435,76.32183908045977,7,0.6338860988616943,92.4806900024414,1,1
Passes,directes,3696,3699,860321550,49.0866813659668,-25.593704223632812,607.3987426757812,24.835819244384766,291,67.69759450171821,19,2.3357555866241455,92.88055419921875,4,0
Passes,courtes,357,306,1478641587,49.78825378417969,-27.0694522857666,460.2188720703125,16.727540969848633,466,78.11158798283262,15,0.6888154149055481,92.7950668334961,0,1
Passes,directes,357,306,1478641587,49.586448669433594,-25.920135498046875,529.1178588867188,25.312191009521484,306,65.359477124183,17,1.391905665397644,93.15670776367188,2,0
Passes,courtes,382,370,604641600,49.554927825927734,-26.949167251586914,625.2943725585938,16.104450225830078,484,80.99173553719008,22,2.1155660152435303,91.92241668701172,1,1
Passes,directes,382,370,604641600,48.60269546508789,-27.27783966064453,841.9414672851562,23.728044509887695,287,72.12543554006969,31,2.1950180530548096,90.83252716064453,3,3
Passes,courtes,1382,3759,2002925567,49.45319366455078,-29.100093841552734,816.6476440429688,16.408475875854492,483,77.22567287784679,2,0.1074313372373581,92.32609558105469,1,1
Passes,directes,1382,3759,2002925567,48.231876373291016,-27.618684768676758,1173.8604736328125,24.606843948364258,301,65.11627906976744,4,0.3165932893753052,91.20977020263672,0,3
Passes,courtes,519,21540,28316747,49.56608963012695,-26.59952163696289,726.1697387695312,16.267683029174805,517,75.62862669245648,5,0.5974090099334717,91.99423217773438,0,0
Passes,directes,519,21540,28316747,49.20088195800781,-28.446697235107422,983.0070190429688,24.986614227294922,337,72.10682492581603,13,1.071297287940979,91.85639190673828,4,0
Passes,courtes,7868,6851,1017265311,49.227413177490234,-27.41219711303711,642.7901000976562,17.216848373413086,477,78.82599580712788,12,0.5656487941741943,92.72478485107422,2,3
Passes,directes,7868,6851,1017265311,49.1387939453125,-28.445158004760742,849.4396362304688,25.450876235961914,333,71.77177177177177,3,0.16003817319869995,92.73493957519531,1,0
Passes,courtes,127,134,480544626,49.23990249633789,-29.778114318847656,1089.781005859375,16.75787925720215,421,76.24703087885986,9,0.5895365476608276,92.20584106445312,1,2
Passes,directes,127,134,480544626,49.16879653930664,-27.816211700439453,800.2516479492188,24.665119171142578,322,72.36024844720497,16,1.2349716424942017,92.56804656982422,2,0
Passes,courtes,3746,4411,302910801,49.765926361083984,-27.816102981567383,668.9837036132812,15.886317253112793,521,81.95777351247601,13,1.3173667192459106,92.3768310546875,0,0
Passes,directes,3746,4411,302910801,49.0722770690918,-26.621091842651367,587.4036254882812,24.82562828063965,356,72.75280898876404,23,2.3870632648468018,92.39713287353516,3,1
Passes,courtes,3611,3610,2101176022,49.69301986694336,-27.828399658203125,685.2797241210938,15.078883171081543,657,83.10502283105023,11,0.9106957912445068,91.68135070800781,0,0
Passes,directes,3611,3610,2101176022,49.474586486816406,-27.092632293701172,859.7371215820312,24.384071350097656,319,73.04075235109718,15,0.9553018808364868,92.36822509765625,3,4
Passes,courtes,3024,11551,59250330,49.23089599609375,-29.11265754699707,1144.567626953125,16.028743743896484,508,79.5275590551181,9,0.5712519288063049,91.11473083496094,1,0
Passes,directes,3024,11551,59250330,49.26070022583008,-27.64458465576172,820.6466674804688,24.362600326538086,343,72.59475218658892,14,1.8846427202224731,92.57190704345703,3,0
Mission des milieux,défense,87,1068,1002897798,49.28139114379883,-27.540102005004883,730.4686889648438,20.381542205810547,495,77.57575757575758,2,0.1179145947098732,92.0185546875,0,1
Mission des milieux,attaque,87,1068,1002897798,49.09899139404297,-28.43134880065918,796.1526489257812,20.37872314453125,406,75.36945812807882,4,0.45834237337112427,92.11430358886719,0,2
Mission des milieux,défense,3616,5579,929393559,49.49584197998047,-26.393648147583008,620.7954711914062,19.60107421875,515,78.25242718446601,0,0,91.42044067382812,0,2
Mission des milieux,attaque,3616,5579,929393559,48.99196243286133,-26.396564483642578,727.6693725585938,20.354150772094727,351,68.09116809116809,15,1.7495553493499756,92.28841400146484,3,3
Mission des milieux,défense,133,137,217468053,49.42108154296875,-29.578079223632812,1179.958984375,20.3818359375,456,79.60526315789474,2,0.05960739776492119,91.45453643798828,0,1
Mission des milieux,attaque,133,137,217468053,48.9445686340332,-28.12601089477539,914.3237915039062,21.32587432861328,312,71.15384615384616,15,1.9226775169372559,92.43592834472656,3,0
Mission des milieux,défense,552,437,532638534,48.72003936767578,-28.991182327270508,794.9529418945312,20.630800247192383,412,75.97087378640776,1,0.28302866220474243,92.30435180664062,0,2
Mission des milieux,attaque,552,437,532638534,49.060298919677734,-28.320411682128906,849.7395629882812,21.099227905273438,349,72.20630372492836,2,0.20108748972415924,92.4933090209961,1,2
Mission des milieux,défense,122,137,1464848243,49.49351119995117,-29.43094825744629,779.4567260742188,20.73099136352539,467,83.5117773019272,7,0.5983200073242188,92.25947570800781,2,1
Mission des milieux,attaque,122,137,1464848243,48.995872497558594,-28.341150283813477,1071.385498046875,21.011388778686523,334,70.95808383233533,12,0.9613939523696899,91.85993957519531,0,1
Mission des milieux,défense,3822,21607,1321446349,49.53998565673828,-26.51080894470215,443.61785888671875,21.042076110839844,398,75.12562814070351,18,1.1177244186401367,92.82044219970703,3,0
Mission des milieux,attaque,3822,21607,1321446349,49.77861785888672,-25.90873908996582,437.8175048828125,20.64879608154297,354,72.59887005649718,22,1.8980956077575684,93.24732208251953,3,1
Mission des milieux,défense,2565,3706,2039633683,49.38191604614258,-28.491912841796875,846.8402709960938,20.71917724609375,531,81.16760828625236,9,0.6598879098892212,91.51410675048828,0,0
Mission des milieux,attaque,2565,3706,2039633683,48.9940185546875,-27.581933975219727,955.0138549804688,21.00885772705078,399,71.42857142857143,21,2.5213510990142822,91.82797241210938,2,0
Mission des milieux,défense,359,331,820276643,49.48830795288086,-26.79002571105957,517.1207885742188,21.323413848876953,430,76.97674418604652,7,0.8755358457565308,92.57608795166016,1,2
Mission des milieux,attaque,359,331,820276643,49.68800354003906,-24.80533218383789,481.0201416015625,20.492090225219727,414,74.8792270531401,11,0.5177567601203918,92.72150421142578,0,1
Mission des milieux,défense,132335,1895,1704637349,48.542720794677734,-29.81288719177246,778.2570190429688,20.113174438476562,470,79.57446808510639,2,0.221026211977005,92.26602172851562,0,2
Mission des milieux,attaque,132335,1895,1704637349,48.708717346191406,-29.679855346679688,976.1087036132812,20.49741554260254,381,74.80314960629921,2,0.08982589840888977,91.78510284423828,0,2
Mission des milieux,défense,268,133,1903678842,49.942054748535156,-26.4580135345459,591.7025756835938,20.780946731567383,519,80.53949903660886,6,0.3220326900482178,92.07217407226562,1,0
Mission des milieux,attaque,268,133,1903678842,49.3749885559082,-24.632083892822266,571.6074829101562,20.490989685058594,420,74.52380952380952,21,1.3016185760498047,92.42794036865234,3,1
Mission des milieux,défense,139,2565,1501726364,49.064029693603516,-27.469310760498047,822.8461303710938,20.980419158935547,453,77.2626931567329,0,0,91.57691192626953,0,1
Mission des milieux,attaque,139,2565,1501726364,48.69926071166992,-27.2437801361084,768.2594604492188,20.49291229248047,381,70.34120734908136,8,1.047671914100647,92.38839721679688,2,3
Mission des milieux,défense,7868,170,1731519511,49.40282440185547,-27.12424659729004,562.4097290039062,21.034467697143555,431,72.62180974477958,10,0.6425524950027466,93.03022003173828,2,0
Mission des milieux,attaque,7868,170,1731519511,49.68849182128906,-27.634614944458008,490.9207458496094,21.064966201782227,447,74.9440715883669,11,0.4759577214717865,93.22315216064453,7,0
Mission des milieux,défense,263,256,1104652174,49.210357666015625,-26.969818115234375,780.1565551757812,20.8245849609375,532,78.00751879699249,5,0.571914792060852,91.12865447998047,0,1
Mission des milieux,attaque,263,256,1104652174,48.697532653808594,-26.330717086791992,740.4662475585938,20.512792587280273,352,67.61363636363636,8,0.6686112880706787,92.08349609375,0,2
Mission des milieux,défense,1895,132335,2134161410,49.59782791137695,-26.11490249633789,551.3124389648438,20.91478729248047,387,82.17054263565892,29,1.928794026374817,91.20342254638672,8,0
Mission des milieux,attaque,1895,132335,2134161410,49.07296371459961,-26.797250747680664,715.7722778320312,20.577091217041016,350,74,30,2.5742249488830566,92.6023941040039,4,1
Mission des milieux,défense,143,2726,932725007,49.53508377075195,-27.375289916992188,1004.2018432617188,20.680530548095703,385,74.8051948051948,7,0.7887661457061768,91.71867370605469,0,1
Mission des milieux,attaque,143,2726,932725007,48.625,-28.579185485839844,1078.3837890625,20.336130142211914,382,70.41884816753927,10,0.42131316661834717,91.1043472290039,0,0
Mission des milieux,défense,2566,146,1015490648,48.8380012512207,-28.384132385253906,756.0624389648438,20.28058433532715,405,71.11111111111111,2,0.1800738275051117,92.1769027709961,0,0
Mission des milieux,attaque,2566,146,1015490648,49.12873840332031,-28.065616607666016,801.5513305664062,20.24474334716797,410,71.70731707317073,9,0.4789122939109802,91.88096618652344,1,1
Mission des milieux,défense,97,3751,1130118952,49.616878509521484,-29.348798751831055,620.9954223632812,19.94937515258789,472,83.26271186440678,7,0.5323370099067688,92.62569427490234,2,1
Mission des milieux,attaque,97,3751,1130118952,49.091033935546875,-29.579858779907227,909.9248657226562,20.326946258544922,415,75.42168674698796,15,2.5312204360961914,92.07691955566406,4,1
Mission des milieux,défense,361,388,1485403625,49.49497604370117,-25.672725677490234,490.9207458496094,21.17168617248535,384,70.83333333333333,15,1.0340876579284668,92.83348083496094,0,1
Mission des milieux,attaque,361,388,1485403625,49.49757766723633,-24.33415412902832,495.1210021972656,21.402240753173828,387,73.1266149870801,23,2.115154266357422,92.76578521728516,4,0
Mission des milieux,défense,2925,105,2039758977,49.328495025634766,-26.79414939880371,817.0475463867188,21.571199417114258,367,72.75204359673025,9,0.866938591003418,92.0792007446289,0,2
Mission des milieux,attaque,2925,105,2039758977,48.606964111328125,-28.749675750732422,1002.9021606445312,21.242862701416016,314,67.51592356687898,10,0.6905080676078796,91.91409301757812,4,0
Mission des milieux,défense,170,179,1048083132,49.67942428588867,-25.878446578979492,518.8203735351562,20.12336540222168,525,77.71428571428571,8,0.7602497935295105,92.18406677246094,3,1
Mission des milieux,attaque,170,179,1048083132,49.58657455444336,-25.78631591796875,606.4989624023438,20.52755355834961,367,70.57220708446866,12,1.1680878400802612,92.67958068847656,0,0
Mission des milieux,défense,3699,437,259488708,49.050811767578125,-28.573558807373047,773.3582153320312,21.217098236083984,389,75.83547557840618,3,0.3268303871154785,92.59862518310547,0,2
Mission des milieux,attaque,3699,437,259488708,48.499359130859375,-27.632368087768555,779.6566772460938,21.5767822265625,395,73.16455696202532,10,0.7240108251571655,91.90724182128906,1,1
Mission des milieux,défense,90,93,669806174,49.38254165649414,-27.41364097595215,808.3496704101562,20.93600845336914,395,75.9493670886076,7,0.41666826605796814,91.92870330810547,1,2
Mission des milieux,attaque,90,93,669806174,49.30537414550781,-26.989591598510742,732.6681518554688,20.764690399169922,377,69.76127320954907,7,0.4338691830635071,92.51671600341797,0,1
Mission des milieux,défense,3746,1382,2142954714,49.45935821533203,-26.46076202392578,504.82159423828125,20.61339569091797,419,72.79236276849642,10,1.024420976638794,92.59463500976562,2,0
Mission des milieux,attaque,3746,1382,2142954714,49.03532791137695,-28.71475601196289,929.7200317382812,20.940017700195312,372,73.11827956989248,22,2.4476704597473145,91.86183166503906,3,0
Mission des milieux,défense,254,257,472931517,48.73807907104492,-29.034439086914062,1254.0408935546875,20.270587921142578,411,73.72262773722628,2,0.07822243124246597,89.22247314453125,0,3
Mission des milieux,attaque,254,257,472931517,47.71923828125,-29.7343692779541,1256.34033203125,20.319490432739258,309,68.93203883495146,2,0.1129910796880722,91.70884704589844,1,3
Mission des milieux,défense,362,331,921209318,49.2525520324707,-26.044111251831055,672.4828491210938,20.515050888061523,369,74.79674796747967,14,2.295149564743042,92.5488052368164,1,3
Mission des milieux,attaque,362,331,921209318,49.37490463256836,-26.038972854614258,685.2797241210938,20.898935317993164,392,73.72448979591837,16,2.17577862739563,92.45182800292969,3,1
Mission des milieux,défense,7640,3019,1662778767,49.212425231933594,-27.640762329101562,1026.2965087890625,20.182510375976562,483,76.81159420289855,2,0.1898256540298462,91.1102523803711,0,1
Mission des milieux,attaque,7640,3019,1662778767,48.991912841796875,-29.111351013183594,1056.38916015625,20.45319366455078,310,67.09677419354838,7,0.3258941173553467,92.169677734375,1,1
Mission des milieux,défense,13294,2790,1056745520,49.08027648925781,-28.00395393371582,1025.0968017578125,20.957489013671875,468,75.64102564102564,8,0.4826100468635559,91.2366714477539,1,1
Mission des milieux,attaque,13294,2790,1056745520,48.794288635253906,-27.555654525756836,946.6159057617188,20.717012405395508,349,70.77363896848138,9,0.5838490724563599,91.93603515625,0,1
Mission des milieux,défense,122,131,1008338748,49.32986831665039,-27.481061935424805,776.3574829101562,20.986663818359375,450,74.44444444444444,5,1.0339347124099731,91.88838195800781,1,2
Mission des milieux,attaque,122,131,1008338748,49.198184967041016,-27.657630920410156,911.6244506835938,21.03153419494629,346,73.41040462427746,17,0.9961307644844055,92.31853485107422,1,2
Mission des milieux,défense,7911,3841,794882901,49.78424835205078,-27.302745819091797,540.4151000976562,19.378175735473633,489,79.14110429447852,4,0.3359687328338623,92.79347229003906,1,0
Mission des milieux,attaque,7911,3841,794882901,49.57099914550781,-27.10606575012207,656.6867065429688,20.301891326904297,409,74.81662591687042,20,1.5184142589569092,92.4526138305664,2,2
Mission des milieux,défense,174,2502,1796576214,50.011837005615234,-26.01487922668457,509.0218505859375,20.29485511779785,516,83.33333333333333,18,2.352062463760376,92.22602844238281,3,2
Mission des milieux,attaque,174,2502,1796576214,49.407470703125,-26.82284927368164,696.9768676757812,21.14274024963379,366,73.77049180327869,21,1.5086023807525635,90.49817657470703,2,1
Mission des milieux,défense,132334,6870,190797265,49.16206359863281,-27.391735076904297,823.1460571289062,20.971357345581055,496,75.60483870967742,3,0.12127114087343216,91.74237823486328,0,0
Mission des milieux,attaque,132334,6870,190797265,48.891536712646484,-28.347007751464844,1068.6861572265625,21.484394073486328,369,69.37669376693766,6,0.5483202338218689,91.71437072753906,3,0
Mission des milieux,défense,2697,179,485266100,49.43296432495117,-27.77629280090332,621.7952270507812,20.356128692626953,507,76.92307692307692,4,0.18163231015205383,92.23006439208984,2,1
Mission des milieux,attaque,2697,179,485266100,48.99479293823242,-28.35658073425293,633.4923706054688,20.60256576538086,353,67.98866855524079,8,0.8722246885299683,93.13262939453125,3,1
Mission des milieux,défense,254,258,645237757,48.9572639465332,-28.518051147460938,736.7671508789062,21.122129440307617,477,75.8909853249476,2,0.10706999897956848,91.96124267578125,0,1
Mission des milieux,attaque,254,258,645237757,49.003536224365234,-27.427032470703125,780.9563598632812,20.106782913208008,382,71.46596858638743,5,0.24357497692108154,92.19869995117188,0,1
Mission des milieux,défense,388,362,796471501,49.522735595703125,-26.701763153076172,770.9588012695312,20.28225326538086,428,76.86915887850468,8,0.553591251373291,92.56369018554688,1,2
Mission des milieux,attaque,388,362,796471501,49.206329345703125,-27.658384323120117,848.5398559570312,20.684345245361328,378,75.92592592592592,10,0.7865386605262756,91.00779724121094,2,0
Mission des milieux,défense,570,5786,1196878155,49.309654235839844,-26.336618423461914,402.7153625488281,20.61642074584961,487,78.2340862422998,21,1.1314078569412231,92.6034927368164,2,0
Mission des milieux,attaque,570,5786,1196878155,49.37584686279297,-27.517301559448242,456.1186218261719,20.154132843017578,404,74.75247524752476,25,1.9916272163391113,92.87812042236328,1,0
Mission des milieux,défense,268,131,359906493,48.55426025390625,-28.201902389526367,760.7612915039062,20.416385650634766,390,72.82051282051282,4,0.4927900433540344,92.5250015258789,0,6
Mission des milieux,attaque,268,131,359906493,48.88284683227539,-27.909624099731445,854.9382934570312,20.832870483398438,304,67.10526315789474,9,0.5250797271728516,92.805419921875,1,2
Mission des milieux,défense,86,2922,1617046705,49.211631774902344,-27.619491577148438,591.2026977539062,21.123292922973633,601,86.18968386023295,19,1.545741081237793,92.02818298339844,1,2
Mission des milieux,attaque,86,2922,1617046705,48.92543029785156,-27.477022171020508,779.3567504882812,20.165424346923828,323,73.37461300309597,19,1.1088519096374512,92.72360229492188,1,1
Mission des milieux,défense,393,362,1827753950,49.53661346435547,-27.6795711517334,748.0643920898438,21.622037887573242,509,77.99607072691552,5,0.2636868357658386,92.01016235351562,2,0
Mission des milieux,attaque,393,362,1827753950,48.834415435791016,-28.697025299072266,914.6237182617188,21.192096710205078,365,71.23287671232876,15,0.8327694535255432,92.07283020019531,2,1
Mission des milieux,défense,562,7640,2113437503,49.245235443115234,-28.289108276367188,989.0055541992188,19.902509689331055,471,77.2823779193206,3,0.3251817226409912,91.35459899902344,0,2
Mission des milieux,attaque,562,7640,2113437503,48.84751892089844,-29.351530075073242,929.4201049804688,20.975208282470703,359,69.91643454038997,12,1.738933801651001,91.98565673828125,3,1
Mission des milieux,défense,3696,3822,1501688522,49.362037658691406,-28.02474021911621,716.5720825195312,21.641916275024414,434,76.49769585253456,8,0.583541989326477,92.2819595336914,1,0
Mission des milieux,attaque,3696,3822,1501688522,49.03925704956055,-28.03173065185547,942.4169311523438,20.075815200805664,403,70.96774193548387,6,0.45336949825286865,89.7851791381836,1,1
Mission des milieux,défense,18794,21846,1477521204,48.9749870300293,-27.559127807617188,689.4786987304688,20.90815544128418,431,70.76566125290023,2,0.09966965019702911,92.24791717529297,2,1
Mission des milieux,attaque,18794,21846,1477521204,49.38167953491211,-26.30076789855957,919.0226440429688,20.87693977355957,370,71.08108108108108,7,0.6521579623222351,91.53773498535156,0,1
Mission des milieux,défense,382,349,48190158,49.63561248779297,-26.684967041015625,498.22119140625,21.65650749206543,488,77.45901639344262,14,0.9110715389251709,90.29768371582031,3,3
Mission des milieux,attaque,382,349,48190158,49.697059631347656,-27.102649688720703,575.6065063476562,21.64996337890625,384,73.95833333333333,13,2.018599271774292,92.33988952636719,2,0
Mission des milieux,défense,368,359,628641533,49.03666687011719,-27.654142379760742,775.8576049804688,20.766281127929688,442,78.95927601809954,7,0.5052286386489868,92.30726623535156,1,3
Mission des milieux,attaque,368,359,628641533,48.8037223815918,-27.433320999145508,942.7168579101562,21.03842544555664,370,73.24324324324324,5,0.48562103509902954,91.76225280761719,1,2
Mission des milieux,défense,83,93,1988519473,49.281349182128906,-25.799213409423828,386.41436767578125,20.55460548400879,409,73.83863080684597,13,1.6133882999420166,92.94496154785156,1,1
Mission des milieux,attaque,83,93,1988519473,49.70927429199219,-26.47466278076172,414.41607666015625,21.166793823242188,393,74.30025445292621,22,1.5834184885025024,92.91898345947266,2,2
Mission des milieux,défense,570,559,2138614433,50.181365966796875,-27.166908264160156,511.62200927734375,20.752342224121094,425,74.3529411764706,10,0.6397974491119385,92.8609848022461,1,1
Mission des milieux,attaque,570,559,2138614433,49.854637145996094,-25.636747360229492,457.21868896484375,20.725515365600586,372,72.58064516129032,16,1.492866039276123,93.06990814208984,2,3
Mission des milieux,défense,388,393,1490379973,49.30991744995117,-29.483152389526367,787.8546752929688,20.400829315185547,551,81.85117967332124,8,0.9491873383522034,89.7257080078125,1,0
Mission des milieux,attaque,388,393,1490379973,48.88874816894531,-28.147504806518555,1191.9560546875,21.193138122558594,389,74.293059125964,17,1.707032322883606,91.12613677978516,1,1
Mission des milieux,défense,1382,4411,683759645,49.68158721923828,-29.31145477294922,966.6110229492188,19.366561889648438,431,78.19025522041764,6,0.6772934794425964,92.46366882324219,1,1
Mission des milieux,attaque,1382,4411,683759645,48.50630187988281,-28.48023796081543,1097.97900390625,20.853271484375,339,72.8613569321534,9,0.4184055030345917,91.77507019042969,0,1
Mission des milieux,défense,83,86,385065937,49.24986267089844,-27.088699340820312,721.6708374023438,21.848331451416016,421,77.90973871733966,12,0.9923199415206909,92.08833312988281,1,2
Mission des milieux,attaque,83,86,385065937,49.35799789428711,-27.455814361572266,704.6749877929688,20.3868465423584,371,75.74123989218329,20,1.4654573202133179,92.61527252197266,0,0
Mission des milieux,défense,170,2502,1366447162,49.61168670654297,-27.02899742126465,739.8663940429688,19.6315975189209,430,77.20930232558139,7,0.7884705662727356,92.2203140258789,1,3
Mission des milieux,attaque,170,2502,1366447162,49.035587310791016,-27.00089454650879,512.2219848632812,20.00853157043457,361,70.91412742382272,12,1.1520973443984985,92.9722671508789,0,0
Mission des milieux,défense,99,96,1220134124,49.460567474365234,-28.44040298461914,866.8353881835938,19.739408493041992,509,81.13948919449902,6,0.46626028418540955,91.16643524169922,1,1
Mission des milieux,attaque,99,96,1220134124,49.05363082885742,-27.873462677001953,980.0077514648438,20.432157516479492,353,72.80453257790369,9,0.7633813619613647,92.00724792480469,1,3
Mission des milieux,défense,97,85,1335149631,49.451900482177734,-29.17432403564453,614.2970581054688,19.673158645629883,504,79.76190476190476,2,0.08164915442466736,92.07305908203125,1,2
Mission des milieux,attaque,97,85,1335149631,49.29087829589844,-26.612192153930664,763.0607299804688,20.849592208862305,402,75.87064676616916,12,0.8956636190414429,92.00477600097656,2,2
Mission des milieux,défense,21607,2994,1257437083,48.96397018432617,-29.317977905273438,962.9119262695312,20.382966995239258,429,77.3892773892774,3,0.1253269910812378,91.95840454101562,2,0
Mission des milieux,attaque,21607,2994,1257437083,48.4072151184082,-27.974939346313477,1051.390380859375,21.572200775146484,310,69.03225806451613,16,1.954825520515442,92.13848114013672,3,0
Mission des milieux,défense,153,152,750203086,49.6583251953125,-27.754436492919922,819.5469360351562,20.891887664794922,354,75.70621468926554,20,1.2118128538131714,92.42393493652344,4,0
Mission des milieux,attaque,153,152,750203086,49.33455276489258,-27.30791473388672,679.1812133789062,20.743528366088867,337,73.59050445103857,34,2.058872938156128,92.82855987548828,2,0
Mission des milieux,défense,147,140,2134306667,49.45903015136719,-29.446767807006836,757.0621948242188,21.501657485961914,571,82.83712784588441,7,0.9742557406425476,91.82881927490234,1,0
Mission des milieux,attaque,147,140,2134306667,48.956809997558594,-26.8945369720459,852.6388549804688,19.941295623779297,371,77.088948787062,33,3.1139180660247803,91.74705505371094,2,0
Mission des milieux,défense,254,256,764807854,48.75002670288086,-28.311752319335938,870.2345581054688,20.717790603637695,377,74.80106100795756,0,0,92.2715072631836,0,3
Mission des milieux,attaque,254,256,764807854,48.82592010498047,-28.704933166503906,712.5730590820312,21.083057403564453,390,73.07692307692308,6,1.4575161933898926,92.52488708496094,1,1
Mission des milieux,défense,789,7914,670436716,49.4247932434082,-28.13528823852539,756.8622436523438,21.119516372680664,424,77.83018867924528,18,1.55439031124115,92.72012329101562,2,0
Mission des milieux,attaque,789,7914,670436716,49.172935485839844,-27.167362213134766,751.8634643554688,20.69158935546875,348,72.1264367816092,24,2.253974437713623,92.44595336914062,3,0
Mission des milieux,défense,132334,995,1013966036,48.96441650390625,-26.9250431060791,768.3594360351562,21.330039978027344,504,74.2063492063492,4,0.14749111235141754,91.33411407470703,0,1
Mission des milieux,attaque,132334,995,1013966036,49.04143142700195,-28.486370086669922,705.6747436523438,21.18375015258789,413,70.70217917675545,7,0.4385146498680115,92.41674041748047,1,0
Mission des milieux,défense,131,10388,1718824160,49.560462951660156,-26.172313690185547,278.80780029296875,20.45258903503418,423,72.81323877068557,11,1.2259674072265625,93.36674499511719,3,0
Mission des milieux,attaque,131,10388,1718824160,49.90263748168945,-25.57828140258789,389.21453857421875,21.42203140258789,406,72.66009852216749,13,2.2064125537872314,93.21636199951172,4,0
Mission des milieux,défense,104,115,1709944646,49.98828887939453,-26.846515655517578,475.21978759765625,20.538482666015625,480,80.41666666666667,11,0.4929709732532501,92.34293365478516,3,0
Mission des milieux,attaque,104,115,1709944646,49.38801956176758,-27.450044631958008,549.5128784179688,21.006114959716797,394,75.63451776649747,26,2.2730202674865723,93.02725982666016,3,2
Mission des milieux,défense,2250,1929,726787874,49.52641677856445,-26.65601348876953,594.4019165039062,21.18468475341797,418,82.05741626794259,36,2.428673028945923,92.35702514648438,4,2
Mission des milieux,attaque,2250,1929,726787874,48.932186126708984,-27.426616668701172,850.4393920898438,21.169572830200195,281,67.25978647686833,29,2.3542983531951904,92.46222686767578,1,1
Mission des milieux,défense,105,239,94993703,49.23629379272461,-28.71676254272461,631.4928588867188,20.72039222717285,519,80.34682080924856,8,0.2970559895038605,91.48421478271484,0,0
Mission des milieux,attaque,105,239,94993703,48.70670700073242,-28.763343811035156,788.8544311523438,20.48926544189453,383,75.97911227154047,20,2.003031015396118,92.12157440185547,3,1
Mission des milieux,défense,156,3735,1849727770,49.50135040283203,-28.575443267822266,740.6661987304688,21.09830093383789,416,74.27884615384616,1,0.12770816683769226,92.53288269042969,1,0
Mission des milieux,attaque,156,3735,1849727770,49.11074447631836,-28.02715301513672,770.6588745117188,20.82064437866211,358,69.27374301675978,12,1.0843981504440308,92.60405731201172,2,2
Mission des milieux,défense,268,7911,1384120890,49.415035247802734,-28.1467227935791,757.3621215820312,21.389577865600586,444,78.37837837837837,6,0.5998187065124512,92.55976104736328,1,0
Mission des milieux,attaque,268,7911,1384120890,49.23454666137695,-26.63553237915039,793.4533081054688,20.597883224487305,414,71.25603864734299,8,1.091315746307373,92.4342269897461,3,0
Mission des milieux,défense,4057,110,1142969686,48.97124099731445,-28.672821044921875,852.3389282226562,19.626718521118164,451,82.26164079822617,6,0.6298026442527771,92.2927017211914,0,3
Mission des milieux,attaque,4057,110,1142969686,48.36211013793945,-29.45795440673828,1196.155029296875,19.856861114501953,345,76.52173913043478,12,1.0183025598526,91.82048797607422,2,2
Mission des milieux,défense,3307,3841,1888802919,49.1590461730957,-28.07176971435547,945.4161987304688,19.8621826171875,454,74.00881057268722,6,0.5105849504470825,91.77632141113281,2,0
Mission des milieux,attaque,3307,3841,1888802919,48.441951751708984,-28.115480422973633,1104.77734375,21.18618392944336,332,68.67469879518072,15,2.047065496444702,91.46504974365234,3,1
Mission des milieux,défense,127,125,1471360990,49.597206115722656,-27.570003509521484,686.8793334960938,20.40621566772461,417,72.4220623501199,2,0.26911991834640503,92.53767395019531,0,3
Mission des milieux,attaque,127,125,1471360990,48.915409088134766,-26.86269760131836,804.9505004882812,20.948881149291992,371,72.77628032345014,9,1.2695493698120117,92.04975891113281,0,1
Mission des milieux,défense,996,9078,2102824771,48.62908172607422,-28.03961753845215,1115.4747314453125,21.485448837280273,346,70.52023121387283,8,0.7526116967201233,91.51387023925781,0,3
Mission des milieux,attaque,996,9078,2102824771,48.84682083129883,-26.444421768188477,743.9653930664062,21.495283126831055,317,68.45425867507886,17,1.805179238319397,92.90311431884766,1,2
Mission des milieux,défense,127,3841,334167837,49.42201232910156,-29.47382164001465,760.8612670898438,20.2645320892334,549,78.68852459016394,1,0.0505325123667717,91.44995880126953,1,0
Mission des milieux,attaque,127,3841,334167837,48.912620544433594,-28.832229614257812,931.8195190429688,20.50344467163086,322,73.91304347826087,16,1.2468218803405762,92.71566009521484,1,0
Mission des milieux,défense,359,367,1036349728,49.64588928222656,-27.955875396728516,420.616455078125,19.5214786529541,492,83.33333333333333,11,0.9506579637527466,93.01560974121094,1,1
Mission des milieux,attaque,359,367,1036349728,49.55525207519531,-25.444673538208008,429.21697998046875,20.93340492248535,387,76.74418604651163,25,2.6362836360931396,93.35388946533203,10,2
Mission des milieux,défense,996,997,948048695,49.066864013671875,-27.80889320373535,769.6591186523438,20.754737854003906,426,74.4131455399061,4,0.43852686882019043,89.9736328125,1,4
Mission des milieux,attaque,996,997,948048695,48.65522003173828,-29.90202522277832,1033.0948486328125,20.601654052734375,349,68.19484240687679,9,0.6383184790611267,91.80057525634766,0,3
Mission des milieux,défense,9078,1895,506792090,49.2281379699707,-28.897994995117188,944.2164916992188,20.788232803344727,499,80.76152304609218,0,0,91.73294830322266,0,1
Mission des milieux,attaque,9078,1895,506792090,48.52472686767578,-29.08349609375,1101.578125,20.304790496826172,354,68.64406779661017,6,1.0829116106033325,92.03334045410156,1,2
Mission des milieux,défense,7868,6997,603445893,49.12901306152344,-29.367746353149414,596.5014038085938,20.606096267700195,468,79.91452991452991,5,1.0997227430343628,92.86205291748047,2,2
Mission des milieux,attaque,7868,6997,603445893,49.22244644165039,-28.193918228149414,702.0756225585938,21.297924041748047,409,76.03911980440098,12,1.2303730249404907,92.78890991210938,2,2
Mission des milieux,défense,13294,2790,211620115,48.80158233642578,-29.37100601196289,1184.957763671875,21.003448486328125,532,80.6390977443609,2,0.06058419123291969,90.4956283569336,0,0
Mission des milieux,attaque,13294,2790,211620115,48.789669036865234,-28.738550186157227,949.4152221679688,20.22525405883789,359,71.03064066852367,4,0.3804882764816284,92.30580139160156,2,2
Mission des milieux,défense,432,20070,1780414719,49.616336822509766,-26.974288940429688,516.2210083007812,20.05702018737793,437,80.54919908466819,23,1.2589211463928223,92.8191909790039,1,0
Mission des milieux,attaque,432,20070,1780414719,49.19183349609375,-27.88572883605957,752.7632446289062,20.323970794677734,370,74.05405405405405,22,1.3262152671813965,92.23186492919922,3,2
Mission des milieux,défense,2726,145,937223518,48.70450973510742,-27.89849853515625,1167.56201171875,20.560012817382812,354,73.72881355932203,11,1.1315209865570068,91.3941650390625,2,3
Mission des milieux,attaque,2726,145,937223518,48.75447082519531,-27.21562957763672,726.2697143554688,21.42875862121582,336,63.98809523809524,9,0.6854650974273682,92.55951690673828,3,2
Mission des milieux,défense,6907,13294,776916771,49.339500427246094,-28.671567916870117,754.0629272460938,19.44830322265625,501,81.83632734530939,11,1.5078753232955933,92.0696792602539,5,0
Mission des milieux,attaque,6907,13294,776916771,49.15834426879883,-27.86307716369629,1104.577392578125,20.35597801208496,335,72.83582089552239,14,0.9711096882820129,91.88831329345703,3,0
Mission des milieux,défense,21846,4411,883719064,49.362266540527344,-27.56519317626953,766.9597778320312,19.73836898803711,566,80.21201413427562,3,0.19981418550014496,91.20999145507812,1,1
Mission des milieux,attaque,21846,4411,883719064,49.413211822509766,-26.65936851501465,817.1475219726562,20.564830780029297,408,72.05882352941177,6,0.4183402955532074,91.8026123046875,1,0
Mission des milieux,défense,331,382,1763330361,49.053409576416016,-28.402097702026367,565.8088989257812,20.64889907836914,507,78.30374753451676,3,0.43692243099212646,92.2765121459961,0,3
Mission des milieux,attaque,331,382,1763330361,48.61518478393555,-27.34914779663086,640.8905639648438,21.06620979309082,383,69.9738903394256,5,0.453201025724411,92.87550354003906,1,5
Mission des milieux,défense,7911,131,1097703492,48.8210563659668,-27.264616012573242,799.5518188476562,21.216169357299805,380,74.73684210526316,6,0.7716271877288818,92.451904296875,0,4
Mission des milieux,attaque,7911,131,1097703492,48.93468475341797,-26.44126319885254,778.3569946289062,20.802934646606445,395,71.13924050632912,9,0.9600839018821716,91.94800567626953,2,4
Mission des milieux,défense,266,258,20376260,48.87700653076172,-27.720460891723633,686.5794067382812,20.874588012695312,370,77.29729729729729,7,0.5591237545013428,93.05178833007812,1,0
Mission des milieux,attaque,266,258,20376260,49.11625671386719,-26.248384475708008,801.3513793945312,20.159799575805664,347,73.48703170028818,9,0.9776321649551392,92.30885314941406,0,1
Mission des milieux,défense,104,111,1400887770,49.52532196044922,-26.311676025390625,701.1758422851562,20.68620491027832,429,74.35897435897436,12,0.8075408339500427,92.20030212402344,1,1
Mission des milieux,attaque,104,111,1400887770,49.444480895996094,-26.13951301574707,684.5798950195312,20.794084548950195,362,72.09944751381215,11,1.3541264533996582,92.61495971679688,1,0
Mission des milieux,défense,83,87,567345045,49.66263198852539,-26.563669204711914,539.7152709960938,20.440723419189453,420,77.85714285714286,23,2.125920295715332,92.53985595703125,4,0
Mission des milieux,attaque,83,87,567345045,49.542808532714844,-27.38010025024414,547.9132690429688,20.44388771057129,347,71.7579250720461,25,1.488074779510498,92.90857696533203,3,2
Mission des milieux,défense,132,3841,490794889,49.628482818603516,-27.020463943481445,538.6155395507812,21.04323387145996,524,82.82442748091603,14,1.5121793746948242,92.2029037475586,4,0
Mission des milieux,attaque,132,3841,490794889,49.543636322021484,-27.05404281616211,475.9198303222656,20.085718154907227,381,75.06561679790026,19,2.1871724128723145,93.15703582763672,5,1
Mission des milieux,défense,21607,3472,380953897,49.195377349853516,-28.339675903320312,800.1516723632812,20.058900833129883,468,78.63247863247864,3,0.23138588666915894,90.5656967163086,0,0
Mission des milieux,attaque,21607,3472,380953897,49.11904525756836,-27.9466609954834,1002.7022094726562,20.022796630859375,387,76.4857881136951,10,0.7402724623680115,91.7327651977539,0,3
Mission des milieux,défense,3611,3610,1575844887,49.3113899230957,-27.9674129486084,419.61639404296875,21.519577026367188,1029,89.40719144800778,6,1.3893359899520874,91.41214752197266,1,0
Mission des milieux,attaque,3611,3610,1575844887,49.37766647338867,-27.844324111938477,738.1668090820312,20.342159271240234,364,80.21978021978022,30,2.6207518577575684,92.74987030029297,4,1
Mission des milieux,défense,357,364,2013425278,48.91333770751953,-28.04973030090332,733.2680053710938,20.53231430053711,442,77.60180995475113,5,0.1181444600224495,92.4085693359375,1,2
Mission des milieux,attaque,357,364,2013425278,48.91904830932617,-28.58906364440918,1055.9892578125,20.715608596801758,403,77.66749379652606,10,1.2749940156936646,91.63853454589844,2,3
Mission des milieux,défense,3735,140,13374071,49.286720275878906,-28.006908416748047,901.1270141601562,19.892358779907227,465,77.84946236559139,3,0.13055017590522766,91.90481567382812,1,0
Mission des milieux,attaque,3735,140,13374071,49.53547668457031,-27.821125030517578,964.8114624023438,20.8059139251709,389,75.32133676092545,12,1.4744774103164673,91.87264251708984,3,0
Mission des milieux,défense,388,366,352111753,49.29190444946289,-26.519834518432617,759.9614868164062,20.768569946289062,424,75.70754716981132,10,0.8652970790863037,91.93424987792969,2,0
Mission des milieux,attaque,388,366,352111753,48.83829879760742,-28.71573829650879,1149.16650390625,21.206249237060547,321,71.33956386292834,12,0.9051885008811951,91.82707214355469,2,1
Mission des milieux,défense,175,6851,1049265140,49.16487121582031,-26.397043228149414,636.0917358398438,20.70026397705078,417,73.14148681055156,6,0.9055855870246887,92.70262908935547,0,3
Mission des milieux,attaque,175,6851,1049265140,48.89643096923828,-25.41014289855957,638.6911010742188,20.39280128479004,398,70.60301507537689,14,1.6906405687332153,92.55780029296875,2,3
Mission des milieux,défense,3263,4007,186245157,48.96852111816406,-27.38559341430664,867.1353149414062,22.105321884155273,370,74.32432432432432,14,2.0325546264648438,92.2982406616211,3,0
Mission des milieux,attaque,3263,4007,186245157,48.63259506225586,-27.932819366455078,929.4201049804688,21.23006248474121,342,72.51461988304094,13,2.8743252754211426,92.07144927978516,3,0
Mission des milieux,défense,3616,441,1120418230,49.05131149291992,-27.68038558959961,906.7256469726562,20.533016204833984,392,70.66326530612245,2,0.16406819224357605,91.7431869506836,0,1
Mission des milieux,attaque,3616,441,1120418230,48.74483108520508,-28.091524124145508,1070.585693359375,20.050094604492188,348,70.97701149425288,8,0.8503386974334717,91.36856079101562,3,1
Mission des milieux,défense,349,337,85596666,49.02145767211914,-28.395496368408203,661.7854614257812,21.3038272857666,360,70.83333333333333,4,0.17765578627586365,92.912109375,1,1
Mission des milieux,attaque,349,337,85596666,49.15799331665039,-27.295211791992188,788.2545776367188,21.91838836669922,329,70.82066869300913,15,0.9090560674667358,92.7211685180664,2,0
Mission des milieux,défense,366,368,1769244548,49.817543029785156,-24.98158073425293,540.6150512695312,19.81487274169922,365,76.71232876712328,12,0.8870858550071716,93.32530975341797,1,2
Mission des milieux,attaque,366,368,1769244548,49.37586975097656,-26.92037010192871,661.8854370117188,21.15728759765625,350,72.85714285714286,16,0.9322699308395386,92.57720947265625,2,1
Mission des milieux,défense,393,357,1313602615,48.98120880126953,-28.938945770263672,896.9280395507812,21.31800079345703,372,73.38709677419355,8,0.8363913297653198,92.33289337158203,3,0
Mission des milieux,attaque,393,357,1313602615,48.566226959228516,-29.267263412475586,867.3352661132812,20.566713333129883,356,70.50561797752809,8,0.9290134310722351,92.41986083984375,2,0
Mission des milieux,défense,370,388,1463368591,49.26462936401367,-25.4791316986084,693.4777221679688,21.027027130126953,413,75.30266343825666,11,0.6458780765533447,91.92240905761719,0,1
Mission des milieux,attaque,370,388,1463368591,49.03382873535156,-26.382299423217773,685.0797729492188,20.928266525268555,400,72.25,11,1.1515508890151978,92.55583190917969,2,0
Mission des milieux,défense,1538,99,767019185,49.35765075683594,-28.233293533325195,765.0602416992188,21.519128799438477,468,76.28205128205128,4,0.19806066155433655,91.80657958984375,2,0
Mission des milieux,attaque,1538,99,767019185,49.06454086303711,-27.167593002319336,749.4640502929688,20.838472366333008,405,72.09876543209876,10,0.8435586094856262,92.14790344238281,1,1
Mission des milieux,défense,170,6997,871005224,49.39678955078125,-25.682147979736328,649.7883911132812,20.617374420166016,423,74.94089834515367,5,0.21087241172790527,92.54618835449219,0,1
Mission des milieux,attaque,170,6997,871005224,49.208038330078125,-24.91707992553711,586.5038452148438,20.968271255493164,358,71.7877094972067,24,3.2648775577545166,92.89480590820312,4,0
Mission des milieux,défense,152,140,1014651230,48.92641067504883,-28.608205795288086,964.5115356445312,20.45890235900879,450,77.55555555555556,5,0.4278374910354614,91.59772491455078,0,0
Mission des milieux,attaque,152,140,1014651230,48.36063003540039,-26.857872009277344,1008.1008911132812,20.62207794189453,355,68.45070422535211,14,1.3743079900741577,91.57841491699219,1,1
Mission des milieux,défense,172,2697,1250740141,49.47244644165039,-26.461111068725586,648.8886108398438,20.694772720336914,506,80.63241106719367,11,0.5832284092903137,91.9151382446289,2,0
Mission des milieux,attaque,172,2697,1250740141,48.98944854736328,-29.950258255004883,974.8090209960938,20.759071350097656,385,76.36363636363636,11,1.3611009120941162,91.9068832397461,2,0
Mission des milieux,défense,142,147,2024776132,49.12139892578125,-28.402280807495117,880.5320434570312,21.368879318237305,386,72.02072538860104,10,0.8536255955696106,92.01226043701172,2,0
Mission des milieux,attaque,142,147,2024776132,48.83802032470703,-29.428485870361328,1043.6922607421875,21.128530502319336,319,71.78683385579937,15,1.377824068069458,92.21168518066406,3,1
Mission des milieux,défense,559,3616,1464793213,49.38849639892578,-28.070940017700195,699.2763061523438,20.571157455444336,414,79.22705314009661,10,0.9560840129852295,92.48869323730469,1,1
Mission des milieux,attaque,559,3616,1464793213,49.46007537841797,-28.479650497436523,1004.0018920898438,20.639516830444336,340,72.05882352941177,15,2.451624870300293,92.19169616699219,3,0
Mission des milieux,défense,306,361,674103857,49.2214469909668,-26.12131690979004,856.4379272460938,20.97087287902832,352,69.88636363636364,7,1.2055997848510742,91.95771026611328,1,3
Mission des milieux,attaque,306,361,674103857,48.86420440673828,-28.57103157043457,1002.8021850585938,21.399381637573242,315,68.88888888888889,18,1.1333671808242798,91.93832397460938,2,1
Mission des milieux,défense,3822,21581,455992310,49.5308952331543,-28.6668701171875,940.3174438476562,19.832223892211914,472,79.02542372881356,10,0.9389684796333313,91.17650604248047,1,0
Mission des milieux,attaque,3822,21581,455992310,48.978519439697266,-28.40544891357422,1097.5791015625,20.844144821166992,347,72.91066282420749,17,2.5818254947662354,91.56840515136719,5,1
Mission des milieux,défense,3706,156,411967342,49.067081451416016,-28.80916404724121,639.0910034179688,21.287525177001953,388,72.42268041237114,15,1.3766580820083618,92.73413848876953,4,2
Mission des milieux,attaque,3706,156,411967342,49.207820892333984,-27.380342483520508,678.3814086914062,21.0795955657959,374,73.52941176470588,20,1.2255038022994995,92.68023681640625,4,0
Mission des milieux,défense,363,373,1100352984,49.65193557739258,-26.413278579711914,624.0946655273438,21.366134643554688,385,73.50649350649351,14,0.8900004625320435,92.4053726196289,2,0
Mission des milieux,attaque,363,373,1100352984,49.916996002197266,-25.91558265686035,421.3164978027344,21.66855239868164,405,71.35802469135803,16,1.580693244934082,92.77423095703125,2,0
Mission des milieux,défense,2925,17530,1241640015,49.13117218017578,-28.585346221923828,984.2067260742188,20.310209274291992,443,80.81264108352144,12,1.1412016153335571,91.34262084960938,0,0
Mission des milieux,attaque,2925,17530,1241640015,48.68707275390625,-28.044116973876953,1011.7000122070312,21.16512107849121,347,69.45244956772335,13,1.104519009590149,91.66459655761719,6,0
Mission des milieux,défense,436,995,330066000,50.01551055908203,-25.926687240600586,418.5163269042969,21.984621047973633,373,71.0455764075067,21,1.9775582551956177,93.35733795166016,4,1
Mission des milieux,attaque,436,995,330066000,49.769378662109375,-24.153663635253906,395.5149230957031,20.719003677368164,340,69.70588235294117,21,1.6515718698501587,93.66468048095703,2,2
Mission des milieux,défense,368,388,950415411,49.91438293457031,-24.938779830932617,421.9165344238281,20.216564178466797,445,75.28089887640449,6,0.999691367149353,93.12049865722656,1,0
Mission des milieux,attaque,368,388,950415411,49.69600296020508,-25.12813377380371,473.0196533203125,20.829864501953125,387,71.57622739018088,22,3.2461113929748535,92.94694519042969,1,0
Mission des milieux,défense,145,147,1914605551,49.147865295410156,-28.887357711791992,1031.0953369140625,21.382871627807617,411,74.45255474452554,6,0.3409477770328522,91.52213287353516,0,1
Mission des milieux,attaque,145,147,1914605551,48.97815704345703,-28.2796630859375,837.2426147460938,20.119625091552734,368,69.02173913043478,10,1.408717155456543,92.02220916748047,0,1
Mission des milieux,défense,176,174,1842724251,50.044410705566406,-25.358556747436523,415.4161376953125,20.062292098999023,494,79.75708502024291,11,1.1912896633148193,92.70880126953125,2,2
Mission des milieux,attaque,176,174,1842724251,49.596923828125,-25.75018310546875,587.9035034179688,20.54672622680664,402,74.6268656716418,25,2.301640510559082,92.3203353881836,3,0
Mission des milieux,défense,239,4007,625984714,49.260169982910156,-27.80308723449707,790.7539672851562,20.65785789489746,347,73.48703170028818,14,0.9437958002090454,92.74118041992188,4,0
Mission des milieux,attaque,239,4007,625984714,48.57187271118164,-28.79311180114746,1024.596923828125,21.12875747680664,341,72.14076246334311,13,1.0917670726776123,91.80245971679688,3,1
Mission des milieux,défense,258,264,1637070181,49.608680725097656,-26.64189910888672,479.22003173828125,20.758893966674805,403,70.96774193548387,10,1.5363848209381104,92.64444732666016,1,5
Mission des milieux,attaque,258,264,1637070181,49.41963195800781,-27.435653686523438,479.62005615234375,21.1800594329834,405,70.12345679012346,14,1.533827304840088,92.81429290771484,2,1
Mission des milieux,défense,4405,13294,1060016884,49.2230339050293,-28.50933074951172,1018.3983764648438,20.70261001586914,438,76.48401826484019,1,0.04871102422475815,89.50862884521484,1,0
Mission des milieux,attaque,4405,13294,1060016884,48.6625862121582,-28.712181091308594,1208.951904296875,20.772872924804688,370,72.43243243243244,6,0.5336325764656067,91.25570678710938,2,1
Mission des milieux,défense,134,2950,57829408,48.77230453491211,-28.03575897216797,1182.6583251953125,20.9794864654541,356,74.15730337078652,7,0.741521418094635,91.44475555419922,0,2
Mission des milieux,attaque,134,2950,57829408,48.75252914428711,-27.972883224487305,979.8078002929688,20.266170501708984,330,71.81818181818181,13,1.3641154766082764,92.14270782470703,1,2
Mission des milieux,défense,373,384,506153595,48.90178298950195,-30.155582427978516,763.8605346679688,20.239273071289062,452,79.64601769911505,5,0.42454689741134644,92.5216064453125,1,0
Mission des milieux,attaque,373,384,506153595,49.26191329956055,-28.360437393188477,897.4279174804688,20.916719436645508,387,75.1937984496124,10,1.292847752571106,92.50381469726562,4,2
Mission des milieux,défense,90,1538,1336815701,49.12069320678711,-27.049602508544922,928.9202270507812,21.595579147338867,384,74.47916666666667,16,0.9739328026771545,91.5372085571289,4,1
Mission des milieux,attaque,90,1538,1336815701,49.19773483276367,-26.9855899810791,719.1714477539062,21.880910873413086,337,70.62314540059347,21,1.9470666646957397,92.48728942871094,3,0
Mission des milieux,défense,7640,11551,580634010,49.38978576660156,-28.31795883178711,836.4428100585938,20.046146392822266,441,76.64399092970521,6,0.4792293906211853,92.2337875366211,2,1
Mission des milieux,attaque,7640,11551,580634010,49.364383697509766,-27.174463272094727,978.4081420898438,21.19401741027832,370,74.86486486486487,17,1.5995917320251465,88.52703094482422,1,0
Mission des milieux,défense,172,174,810178100,49.730472564697266,-25.377355575561523,543.8142700195312,20.3852481842041,557,78.45601436265709,5,0.36043041944503784,91.46849060058594,0,2
Mission des milieux,attaque,172,174,810178100,49.213104248046875,-26.33652114868164,619.3958129882812,20.37035369873047,400,75.25,13,0.859892725944519,92.27053833007812,2,0
Mission des milieux,défense,4691,22269,1189255965,49.46357345581055,-26.672016143798828,671.8829956054688,21.030385971069336,423,71.8676122931442,12,0.7094582915306091,92.03462219238281,1,0
Mission des milieux,attaque,4691,22269,1189255965,48.9804573059082,-25.63127899169922,730.4686889648438,21.341827392578125,375,67.73333333333333,20,1.948601484298706,91.61919403076172,2,3
Mission des milieux,défense,99,2922,1358150438,49.698909759521484,-27.67165756225586,760.0614624023438,20.006546020507812,473,80.33826638477801,8,0.7483578324317932,92.07539367675781,2,1
Mission des milieux,attaque,99,2922,1358150438,48.65502166748047,-28.849746704101562,1149.0665283203125,20.501346588134766,319,73.66771159874608,10,0.7882290482521057,91.96466827392578,0,3
Mission des milieux,défense,111,113,884255354,49.58094787597656,-25.90984344482422,526.2185668945312,21.977571487426758,391,72.63427109974424,26,3.129491090774536,92.53479766845703,3,0
Mission des milieux,attaque,111,113,884255354,49.074432373046875,-26.80849266052246,608.5984497070312,22.007530212402344,357,69.187675070028,22,1.7220441102981567,92.62848663330078,2,1
Mission des milieux,défense,133,268,612132171,49.812416076660156,-26.489212036132812,596.9013061523438,19.948612213134766,473,79.70401691331924,3,0.09882508218288422,92.1845932006836,0,1
Mission des milieux,attaque,133,268,612132171,48.95437240600586,-28.064178466796875,742.9656372070312,21.096227645874023,370,70,14,2.117307662963867,91.93234252929688,5,0
Mission des milieux,défense,267,263,322750925,49.147369384765625,-29.217594146728516,930.6198120117188,20.483287811279297,438,79.90867579908675,1,0.02756045013666153,91.95503997802734,0,0
Mission des milieux,attaque,267,263,322750925,48.61188507080078,-27.425697326660156,1203.1533203125,20.51305389404297,355,67.32394366197182,12,0.5448588132858276,91.03466796875,1,1
Mission des milieux,défense,22269,5786,2139222572,49.22975540161133,-27.92656898498535,807.6498413085938,19.917661666870117,533,80.48780487804878,4,0.4023345708847046,91.38216400146484,1,1
Mission des milieux,attaque,22269,5786,2139222572,49.49980545043945,-27.385473251342773,664.8847045898438,20.697237014770508,448,73.88392857142857,13,2.0705246925354004,92.34492492675781,3,1
Mission des milieux,défense,170,174,466818611,49.281524658203125,-28.024770736694336,596.2014770507812,19.937973022460938,518,82.23938223938224,4,0.3604895770549774,92.7690658569336,2,1
Mission des milieux,attaque,170,174,466818611,49.08483123779297,-26.226207733154297,804.5505981445312,20.626436233520508,394,74.11167512690355,14,1.2659273147583008,92.3669662475586,0,3
Mission des milieux,défense,384,367,2006222649,49.65375518798828,-26.601091384887695,596.3014526367188,20.132667541503906,489,82.0040899795501,13,0.8901470899581909,92.16901397705078,4,1
Mission des milieux,attaque,384,367,2006222649,49.439361572265625,-27.236879348754883,597.9010620117188,19.84789276123047,366,73.49726775956285,17,1.6789543628692627,91.23072052001953,5,0
Mission des milieux,défense,85,1538,1581366703,49.43108367919922,-26.888038635253906,543.2144165039062,20.992536544799805,458,77.07423580786026,13,1.423751711845398,92.48924255371094,3,1
Mission des milieux,attaque,85,1538,1581366703,48.84074401855469,-27.193681716918945,727.7693481445312,20.876251220703125,358,71.50837988826815,15,1.0711995363235474,92.3214111328125,0,2
Mission des milieux,défense,89,93,1024494580,49.407440185546875,-26.83177947998047,720.2711791992188,20.950695037841797,522,78.9272030651341,5,0.23358047008514404,91.67559051513672,1,1
Mission des milieux,attaque,89,93,1024494580,49.24234390258789,-27.436038970947266,683.8800659179688,21.459890365600586,345,75.3623188405797,15,1.62453293800354,92.93865966796875,2,3
Mission des milieux,défense,3611,7879,1465685371,49.58599090576172,-27.541898727416992,648.6886596679688,20.44698143005371,420,76.9047619047619,5,0.774336576461792,92.45673370361328,1,1
Mission des milieux,attaque,3611,7879,1465685371,49.12409973144531,-25.368303298950195,561.3099975585938,20.439245223999023,345,72.7536231884058,30,2.5274503231048584,92.83097839355469,3,0
Mission des milieux,défense,1382,2790,1615964618,49.19523239135742,-27.644695281982422,911.4244995117188,20.35752296447754,424,75.70754716981132,6,0.5533083081245422,91.7280044555664,0,1
Mission des milieux,attaque,1382,2790,1615964618,49.080989837646484,-27.556196212768555,981.5073852539062,20.55140495300293,378,70.37037037037037,13,1.8742116689682007,91.51097106933594,1,0
Mission des milieux,défense,85,244,1139745998,49.25933837890625,-30.13350486755371,759.2616577148438,21.639738082885742,330,64.84848484848484,5,0.43719780445098877,91.56893920898438,2,1
Mission des milieux,attaque,85,244,1139745998,49.03122329711914,-26.856082916259766,680.6808471679688,20.753137588500977,379,74.14248021108179,19,1.9659054279327393,92.73641967773438,4,1
Mission des milieux,défense,263,250,2087460833,49.803157806396484,-25.444133758544922,479.7200622558594,21.354087829589844,445,72.35955056179775,3,0.22704502940177917,92.86066436767578,0,1
Mission des milieux,attaque,263,250,2087460833,49.730804443359375,-24.53343963623047,357.3125915527344,21.644441604614258,454,67.84140969162996,15,1.1998567581176758,92.41645812988281,1,0
Mission des milieux,défense,3472,3696,336812851,49.152748107910156,-28.45839500427246,910.5247192382812,20.4141788482666,492,80.89430894308943,5,0.2073620855808258,91.65447998046875,0,3
Mission des milieux,attaque,3472,3696,336812851,48.81137466430664,-27.410919189453125,928.8202514648438,20.665443420410156,372,68.01075268817205,15,1.8009753227233887,91.6025390625,0,1
Mission des milieux,défense,13294,21540,487868817,48.98927688598633,-28.04051971435547,1096.179443359375,20.48599624633789,445,79.10112359550561,5,0.2383316159248352,91.39771270751953,0,0
Mission des milieux,attaque,13294,21540,487868817,49.09907531738281,-26.848493576049805,788.2545776367188,21.235742568969727,408,70.58823529411765,10,0.8767287135124207,92.02525329589844,1,0
Mission des milieux,défense,570,936,308785032,49.21815872192383,-27.39786720275879,525.5187377929688,21.00830841064453,489,80.3680981595092,19,1.8148119449615479,92.35252380371094,2,0
Mission des milieux,attaque,570,936,308785032,49.2738151550293,-28.078845977783203,627.4938354492188,20.5070743560791,374,74.33155080213903,27,2.039588212966919,92.74539184570312,4,0
Mission des milieux,défense,243,94,1913070780,49.59352111816406,-27.531715393066406,717.9717407226562,20.12204933166504,523,80.30592734225621,5,0.20523761212825775,91.38927459716797,1,0
Mission des milieux,attaque,243,94,1913070780,48.67335510253906,-28.603919982910156,821.7463989257812,20.566020965576172,391,73.65728900255755,8,0.4828037917613983,92.57520294189453,1,2
Mission des milieux,défense,382,357,1412098517,48.97268295288086,-27.91385269165039,772.7583618164062,21.20951271057129,348,70.6896551724138,17,1.4821752309799194,90.47682189941406,4,5
Mission des milieux,attaque,382,357,1412098517,49.17641830444336,-27.10126304626465,608.1985473632812,20.778675079345703,360,72.5,23,2.492706298828125,92.89723205566406,4,1
Mission des milieux,défense,21581,437,2133107748,48.86732482910156,-28.842559814453125,805.2504272460938,21.016815185546875,429,79.25407925407926,4,0.22300371527671814,92.77889251708984,0,3
Mission des milieux,attaque,21581,437,2133107748,49.38859558105469,-26.382526397705078,663.7849731445312,21.22406578063965,344,72.96511627906976,11,0.6363115310668945,93.0732650756836,0,1
Mission des milieux,défense,257,262,1110783560,49.36133575439453,-27.785634994506836,955.4137573242188,20.45343780517578,460,77.17391304347827,9,0.560285210609436,91.1387939453125,0,0
Mission des milieux,attaque,257,262,1110783560,49.33002471923828,-28.66971778869629,1040.992919921875,20.680757522583008,378,76.98412698412699,17,2.112494468688965,91.65007019042969,3,2
Mission des milieux,défense,3759,6907,1682151650,49.1441764831543,-28.436403274536133,738.8666381835938,20.865619659423828,448,73.21428571428571,1,0.19565849006175995,90.2132797241211,0,0
Mission des milieux,attaque,3759,6907,1682151650,49.206817626953125,-25.752727508544922,609.3982543945312,20.90353012084961,416,71.63461538461539,14,1.573861837387085,92.13106536865234,3,0
Mission des milieux,défense,21607,5309,302470383,48.865089416503906,-28.671470642089844,1515.5770263671875,20.633663177490234,422,76.77725118483413,4,0.3142413794994354,90.33553314208984,1,1
Mission des milieux,attaque,21607,5309,302470383,48.86711883544922,-27.976268768310547,1213.6507568359375,21.191247940063477,359,71.3091922005571,16,1.4921566247940063,90.94667053222656,1,0
Mission des milieux,défense,2572,112,1664014101,49.27536392211914,-27.163904190063477,755.5625610351562,20.93209457397461,454,75.77092511013215,9,0.6080411076545715,91.59066772460938,2,1
Mission des milieux,attaque,2572,112,1664014101,49.1900634765625,-26.672719955444336,831.5440063476562,21.20081329345703,369,73.17073170731707,14,2.2128162384033203,92.10301208496094,3,3
Mission des milieux,défense,118,2925,364679294,49.38431167602539,-29.647926330566406,1056.38916015625,20.490766525268555,439,79.95444191343964,6,0.633524477481842,91.65017700195312,2,0
Mission des milieux,attaque,118,2925,364679294,48.52347183227539,-29.62602424621582,1146.967041015625,20.208648681640625,347,75.50432276657061,12,1.1710492372512817,91.7735595703125,2,1
Mission des milieux,défense,87,1538,420943911,49.14410400390625,-29.094404220581055,952.1145629882812,21.610855102539062,340,70.88235294117646,7,1.3048105239868164,92.43465423583984,4,0
Mission des milieux,attaque,87,1538,420943911,48.56220626831055,-29.461400985717773,1118.8739013671875,20.891403198242188,324,70.98765432098766,9,0.6780108213424683,90.5235824584961,1,1
Mission des milieux,défense,559,936,330630444,49.244503021240234,-27.482404708862305,596.2014770507812,20.835662841796875,395,76.20253164556962,11,0.6220338344573975,92.68036651611328,1,1
Mission des milieux,attaque,559,936,330630444,49.35726547241211,-28.3646297454834,960.8124389648438,19.803861618041992,351,78.91737891737891,17,1.5635830163955688,92.12450408935547,1,1
Mission des milieux,défense,2250,3696,1887936958,49.44605255126953,-28.411481857299805,597.4011840820312,20.769071578979492,408,76.96078431372548,23,1.3175177574157715,92.40016174316406,7,0
Mission des milieux,attaque,2250,3696,1887936958,49.14610290527344,-29.35401725769043,752.3633422851562,20.4541015625,339,75.22123893805309,21,1.8168712854385376,92.45316314697266,1,1
Mission des milieux,défense,2950,125,1145763051,48.84566879272461,-28.863088607788086,736.3672485351562,20.89830207824707,389,75.83547557840618,4,0.2639467120170593,92.64618682861328,1,1
Mission des milieux,attaque,2950,125,1145763051,48.93683624267578,-27.128904342651367,861.0368041992188,21.112974166870117,377,69.23076923076923,12,1.0464138984680176,91.75608825683594,0,0
Mission des milieux,défense,9078,6870,922252038,49.50926208496094,-26.828210830688477,497.7211608886719,20.28965187072754,494,77.93522267206478,13,0.6497411131858826,92.31513977050781,2,0
Mission des milieux,attaque,9078,6870,922252038,49.435272216796875,-28.008499145507812,564.0093383789062,19.953638076782227,344,70.34883720930233,27,2.478987216949463,93.0345230102539,5,2
Mission des milieux,défense,359,357,1411799261,49.50410842895508,-26.353506088256836,475.1197814941406,20.604145050048828,431,75.87006960556845,19,3.4207797050476074,93.1955795288086,4,1
Mission des milieux,attaque,359,357,1411799261,49.11643981933594,-28.72990608215332,612.3975219726562,21.051176071166992,404,76.73267326732673,15,1.5967720746994019,92.701171875,3,2
Mission des milieux,défense,147,156,1700574325,49.34678268432617,-27.982837677001953,374.1136169433594,21.519010543823242,923,87.21560130010835,10,0.9345753788948059,91.63249206542969,1,2
Mission des milieux,attaque,147,156,1700574325,49.209495544433594,-28.116844177246094,728.2692260742188,20.40850257873535,449,77.06013363028953,14,1.0208311080932617,92.14218139648438,1,0
Mission des milieux,défense,3997,113,51613704,49.40994644165039,-27.222393035888672,887.8302612304688,21.21816062927246,329,73.86018237082067,9,1.087844967842102,92.78201293945312,1,2
Mission des milieux,attaque,3997,113,51613704,48.788082122802734,-27.756216049194336,838.4423217773438,20.978641510009766,309,71.84466019417475,25,2.329165458679199,92.79347229003906,3,2
Mission des milieux,défense,103,4057,702879240,49.67756271362305,-26.48811149597168,530.2175903320312,21.0936279296875,394,72.08121827411168,15,1.4298204183578491,92.53519439697266,1,0
Mission des milieux,attaque,103,4057,702879240,49.614288330078125,-26.801162719726562,483.62030029296875,21.001855850219727,362,73.75690607734806,25,2.829104423522949,92.94352722167969,6,0
Mission des milieux,défense,170,174,1435546856,49.311607360839844,-27.892044067382812,571.0076293945312,20.328941345214844,456,78.0701754385965,6,1.3102920055389404,92.70104217529297,0,1
Mission des milieux,attaque,170,174,1435546856,48.47321319580078,-26.89327621459961,666.9841918945312,20.010910034179688,351,73.21937321937322,9,0.6173493266105652,92.74356079101562,1,3
Mission des milieux,défense,137,10388,1495203957,49.75334930419922,-26.898408889770508,464.3191223144531,21.528873443603516,457,76.14879649890591,4,0.24420122802257538,92.44133758544922,2,1
Mission des milieux,attaque,137,10388,1495203957,49.246986389160156,-26.609039306640625,520.0200805664062,20.71125602722168,389,69.40874035989717,9,1.227575659751892,92.66024780273438,2,3
Mission des milieux,défense,156,151,323811002,49.343997955322266,-28.032608032226562,730.2687377929688,21.099124908447266,492,74.39024390243902,3,0.20530760288238525,91.58358001708984,2,1
Mission des milieux,attaque,156,151,323811002,49.078495025634766,-26.231813430786133,766.6598510742188,21.16963768005371,317,66.5615141955836,8,0.8311017751693726,92.37876892089844,1,2
Mission des milieux,défense,118,3997,1667359241,49.723262786865234,-26.447792053222656,695.3772583007812,21.206968307495117,358,73.74301675977654,3,0.1477002054452896,92.53347778320312,0,1
Mission des milieux,attaque,118,3997,1667359241,49.70390701293945,-25.958484649658203,567.7084350585938,21.05548858642578,335,68.95522388059702,15,1.6013487577438354,93.49031066894531,4,0
Mission des milieux,défense,995,7656,765467029,49.001834869384766,-28.18640899658203,791.0538940429688,20.648069381713867,375,71.2,8,0.6864975690841675,92.35379028320312,3,1
Mission des milieux,attaque,995,7656,765467029,49.04964065551758,-26.941997528076172,693.7776489257812,20.388391494750977,327,71.25382262996942,19,1.6958045959472656,92.63570404052734,3,3
Mission des milieux,défense,3699,21610,972949956,49.753379821777344,-28.4285831451416,852.5388793945312,20.04827117919922,438,78.31050228310502,4,0.3138379454612732,91.8204574584961,1,0
Mission des milieux,attaque,3699,21610,972949956,49.18977737426758,-27.80959701538086,1191.356201171875,20.158401489257812,334,70.05988023952096,11,0.9449835419654846,91.63501739501953,1,1
Mission des milieux,défense,87,89,497728889,49.01650619506836,-28.36614990234375,839.4420776367188,21.312267303466797,462,77.27272727272727,1,0.01753165014088154,91.76371765136719,0,0
Mission des milieux,attaque,87,89,497728889,49.162166595458984,-28.207117080688477,805.0504760742188,20.821277618408203,393,74.30025445292621,13,0.7945603728294373,92.22445678710938,3,0
Mission des milieux,défense,151,152,2045654981,49.17796325683594,-29.918872833251953,878.3325805664062,21.09630584716797,394,73.3502538071066,3,0.30216413736343384,92.34765625,1,0
Mission des milieux,attaque,151,152,2045654981,49.26039123535156,-29.42531967163086,896.6281127929688,20.09693145751953,379,71.2401055408971,6,0.6791347861289978,92.01517486572266,2,1
Mission des milieux,défense,363,366,554673974,49.43117904663086,-28.06365966796875,615.0968627929688,20.215978622436523,421,77.19714964370546,12,1.4004486799240112,92.69026184082031,5,1
Mission des milieux,attaque,363,366,554673974,48.77771759033203,-28.302846908569336,851.2391967773438,21.148963928222656,356,73.31460674157303,21,2.8303756713867188,91.9915542602539,3,1
Mission des milieux,défense,104,3997,1784849258,49.902225494384766,-25.905134201049805,420.01641845703125,20.649126052856445,410,73.90243902439025,14,1.0349894762039185,93.07257080078125,3,0
Mission des milieux,attaque,104,3997,1784849258,49.69163131713867,-26.444364547729492,471.9195861816406,20.20130157470703,371,71.15902964959568,17,1.150439739227295,93.00212097167969,1,2
Mission des milieux,défense,393,384,1950149415,49.097442626953125,-28.005090713500977,936.1184692382812,20.502826690673828,423,81.32387706855792,9,0.46727678179740906,91.80547332763672,0,1
Mission des milieux,attaque,393,384,1950149415,49.13481521606445,-27.74757194519043,843.0411987304688,20.39678382873535,412,77.42718446601941,22,1.7934929132461548,92.20122528076172,5,1
Mission des milieux,défense,789,19267,1551413899,49.24172592163086,-28.612462997436523,650.2882690429688,20.128610610961914,427,75.17564402810305,13,0.7491328716278076,92.386474609375,2,0
Mission des milieux,attaque,789,19267,1551413899,49.838233947753906,-27.7589168548584,694.9773559570312,20.610876083374023,397,71.03274559193954,14,0.853646993637085,92.25680541992188,1,0
Mission des milieux,défense,85,102,1083776645,48.94386291503906,-28.199615478515625,773.9580688476562,21.301082611083984,403,75.18610421836229,7,0.4274596571922302,91.97513580322266,3,4
Mission des milieux,attaque,85,102,1083776645,48.78909683227539,-27.859384536743164,862.0365600585938,21.19610595703125,335,75.22388059701493,15,1.0272159576416016,92.49835205078125,1,4
Mission des milieux,défense,6870,432,1803412708,48.68424987792969,-29.63176727294922,1128.6715087890625,19.747150421142578,393,71.7557251908397,0,0,91.36676788330078,0,2
Mission des milieux,attaque,6870,432,1803412708,48.623477935791016,-30.10125732421875,1039.8931884765625,20.702348709106445,313,69.64856230031948,5,0.5826590061187744,92.1488037109375,2,3
Mission des milieux,défense,94,87,1603673735,49.38547897338867,-28.28312873840332,873.1338500976562,20.217618942260742,528,82.95454545454545,8,0.6088384985923767,91.15243530273438,3,0
Mission des milieux,attaque,94,87,1603673735,48.979148864746094,-28.293832778930664,1140.968505859375,20.680086135864258,404,72.52475247524752,13,1.0827414989471436,90.93415832519531,1,1
Mission des milieux,défense,258,266,1241796862,48.936500549316406,-29.598886489868164,718.7715454101562,20.644729614257812,360,75.55555555555556,3,0.1348588913679123,93.2435073852539,1,1
Mission des milieux,attaque,258,266,1241796862,49.05486297607422,-26.572338104248047,780.7564086914062,21.1925048828125,391,74.93606138107417,10,1.0978116989135742,92.09837341308594,0,1
Mission des milieux,défense,113,3997,169762054,49.273162841796875,-26.557674407958984,761.6610717773438,20.73762321472168,416,71.875,6,0.45662721991539,91.85090637207031,0,2
Mission des milieux,attaque,113,3997,169762054,49.23622512817383,-27.81932258605957,740.8661499023438,21.552949905395508,350,71.71428571428571,15,1.354370355606079,92.47533416748047,0,0
Mission des milieux,défense,3024,989,1153742415,49.61699295043945,-27.966432571411133,671.4830932617188,19.791561126708984,462,79.22077922077922,11,0.8952479362487793,92.50840759277344,7,0
Mission des milieux,attaque,3024,989,1153742415,49.34919738769531,-26.180885314941406,612.6974487304688,20.41578483581543,424,72.87735849056604,19,1.4253971576690674,92.26823425292969,1,0
Mission des milieux,défense,359,368,1656874616,50.02449035644531,-25.88158416748047,325.61065673828125,20.580936431884766,448,80.13392857142857,17,1.3984348773956299,93.09760284423828,3,2
Mission des milieux,attaque,359,368,1656874616,49.797298431396484,-25.691598892211914,455.818603515625,20.474687576293945,414,76.81159420289855,22,2.853393077850342,92.74734497070312,6,0
Mission des milieux,défense,3735,139,1891547481,49.240745544433594,-28.875598907470703,977.9082641601562,20.0970516204834,398,78.39195979899498,7,0.6369331479072571,92.04176330566406,1,2
Mission des milieux,attaque,3735,139,1891547481,49.341461181640625,-28.598676681518555,1171.2611083984375,21.074357986450195,322,72.98136645962732,11,1.0254459381103516,91.938232421875,1,0
Mission des milieux,défense,4007,109,266353912,49.0681037902832,-26.786205291748047,730.8685913085938,21.10399627685547,443,73.36343115124153,6,0.2082781046628952,92.38616180419922,2,1
Mission des milieux,attaque,4007,109,266353912,49.1525993347168,-27.03030014038086,874.1336059570312,20.93510627746582,364,72.25274725274726,10,0.9796414971351624,92.3465805053711,1,2
Mission des milieux,défense,122,268,941325862,49.9871940612793,-26.470096588134766,473.0196533203125,19.47085952758789,502,79.08366533864542,6,0.6164953708648682,92.40027618408203,0,1
Mission des milieux,attaque,122,268,941325862,49.463623046875,-25.24847984313965,660.4857788085938,20.762304306030273,413,73.36561743341404,15,1.1714112758636475,90.10314178466797,2,3
Mission des milieux,défense,264,256,2070153691,49.25942611694336,-27.68336296081543,733.6679077148438,20.83912467956543,386,73.05699481865285,2,0.5656723976135254,92.43907165527344,0,2
Mission des milieux,attaque,264,256,2070153691,49.294857025146484,-28.382139205932617,851.8390502929688,20.488737106323242,388,75.77319587628865,6,0.3905186057090759,92.22232818603516,1,1
Mission des milieux,défense,12698,3472,1368079903,49.80945587158203,-28.330001831054688,641.9902954101562,19.39486312866211,452,82.07964601769912,13,0.6849932074546814,92.1783676147461,5,1
Mission des milieux,attaque,12698,3472,1368079903,49.307411193847656,-27.719036102294922,764.1604614257812,20.278472900390625,330,76.06060606060606,23,3.0470409393310547,92.72483825683594,2,2
Mission des milieux,défense,13294,1382,1589609104,49.029441833496094,-28.469636917114258,950.4149780273438,21.118270874023438,448,75.44642857142857,7,0.8204255104064941,91.4642562866211,0,0
Mission des milieux,attaque,13294,1382,1589609104,48.580718994140625,-27.13446617126465,1124.6724853515625,21.001407623291016,435,70.57471264367815,9,0.7828737497329712,90.64794158935547,1,2
Mission des milieux,défense,107,110,1437692358,49.0688591003418,-30.365190505981445,911.9243774414062,20.4343318939209,484,80.37190082644628,4,0.4992579221725464,91.7366714477539,3,2
Mission des milieux,attaque,107,110,1437692358,48.24104309082031,-29.071765899658203,951.7146606445312,20.875417709350586,329,71.73252279635258,6,0.5909201502799988,92.19709014892578,0,1
Mission des milieux,défense,83,90,493710084,49.565277099609375,-25.358739852905273,468.3193664550781,21.016796112060547,383,73.62924281984334,20,1.4531769752502441,93.27365112304688,1,2
Mission des milieux,attaque,83,90,493710084,49.90298843383789,-25.780542373657227,399.01513671875,21.28609848022461,383,74.93472584856397,45,4.221813678741455,93.4244384765625,7,0
Mission des milieux,défense,145,156,2091300775,49.300418853759766,-28.581636428833008,714.6725463867188,20.72882652282715,792,86.48989898989899,7,0.43923234939575195,90.9845199584961,2,1
Mission des milieux,attaque,145,156,2091300775,48.79806900024414,-28.565237045288086,925.1211547851562,20.457794189453125,365,71.78082191780823,16,1.217960000038147,91.91874694824219,2,2
Mission des milieux,défense,22269,5579,601508701,49.56367874145508,-26.923694610595703,479.22003173828125,20.57987403869629,486,75.92592592592592,5,0.4957886338233948,92.4365005493164,1,0
Mission des milieux,attaque,22269,5579,601508701,49.45465087890625,-26.95229721069336,594.9017944335938,20.22734260559082,409,75.55012224938875,18,1.7911484241485596,92.42835235595703,5,0
Mission des milieux,défense,137,3307,102919363,49.093597412109375,-28.645551681518555,734.6676635742188,21.137216567993164,371,69.00269541778975,8,0.8958584070205688,92.49784088134766,1,2
Mission des milieux,attaque,137,3307,102919363,48.96161651611328,-28.24625587463379,850.8392944335938,20.844303131103516,356,70.78651685393258,19,2.5905649662017822,92.13475036621094,1,0
Mission des milieux,défense,13294,21846,1530898879,49.258609771728516,-27.573637008666992,785.5552368164062,21.291797637939453,488,76.43442622950819,6,0.8660596609115601,91.38906860351562,0,0
Mission des milieux,attaque,13294,21846,1530898879,48.94776916503906,-26.614866256713867,646.8890991210938,20.762617111206055,396,73.48484848484848,12,1.2816115617752075,92.92524719238281,1,0
Mission des milieux,défense,12216,15784,1562387529,49.08789825439453,-29.846662521362305,925.0211791992188,21.48163604736328,429,75.29137529137529,7,0.7435504794120789,91.84468841552734,4,1
Mission des milieux,attaque,12216,15784,1562387529,48.69927978515625,-30.460479736328125,981.4074096679688,20.951107025146484,358,71.50837988826815,7,1.3606317043304443,92.91854095458984,1,1
Mission des milieux,défense,3735,156,738370743,49.17313003540039,-27.43960952758789,872.9338989257812,20.502342224121094,446,80.04484304932735,10,0.35648301243782043,92.05831146240234,0,0
Mission des milieux,attaque,3735,156,738370743,48.57975769042969,-26.84356117248535,847.1401977539062,20.74541473388672,384,69.27083333333333,14,1.9078168869018555,90.19902801513672,4,0
Mission des milieux,défense,268,598,1471885787,49.34489440917969,-28.59524154663086,992.9046020507812,19.890056610107422,406,77.0935960591133,12,1.1667206287384033,91.96778106689453,3,1
Mission des milieux,attaque,268,598,1471885787,48.83988952636719,-28.834400177001953,1142.3681640625,20.92466926574707,416,76.92307692307692,13,0.7937074303627014,91.20768737792969,2,2
Mission des milieux,défense,3472,3696,835890524,49.07859420776367,-29.648380279541016,893.3289184570312,20.589523315429688,485,79.58762886597938,3,0.33537739515304565,91.5855484008789,3,2
Mission des milieux,attaque,3472,3696,835890524,48.3383903503418,-29.71382713317871,1282.0340576171875,21.381505966186523,363,73.00275482093664,6,0.23781168460845947,90.83489990234375,1,1
Mission des milieux,défense,114,112,1527410391,49.77446365356445,-26.68449592590332,467.5193176269531,21.95284080505371,467,76.23126338329764,9,0.7205600142478943,92.74459075927734,3,1
Mission des milieux,attaque,114,112,1527410391,49.38468551635742,-26.899389266967773,535.4163208007812,21.037521362304688,382,71.72774869109948,16,1.8206082582473755,92.79609680175781,1,0
Mission des milieux,défense,132335,7914,2023402780,49.054718017578125,-28.204538345336914,1062.587646484375,21.092485427856445,401,75.81047381546135,4,0.3927282691001892,91.37447357177734,0,0
Mission des milieux,attaque,132335,7914,2023402780,48.89747619628906,-28.02964210510254,1124.37255859375,21.222421646118164,338,73.37278106508876,13,0.8131502270698547,91.58233642578125,2,0
Mission des milieux,défense,362,306,32264918,49.70808792114258,-26.533681869506836,431.3171081542969,20.869245529174805,419,76.13365155131265,18,1.4060783386230469,93.34281921386719,4,1
Mission des milieux,attaque,362,306,32264918,49.711219787597656,-25.18790054321289,418.01629638671875,21.09903907775879,334,68.562874251497,17,1.2916171550750732,93.65167999267578,7,2
Mission des milieux,défense,3696,3699,860321550,49.409332275390625,-27.0093994140625,794.1531372070312,21.0074520111084,427,74.00468384074941,8,1.0619893074035645,92.23564147949219,3,2
Mission des milieux,attaque,3696,3699,860321550,48.940391540527344,-26.063480377197266,663.4850463867188,21.07414436340332,381,67.45406824146981,13,1.1518992185592651,92.35641479492188,2,2
Mission des milieux,défense,357,306,1478641587,49.326297760009766,-26.369342803955078,465.3191833496094,21.04429054260254,429,76.45687645687646,15,1.559845209121704,92.905517578125,5,0
Mission des milieux,attaque,357,306,1478641587,49.21818542480469,-25.541589736938477,442.2177734375,21.829299926757812,358,69.55307262569832,14,1.3237372636795044,93.34778594970703,3,1
Mission des milieux,défense,382,370,604641600,49.413944244384766,-28.704572677612305,671.6830444335938,20.34453010559082,406,80.29556650246306,13,0.9032611846923828,92.62300109863281,4,3
Mission des milieux,attaque,382,370,604641600,49.3817024230957,-28.002702713012695,682.4804077148438,20.748027801513672,425,78.11764705882354,17,1.7998226881027222,91.98289489746094,1,1
Mission des milieux,défense,1382,3759,2002925567,49.05078887939453,-28.918472290039062,1111.775634765625,20.700838088989258,457,80.52516411378556,2,0.05108504742383957,91.53263092041016,0,0
Mission des milieux,attaque,1382,3759,2002925567,48.6252555847168,-28.5471134185791,1212.4510498046875,20.949970245361328,350,72.85714285714286,5,0.6239917278289795,91.1954574584961,0,2
Mission des milieux,défense,519,21540,28316747,49.39431381225586,-28.047945022583008,767.3596801757812,20.48098373413086,562,80.7829181494662,6,0.5907982587814331,91.47858428955078,1,0
Mission des milieux,attaque,519,21540,28316747,49.023101806640625,-25.79957389831543,885.9307250976562,21.410968780517578,416,73.5576923076923,16,1.0446929931640625,91.28030395507812,2,1
Mission des milieux,défense,7868,6851,1017265311,49.22242736816406,-28.341352462768555,656.3867797851562,21.13287353515625,448,75.22321428571429,2,0.2749112844467163,92.98870849609375,0,0
Mission des milieux,attaque,7868,6851,1017265311,49.226654052734375,-27.183887481689453,699.4762573242188,20.820667266845703,446,75.33632286995515,11,1.1240266561508179,92.67192077636719,1,1
Mission des milieux,défense,127,134,480544626,49.459102630615234,-28.12527084350586,885.7307739257812,20.624221801757812,494,80.16194331983806,12,1.394524335861206,91.13722229003906,3,1
Mission des milieux,attaque,127,134,480544626,48.13883972167969,-27.3862247467041,1009.6005249023438,21.050106048583984,317,71.60883280757098,11,0.8274443745613098,92.27974700927734,1,2
Mission des milieux,défense,3746,4411,302910801,49.54127502441406,-27.972217559814453,544.8140258789062,20.21109962463379,496,79.83870967741936,6,0.34127774834632874,92.47438049316406,2,1
Mission des milieux,attaque,3746,4411,302910801,48.63495635986328,-27.20438575744629,705.3748168945312,21.131656646728516,355,67.32394366197182,15,1.5459415912628174,92.5290756225586,3,0
Mission des milieux,défense,3611,3610,2101176022,49.33247756958008,-26.463672637939453,267.3070983886719,21.78533172607422,1309,91.9022154316272,5,0.44054579734802246,90.63143920898438,0,0
Mission des milieux,attaque,3611,3610,2101176022,49.10087585449219,-26.339876174926758,777.8571166992188,20.584129333496094,372,75.53763440860214,23,1.6291970014572144,92.06607055664062,0,0
Mission des milieux,défense,3024,11551,59250330,48.933895111083984,-28.072755813598633,719.9712524414062,21.174482345581055,556,83.81294964028777,3,0.2767803966999054,91.83878326416016,0,0
Mission des milieux,attaque,3024,11551,59250330,49.26661682128906,-28.949026107788086,1195.955078125,21.320741653442383,353,72.52124645892351,13,1.4777960777282715,91.55184173583984,0,0
