consigne,variante,domicile,exterieur,graine,Largeur (m),Ligne (m depuis centre),Pressing (joueur·s),Passe moyenne (m),Passes tentées,Passes réussies (%),Tirs,xG,Condition finale (%),Buts pour,Buts contre
Mentalité,prudente,87,1068,1002897798,48.87300491333008,-28.64459991455078,1127.371826171875,20.9379940032959,409,79.46210268948656,1,0.021337181329727173,91.10140228271484,0,5
Mentalité,offensive,87,1068,1002897798,48.713558197021484,-28.17653465270996,1051.990234375,19.9250545501709,425,78.82352941176471,9,0.5245077013969421,91.45728302001953,1,2
Mentalité,prudente,3616,5579,929393559,49.56937026977539,-27.32631492614746,912.2243041992188,21.159940719604492,510,80,7,0.5429844260215759,90.97712707519531,1,2
Mentalité,offensive,3616,5579,929393559,49.1374626159668,-26.589128494262695,794.1531372070312,21.2659854888916,464,80.38793103448276,22,1.3666627407073975,91.39420318603516,2,0
Mentalité,prudente,133,137,217468053,49.43929672241211,-30.58548355102539,1117.8741455078125,18.477153778076172,665,84.51127819548873,6,1.6868668794631958,90.69568634033203,1,0
Mentalité,offensive,133,137,217468053,49.21458053588867,-28.720829010009766,969.3103637695312,20.76643943786621,404,80.94059405940594,16,1.5153018236160278,92.1075210571289,3,0
Mentalité,prudente,552,437,532638534,49.157249450683594,-29.467857360839844,1088.981201171875,20.65612030029297,409,80.92909535452323,4,0.31554004549980164,91.94132232666016,1,3
Mentalité,offensive,552,437,532638534,48.7427978515625,-27.804630279541016,920.7222290039062,19.81947898864746,407,79.36117936117937,8,0.2725132405757904,91.7370376586914,1,3
Mentalité,prudente,122,137,1464848243,50.11418533325195,-31.20220375061035,853.7385864257812,17.2822208404541,752,89.36170212765957,6,0.45097437500953674,91.35852813720703,3,2
Mentalité,offensive,122,137,1464848243,48.826133728027344,-28.102378845214844,1153.0655517578125,21.299219131469727,385,76.62337662337663,15,1.034204363822937,90.01546478271484,0,2
Mentalité,prudente,3822,21607,1321446349,50.11198806762695,-26.754825592041016,542.8145141601562,20.157875061035156,552,82.42753623188406,18,1.3739497661590576,92.40725708007812,3,1
Mentalité,offensive,3822,21607,1321446349,49.94401168823242,-24.119413375854492,618.4960327148438,20.276853561401367,510,81.96078431372548,23,0.9523769021034241,91.77147674560547,1,1
Mentalité,prudente,2565,3706,2039633683,49.884979248046875,-28.046451568603516,846.6403198242188,18.083641052246094,668,86.97604790419162,14,1.152794599533081,91.60301208496094,0,1
Mentalité,offensive,2565,3706,2039633683,49.598960876464844,-28.88429832458496,1063.1875,20.98204803466797,445,84.71910112359551,24,1.6443588733673096,92.3389892578125,1,0
Mentalité,prudente,359,331,820276643,50.271095275878906,-26.421512603759766,613.4972534179688,20.390384674072266,499,80.76152304609218,17,1.3331236839294434,92.10160064697266,0,2
Mentalité,offensive,359,331,820276643,49.458892822265625,-27.287057876586914,542.6145629882812,20.670507431030273,449,81.73719376391982,16,0.7497659921646118,93.23191833496094,1,2
Mentalité,prudente,132335,1895,1704637349,48.955204010009766,-31.568504333496094,1114.77490234375,19.03732681274414,443,81.941309255079,0,0,91.9072265625,0,8
Mentalité,offensive,132335,1895,1704637349,48.402313232421875,-28.814807891845703,1141.4683837890625,19.55477523803711,359,79.94428969359332,6,0.21909426152706146,91.93920135498047,0,8
Mentalité,prudente,268,133,1903678842,49.75032043457031,-28.58755874633789,708.9739379882812,21.45728302001953,476,83.61344537815125,13,1.2990080118179321,92.4442138671875,4,2
Mentalité,offensive,268,133,1903678842,50.01883316040039,-24.781064987182617,696.6769409179688,20.438720703125,463,83.36933045356372,24,1.3627402782440186,92.40335845947266,2,3
Mentalité,prudente,139,2565,1501726364,49.27412796020508,-27.48328399658203,786.2550659179688,20.843013763427734,410,79.7560975609756,5,0.6330407857894897,92.04383087158203,0,3
Mentalité,offensive,139,2565,1501726364,49.090763092041016,-27.0302734375,934.8187866210938,19.98053550720215,517,82.39845261121857,11,0.7266534566879272,90.88106536865234,0,1
Mentalité,prudente,7868,170,1731519511,49.86773681640625,-28.53462028503418,721.1709594726562,20.535053253173828,572,81.2937062937063,11,0.840087890625,92.13406372070312,2,2
Mentalité,offensive,7868,170,1731519511,49.67420196533203,-28.27405548095703,656.3867797851562,20.618257522583008,536,80.22388059701493,13,1.3603849411010742,92.62386322021484,4,0
Mentalité,prudente,263,256,1104652174,49.1092643737793,-28.936038970947266,939.3176879882812,20.223695755004883,447,79.86577181208054,0,0,92.43055725097656,0,1
Mentalité,offensive,263,256,1104652174,49.32927322387695,-27.016643524169922,871.0343627929688,19.8924503326416,450,78.88888888888889,11,0.5057109594345093,92.13884735107422,0,1
Mentalité,prudente,1895,132335,2134161410,50.487709045410156,-27.69538688659668,733.0680541992188,17.421463012695312,679,88.07069219440353,22,1.947027564048767,92.35562133789062,2,0
Mentalité,offensive,1895,132335,2134161410,49.75033950805664,-26.21929359436035,698.0765991210938,19.82233238220215,330,79.39393939393939,37,2.1784377098083496,91.57764434814453,5,1
Mentalité,prudente,143,2726,932725007,49.03511428833008,-28.320615768432617,1015.4990844726562,21.051042556762695,449,79.51002227171492,13,1.138808250427246,91.38206481933594,0,3
Mentalité,offensive,143,2726,932725007,48.80514144897461,-29.338804244995117,1114.974853515625,21.298450469970703,388,76.54639175257732,20,1.4037710428237915,91.46378326416016,2,0
Mentalité,prudente,2566,146,1015490648,49.545047760009766,-27.80020523071289,982.2072143554688,20.039295196533203,469,81.66311300639659,9,0.7989420294761658,91.08956909179688,1,1
Mentalité,offensive,2566,146,1015490648,49.25484085083008,-26.933748245239258,843.9409790039062,20.5933895111084,496,81.25,18,2.0838379859924316,91.44071960449219,2,0
Mentalité,prudente,97,3751,1130118952,50.25048828125,-28.880638122558594,631.5928344726562,17.519807815551758,664,90.51204819277109,10,0.6192216277122498,92.34786987304688,0,0
Mentalité,offensive,97,3751,1130118952,49.256690979003906,-28.145854949951172,791.4537963867188,19.560054779052734,425,84.70588235294117,24,1.4824316501617432,92.74211883544922,4,2
Mentalité,prudente,361,388,1485403625,50.060855865478516,-27.87375831604004,681.7805786132812,20.39011001586914,391,80.30690537084399,20,1.233910322189331,91.19064331054688,1,1
Mentalité,offensive,361,388,1485403625,49.849700927734375,-25.481182098388672,668.4838256835938,20.46450424194336,444,79.95495495495496,24,1.5286588668823242,92.33232116699219,2,1
Mentalité,prudente,2925,105,2039758977,49.15612030029297,-30.625118255615234,1372.112060546875,21.17023277282715,349,81.9484240687679,13,1.4575998783111572,91.5113525390625,2,2
Mentalité,offensive,2925,105,2039758977,49.02285385131836,-27.824098587036133,1008.4008178710938,21.229290008544922,339,77.28613569321534,19,1.7588658332824707,92.22672271728516,4,1
Mentalité,prudente,170,179,1048083132,49.92099380493164,-26.642866134643555,658.2863159179688,20.945632934570312,502,82.86852589641434,12,1.928711175918579,92.0870132446289,1,1
Mentalité,offensive,170,179,1048083132,49.50825119018555,-24.575685501098633,734.0678100585938,20.208112716674805,473,80.12684989429175,27,2.051522731781006,91.86750793457031,0,4
Mentalité,prudente,3699,437,259488708,49.327117919921875,-29.12601661682129,1109.97607421875,20.37688636779785,473,83.72093023255815,7,0.8651959300041199,91.22769927978516,1,2
Mentalité,offensive,3699,437,259488708,48.84635925292969,-27.25011444091797,1040.593017578125,20.03175163269043,430,80.46511627906976,7,0.639672577381134,91.66077423095703,0,1
Mentalité,prudente,90,93,669806174,48.930763244628906,-28.247194290161133,913.9238891601562,20.515697479248047,398,78.14070351758794,10,0.640903115272522,91.68644714355469,1,3
Mentalité,offensive,90,93,669806174,49.25746536254883,-26.7196102142334,860.3369750976562,20.572235107421875,435,80.22988505747126,14,0.6222409605979919,91.47979736328125,0,2
Mentalité,prudente,3746,1382,2142954714,50.0307731628418,-29.7266788482666,896.9280395507812,17.670557022094727,687,87.627365356623,16,0.9713218808174133,91.33602905273438,2,0
Mentalité,offensive,3746,1382,2142954714,49.44410705566406,-27.829360961914062,1088.8812255859375,20.509662628173828,500,83.8,25,2.3427064418792725,90.89805603027344,3,0
Mentalité,prudente,254,257,472931517,49.29780197143555,-30.096790313720703,1107.4766845703125,19.365610122680664,578,82.3529411764706,1,0.10303277522325516,91.32111358642578,0,1
Mentalité,offensive,254,257,472931517,49.0206184387207,-28.10335922241211,1052.6900634765625,19.207796096801758,481,84.1995841995842,11,0.931149959564209,91.28028106689453,0,2
Mentalité,prudente,362,331,921209318,49.71690368652344,-26.99696159362793,808.9495239257812,20.518264770507812,445,82.92134831460675,10,1.0475492477416992,92.08049774169922,3,4
Mentalité,offensive,362,331,921209318,49.28075408935547,-25.87337875366211,863.2362670898438,20.798887252807617,475,84,19,1.3797153234481812,91.26820373535156,1,1
Mentalité,prudente,7640,3019,1662778767,49.97021484375,-29.94097900390625,976.6085815429688,16.80964469909668,807,86.74101610904584,1,0.03861325979232788,91.18119049072266,1,0
Mentalité,offensive,7640,3019,1662778767,49.225074768066406,-26.994333267211914,1095.8795166015625,19.67873764038086,482,82.36514522821577,7,0.4854426681995392,91.0191650390625,1,2
Mentalité,prudente,13294,2790,1056745520,49.391475677490234,-30.022096633911133,1036.6939697265625,17.90599822998047,688,85.75581395348837,5,0.17766408622264862,91.05252075195312,0,0
Mentalité,offensive,13294,2790,1056745520,49.21799850463867,-27.672910690307617,1242.4437255859375,20.42222785949707,446,82.95964125560538,6,0.25062721967697144,91.06778717041016,2,0
Mentalité,prudente,122,131,1008338748,49.29806900024414,-30.800004959106445,1093.780029296875,21.138675689697266,419,80.42959427207637,6,0.9664665460586548,91.65463256835938,1,1
Mentalité,offensive,122,131,1008338748,49.32643127441406,-27.760889053344727,863.8361206054688,20.34013557434082,459,83.00653594771242,7,0.540726363658905,91.83260345458984,1,0
Mentalité,prudente,7911,3841,794882901,50.4609375,-27.99589729309082,596.3014526367188,17.549741744995117,698,87.82234957020057,14,2.046161651611328,92.27582550048828,4,0
Mentalité,offensive,7911,3841,794882901,49.631797790527344,-26.631729125976562,811.3489379882812,19.85824203491211,450,80.22222222222223,26,1.626579999923706,92.45719146728516,1,0
Mentalité,prudente,174,2502,1796576214,49.65245819091797,-27.81121253967285,678.3814086914062,20.863750457763672,465,82.58064516129032,24,2.0334649085998535,92.13971710205078,5,4
Mentalité,offensive,174,2502,1796576214,49.746273040771484,-25.079010009765625,688.6788940429688,20.530183792114258,457,82.93216630196936,27,1.8577892780303955,92.23912811279297,1,1
Mentalité,prudente,132334,6870,190797265,49.82284164428711,-29.701642990112305,1011.2001342773438,17.768449783325195,723,87.27524204702628,5,0.40209531784057617,90.94817352294922,1,0
Mentalité,offensive,132334,6870,190797265,49.4136848449707,-27.010889053344727,1210.8514404296875,20.07486915588379,505,82.37623762376238,17,1.1841588020324707,90.89938354492188,0,0
Mentalité,prudente,2697,179,485266100,49.71200942993164,-27.022640228271484,806.7500610351562,20.616107940673828,466,82.18884120171674,9,0.4663155972957611,91.95114135742188,0,2
Mentalité,offensive,2697,179,485266100,49.51817321777344,-24.638463973999023,707.7742309570312,20.232908248901367,456,80.26315789473684,20,1.9800864458084106,91.91294860839844,2,2
Mentalité,prudente,254,258,645237757,48.94033432006836,-29.093994140625,1091.6805419921875,20.06153106689453,433,78.75288683602771,2,0.044563502073287964,91.12832641601562,0,4
Mentalité,offensive,254,258,645237757,49.212249755859375,-28.343971252441406,938.6178588867188,19.81326675415039,459,81.26361655773421,10,0.895627498626709,91.88339233398438,1,3
Mentalité,prudente,388,362,796471501,49.47945785522461,-27.452796936035156,945.1162719726562,21.365812301635742,484,80.78512396694215,6,0.29629188776016235,91.18182373046875,0,0
Mentalité,offensive,388,362,796471501,49.23774337768555,-27.84612274169922,905.9258422851562,19.986021041870117,379,75.46174142480211,15,1.5256192684173584,92.32255554199219,3,0
Mentalité,prudente,570,5786,1196878155,49.80556106567383,-27.029678344726562,616.3965454101562,18.821901321411133,532,85.52631578947368,29,2.1012065410614014,92.73065185546875,1,1
Mentalité,offensive,570,5786,1196878155,49.26768112182617,-27.777782440185547,707.1743774414062,20.044923782348633,481,83.36798336798337,38,1.9236619472503662,92.02570343017578,3,1
Mentalité,prudente,268,131,359906493,49.3963737487793,-29.4332332611084,961.0123901367188,20.92374610900879,490,79.59183673469387,7,0.30824151635169983,91.68142700195312,0,0
Mentalité,offensive,268,131,359906493,49.086891174316406,-28.97723388671875,1008.4008178710938,20.553956985473633,466,81.11587982832619,8,0.21964095532894135,91.38125610351562,1,2
Mentalité,prudente,86,2922,1617046705,50.33222579956055,-28.52667999267578,535.1163940429688,16.968055725097656,742,89.8921832884097,32,2.6481804847717285,92.15239715576172,2,0
Mentalité,offensive,86,2922,1617046705,49.67228317260742,-26.762941360473633,715.3723754882812,20.095226287841797,471,86.83651804670913,37,2.676067352294922,92.03995513916016,4,0
Mentalité,prudente,393,362,1827753950,49.59382247924805,-29.767059326171875,950.0150756835938,21.063154220581055,438,81.27853881278538,4,0.33656564354896545,92.36217498779297,1,0
Mentalité,offensive,393,362,1827753950,48.56449508666992,-29.427358627319336,1045.2918701171875,20.147802352905273,403,78.66004962779157,6,0.44544631242752075,90.57957458496094,2,2
Mentalité,prudente,562,7640,2113437503,49.55580139160156,-30.793506622314453,1190.556396484375,18.72560691833496,623,84.43017656500803,3,0.14385633170604706,90.63823699951172,1,1
Mentalité,offensive,562,7640,2113437503,49.128448486328125,-28.342632293701172,1163.962890625,20.677549362182617,518,83.20463320463321,12,0.5953363180160522,90.40629577636719,0,2
Mentalité,prudente,3696,3822,1501688522,49.26337814331055,-28.782989501953125,927.8204956054688,21.49559783935547,497,79.67806841046277,4,0.13716772198677063,91.22238159179688,1,0
Mentalité,offensive,3696,3822,1501688522,49.493499755859375,-27.42107582092285,857.0377807617188,20.051015853881836,580,80.51724137931035,16,1.1239001750946045,90.85921478271484,2,2
Mentalité,prudente,18794,21846,1477521204,49.51620101928711,-26.514095306396484,916.0233764648438,20.213993072509766,484,79.54545454545455,7,0.21762509644031525,91.27009582519531,0,1
Mentalité,offensive,18794,21846,1477521204,49.06337356567383,-27.226608276367188,962.6119995117188,20.718408584594727,506,79.84189723320158,8,0.1523289680480957,90.88653564453125,0,2
Mentalité,prudente,382,349,48190158,49.89469909667969,-28.935422897338867,622.9949340820312,20.065549850463867,486,82.92181069958848,13,1.0957375764846802,92.30618286132812,3,1
Mentalité,offensive,382,349,48190158,49.67068862915039,-27.22797203063965,623.2948608398438,21.0742130279541,405,78.27160493827161,21,1.89205801486969,93.1517562866211,5,2
Mentalité,prudente,368,359,628641533,48.884765625,-29.498523712158203,951.4147338867188,20.659805297851562,492,83.9430894308943,6,0.660315990447998,91.44203186035156,1,1
Mentalité,offensive,368,359,628641533,48.80809783935547,-26.261009216308594,1139.8687744140625,20.344757080078125,457,82.05689277899343,13,1.1205793619155884,90.72591400146484,0,2
Mentalité,prudente,83,93,1988519473,50.01776885986328,-28.394268035888672,547.1134643554688,19.912151336669922,524,81.10687022900764,18,1.9248857498168945,92.57792663574219,2,2
Mentalité,offensive,83,93,1988519473,49.50137710571289,-25.586044311523438,532.8169555664062,20.212379455566406,464,81.03448275862068,33,1.545862078666687,92.74082946777344,0,1
Mentalité,prudente,570,559,2138614433,50.28498458862305,-26.48625946044922,618.6959838867188,20.620113372802734,441,79.36507936507937,15,1.2887591123580933,92.73682403564453,1,1
Mentalité,offensive,570,559,2138614433,49.73409652709961,-26.493066787719727,572.9071655273438,21.17573356628418,466,78.32618025751073,29,2.7276971340179443,92.79403686523438,5,0
Mentalité,prudente,388,393,1490379973,49.64068603515625,-29.24663543701172,1146.967041015625,19.743343353271484,509,85.26522593320236,6,0.3961753249168396,91.14187622070312,0,0
Mentalité,offensive,388,393,1490379973,49.509586334228516,-27.39040184020996,995.8038940429688,20.44135284423828,441,83.44671201814059,23,1.6683292388916016,92.33370208740234,2,0
Mentalité,prudente,1382,4411,683759645,49.813026428222656,-29.953359603881836,1019.1981811523438,18.743629455566406,562,85.94306049822065,7,0.3706150949001312,91.42799377441406,1,0
Mentalité,offensive,1382,4411,683759645,49.56955337524414,-28.51859474182129,1274.73583984375,20.36431121826172,421,84.08551068883611,13,0.5243085622787476,90.90165710449219,2,2
Mentalité,prudente,83,86,385065937,49.36355972290039,-29.02337074279785,799.4518432617188,20.69167137145996,465,84.3010752688172,20,1.3860197067260742,92.11992645263672,3,1
Mentalité,offensive,83,86,385065937,49.44792938232422,-26.42853355407715,845.7405395507812,20.785137176513672,421,80.99762470308788,23,1.2755047082901,92.08917999267578,0,1
Mentalité,prudente,170,2502,1366447162,49.399696350097656,-28.49303436279297,799.3518676757812,21.089468002319336,447,79.6420581655481,13,0.7047014236450195,92.40888977050781,3,3
Mentalité,offensive,170,2502,1366447162,49.597164154052734,-25.952051162719727,694.3775024414062,20.436071395874023,453,83.88520971302428,27,1.8077280521392822,92.41516876220703,0,2
Mentalité,prudente,99,96,1220134124,49.67022705078125,-28.504615783691406,988.5056762695312,19.215559005737305,548,85.21897810218978,5,0.5913111567497253,87.6821517944336,1,2
Mentalité,offensive,99,96,1220134124,49.7291374206543,-26.560089111328125,1020.7977905273438,19.7437744140625,441,82.08616780045351,16,0.8518951535224915,91.5329360961914,1,2
Mentalité,prudente,97,85,1335149631,49.69862747192383,-28.021160125732422,684.0800170898438,21.198108673095703,541,84.28835489833641,12,0.7231199145317078,91.8516616821289,2,1
Mentalité,offensive,97,85,1335149631,49.63528060913086,-24.896883010864258,770.2589721679688,20.392438888549805,453,83.00220750551877,16,0.5698842406272888,92.09477996826172,1,3
Mentalité,prudente,21607,2994,1257437083,48.956172943115234,-29.76337242126465,1338.0203857421875,20.160640716552734,438,82.64840182648402,6,0.572329580783844,91.08869171142578,1,0
Mentalité,offensive,21607,2994,1257437083,49.2328987121582,-27.27849769592285,1133.770263671875,19.68667984008789,432,83.33333333333333,25,1.425773024559021,91.24785614013672,4,0
Mentalité,prudente,153,152,750203086,50.2521858215332,-28.46478843688965,729.6688842773438,17.569629669189453,615,89.10569105691057,23,1.1652729511260986,91.84852600097656,2,1
Mentalité,offensive,153,152,750203086,49.314998626708984,-27.041183471679688,790.3540649414062,19.55962371826172,386,83.41968911917098,37,2.978213310241699,92.98047637939453,2,1
Mentalité,prudente,147,140,2134306667,50.37206268310547,-28.3012638092041,798.4520874023438,16.710649490356445,776,89.81958762886597,25,1.423356294631958,91.1665267944336,3,0
Mentalité,offensive,147,140,2134306667,49.186405181884766,-27.018552780151367,934.0189819335938,19.71200180053711,453,85.20971302428256,24,1.4002931118011475,91.66217803955078,1,0
Mentalité,prudente,254,256,764807854,48.953216552734375,-29.90114974975586,857.0377807617188,20.01310157775879,450,82.88888888888889,1,0.022031161934137344,92.52049255371094,0,1
Mentalité,offensive,254,256,764807854,49.58958053588867,-28.160802841186523,852.5388793945312,19.835960388183594,487,81.93018480492813,10,1.061057448387146,91.930908203125,1,1
Mentalité,prudente,789,7914,670436716,50.2244987487793,-29.33387565612793,773.5581665039062,17.08989715576172,754,88.19628647214854,20,1.5871376991271973,90.952880859375,3,0
Mentalité,offensive,789,7914,670436716,49.45420837402344,-26.980093002319336,877.4328002929688,20.626964569091797,399,82.70676691729324,39,2.4088847637176514,92.30494689941406,2,1
Mentalité,prudente,132334,995,1013966036,49.142478942871094,-29.02811050415039,1033.19482421875,20.901695251464844,407,77.14987714987716,5,0.4801112711429596,91.80225372314453,2,3
Mentalité,offensive,132334,995,1013966036,49.497928619384766,-27.859500885009766,800.6515502929688,20.719453811645508,506,79.64426877470356,8,0.21591435372829437,92.17428588867188,0,0
Mentalité,prudente,131,10388,1718824160,50.321895599365234,-27.134437561035156,542.2146606445312,20.064590454101562,538,83.27137546468401,13,0.9268797636032104,92.41024017333984,2,2
Mentalité,offensive,131,10388,1718824160,50.02721405029297,-25.813871383666992,563.3095092773438,19.991785049438477,461,80.04338394793926,28,1.8182835578918457,92.72260284423828,2,1
Mentalité,prudente,104,115,1709944646,50.30058288574219,-25.320709228515625,508.1217956542969,20.491853713989258,433,80.60046189376443,22,1.9238632917404175,92.8527603149414,1,3
Mentalité,offensive,104,115,1709944646,49.80704116821289,-25.10193634033203,520.3200073242188,20.635845184326172,456,83.1140350877193,31,1.381203055381775,92.87397003173828,2,3
Mentalité,prudente,2250,1929,726787874,50.272972106933594,-25.489978790283203,602.6998901367188,17.611574172973633,661,87.14069591527988,23,3.060983657836914,91.84818267822266,2,0
Mentalité,offensive,2250,1929,726787874,49.622982025146484,-26.28806495666504,723.0704956054688,19.94270896911621,353,83.28611898016997,39,2.24112606048584,92.87232971191406,6,0
Mentalité,prudente,105,239,94993703,49.83562469482422,-30.040653228759766,728.7691040039062,18.674633026123047,572,85.4895104895105,10,0.8060954809188843,91.74767303466797,0,0
Mentalité,offensive,105,239,94993703,49.58242416381836,-28.85297966003418,671.0831909179688,20.12664031982422,550,85.0909090909091,21,1.1163015365600586,91.89879608154297,4,0
Mentalité,prudente,156,3735,1849727770,49.333740234375,-28.515947341918945,841.2416381835938,21.018726348876953,439,78.5876993166287,9,1.1118686199188232,91.6697998046875,1,0
Mentalité,offensive,156,3735,1849727770,49.07404708862305,-25.884023666381836,839.4420776367188,20.44231605529785,498,78.91566265060241,16,1.1978580951690674,91.21080017089844,0,2
Mentalité,prudente,268,7911,1384120890,49.35185241699219,-28.460947036743164,1012.7997436523438,21.23124122619629,394,76.90355329949239,6,0.4042065441608429,91.98918151855469,3,4
Mentalité,offensive,268,7911,1384120890,49.55196762084961,-28.105945587158203,852.9387817382812,20.550762176513672,405,80.74074074074075,12,0.3150646686553955,92.42374420166016,3,2
Mentalité,prudente,4057,110,1142969686,49.16722869873047,-29.285661697387695,1062.2877197265625,19.490184783935547,517,87.23404255319149,3,0.20713374018669128,91.34308624267578,0,1
Mentalité,offensive,4057,110,1142969686,48.97158432006836,-30.286457061767578,1229.2469482421875,19.67122459411621,375,80.26666666666667,5,0.4192799925804138,91.52342987060547,2,3
Mentalité,prudente,3307,3841,1888802919,49.32756805419922,-29.427597045898438,1013.7994995117188,19.48274040222168,558,84.40860215053763,5,0.2292625606060028,91.37507629394531,0,0
Mentalité,offensive,3307,3841,1888802919,49.4246711730957,-27.18227767944336,981.0075073242188,19.77820587158203,407,79.36117936117937,18,0.9091721773147583,92.0739517211914,1,0
Mentalité,prudente,127,125,1471360990,49.245845794677734,-27.91499900817871,1031.0953369140625,20.392253875732422,412,81.06796116504854,11,1.0424374341964722,91.48773193359375,0,3
Mentalité,offensive,127,125,1471360990,49.224388122558594,-27.56301498413086,797.9522094726562,20.100723266601562,415,83.13253012048193,13,0.9395604133605957,92.6135025024414,2,0
Mentalité,prudente,996,9078,2102824771,48.90876388549805,-28.21272850036621,1107.376708984375,21.6685733795166,408,77.69607843137256,9,0.9564635753631592,91.62854766845703,1,2
Mentalité,offensive,996,9078,2102824771,48.69853210449219,-29.273088455200195,1013.6995239257812,21.06427001953125,377,80.90185676392574,25,2.5924627780914307,91.70906829833984,8,0
Mentalité,prudente,127,3841,334167837,49.56962966918945,-29.874149322509766,978.2081909179688,17.825414657592773,635,87.8740157480315,4,0.13868820667266846,91.2442398071289,1,1
Mentalité,offensive,127,3841,334167837,49.43236541748047,-28.77069091796875,1117.0743408203125,20.218082427978516,414,83.33333333333333,14,1.0958623886108398,91.99710845947266,1,1
Mentalité,prudente,359,367,1036349728,49.805992126464844,-27.277894973754883,585.1041870117188,20.689165115356445,495,86.66666666666667,10,0.3333616554737091,92.8572006225586,0,3
Mentalité,offensive,359,367,1036349728,49.44746398925781,-26.522829055786133,600.2005004882812,20.722808837890625,431,81.90255220417633,21,1.2005035877227783,93.04235076904297,5,4
Mentalité,prudente,996,997,948048695,48.81146240234375,-29.486726760864258,1228.8470458984375,20.460105895996094,368,78.80434782608695,11,0.9906821250915527,91.65995025634766,0,7
Mentalité,offensive,996,997,948048695,48.613399505615234,-28.425718307495117,1356.2159423828125,20.578022003173828,351,79.2022792022792,13,0.9720611572265625,90.88578796386719,1,4
Mentalité,prudente,9078,1895,506792090,48.590797424316406,-29.812089920043945,1119.4737548828125,19.969600677490234,474,79.32489451476793,4,0.1482778787612915,91.32244110107422,1,3
Mentalité,offensive,9078,1895,506792090,48.86220932006836,-28.321680068969727,1021.9974975585938,19.589920043945312,425,79.52941176470588,13,1.5792423486709595,91.87542724609375,3,3
Mentalité,prudente,7868,6997,603445893,49.28300094604492,-29.542818069458008,904.4262084960938,20.277124404907227,509,81.72888015717092,6,0.4880196452140808,91.83317565917969,0,0
Mentalité,offensive,7868,6997,603445893,48.98065185546875,-27.81719398498535,1016.2988891601562,21.383750915527344,459,81.04575163398692,12,0.39294952154159546,91.52346801757812,0,1
Mentalité,prudente,13294,2790,211620115,49.8514404296875,-29.685447692871094,960.2125854492188,17.56574058532715,617,84.92706645056727,4,0.16484534740447998,89.76753997802734,1,1
Mentalité,offensive,13294,2790,211620115,49.406166076660156,-27.539369583129883,1073.5849609375,20.01830291748047,482,80.91286307053942,13,0.5680568814277649,91.30184936523438,0,1
Mentalité,prudente,432,20070,1780414719,49.904754638671875,-27.243459701538086,514.4214477539062,18.34164047241211,629,86.64546899841018,17,1.552706241607666,92.18501281738281,2,2
Mentalité,offensive,432,20070,1780414719,49.369834899902344,-26.10660171508789,638.5911254882812,19.46396255493164,438,84.24657534246575,29,2.280592441558838,92.69630432128906,1,3
Mentalité,prudente,2726,145,937223518,48.89292526245117,-29.780073165893555,1072.585205078125,21.1406307220459,403,77.91563275434243,15,1.0324147939682007,91.62081146240234,2,2
Mentalité,offensive,2726,145,937223518,48.63507843017578,-27.94822883605957,1378.8104248046875,20.92812156677246,384,76.04166666666667,15,0.6893321871757507,91.02932739257812,1,2
Mentalité,prudente,6907,13294,776916771,49.85200500488281,-27.630186080932617,870.8344116210938,17.838214874267578,642,85.82554517133957,13,0.9027131199836731,91.34751892089844,1,1
Mentalité,offensive,6907,13294,776916771,48.55939865112305,-29.39813232421875,1074.184814453125,20.201492309570312,437,81.00686498855835,9,0.6581501364707947,91.84828186035156,2,0
Mentalité,prudente,21846,4411,883719064,49.8077507019043,-28.938459396362305,908.6251831054688,18.486366271972656,611,85.27004909983633,13,1.2203772068023682,89.88749694824219,1,1
Mentalité,offensive,21846,4411,883719064,49.5141716003418,-26.992481231689453,1190.956298828125,20.24468421936035,417,81.77458033573141,19,0.8275970220565796,91.18185424804688,0,1
Mentalité,prudente,331,382,1763330361,49.14997863769531,-28.65858268737793,954.6139526367188,20.790048599243164,474,83.12236286919831,4,0.10736655443906784,91.69457244873047,0,1
Mentalité,offensive,331,382,1763330361,48.61215591430664,-29.20363998413086,856.9378051757812,19.829730987548828,419,76.13365155131265,3,0.2559925615787506,92.07849884033203,1,4
Mentalité,prudente,7911,131,1097703492,49.151729583740234,-28.794519424438477,998.8031616210938,20.736351013183594,439,81.54897494305239,5,0.7095962762832642,91.42354583740234,1,3
Mentalité,offensive,7911,131,1097703492,48.987030029296875,-27.22239112854004,927.2206420898438,20.564634323120117,488,81.9672131147541,11,0.8937915563583374,91.39371490478516,0,1
Mentalité,prudente,266,258,20376260,49.07587432861328,-30.110126495361328,930.9197387695312,20.98521614074707,366,80.60109289617486,7,0.3205558657646179,92.2958984375,1,2
Mentalité,offensive,266,258,20376260,48.7931022644043,-28.580400466918945,904.1262817382812,19.7255916595459,447,84.3400447427293,8,0.4889656603336334,91.99263763427734,1,2
Mentalité,prudente,104,111,1400887770,49.665626525878906,-28.38728141784668,856.1380004882812,20.291229248046875,516,82.55813953488372,13,0.9342114925384521,91.62919616699219,3,2
Mentalité,offensive,104,111,1400887770,49.82064437866211,-24.63051986694336,690.9783325195312,21.516544342041016,487,82.13552361396304,21,1.2413733005523682,92.3715591430664,2,0
Mentalité,prudente,83,87,567345045,50.38431930541992,-28.969558715820312,597.0012817382812,17.102598190307617,690,91.01449275362319,27,4.176533222198486,92.32312774658203,2,0
Mentalité,offensive,83,87,567345045,49.600914001464844,-27.733402252197266,720.1712036132812,20.088050842285156,373,85.52278820375335,40,4.657833099365234,93.17538452148438,4,1
Mentalité,prudente,132,3841,490794889,50.1123161315918,-29.14701271057129,730.6686401367188,17.05240249633789,719,90.26425591098749,16,2.0732505321502686,91.96472930908203,3,1
Mentalité,offensive,132,3841,490794889,49.82594299316406,-26.14234733581543,609.4982299804688,19.44379997253418,570,85.78947368421052,33,1.3881053924560547,92.11054229736328,4,0
Mentalité,prudente,21607,3472,380953897,49.965206146240234,-29.59665298461914,782.4559936523438,17.970352172851562,827,87.78718258766627,5,0.43904757499694824,90.92659759521484,2,1
Mentalité,offensive,21607,3472,380953897,49.41160583496094,-28.485618591308594,944.1165161132812,20.258825302124023,481,82.32848232848232,13,0.7671244144439697,91.65397644042969,1,0
Mentalité,prudente,3611,3610,1575844887,50.18877029418945,-29.243343353271484,680.4808959960938,17.140024185180664,670,87.16417910447761,13,0.7337729334831238,92.13772583007812,2,1
Mentalité,offensive,3611,3610,1575844887,49.85711669921875,-27.271530151367188,740.6661987304688,19.649137496948242,533,84.05253283302063,23,1.4313137531280518,91.95533752441406,3,0
Mentalité,prudente,357,364,2013425278,49.1900520324707,-31.112396240234375,1093.18017578125,19.394119262695312,509,83.69351669941061,4,0.07886625081300735,91.51217651367188,0,2
Mentalité,offensive,357,364,2013425278,49.18606185913086,-28.303714752197266,942.4169311523438,19.655073165893555,440,82.04545454545455,11,0.47851788997650146,92.12310791015625,0,3
Mentalité,prudente,3735,140,13374071,49.699371337890625,-28.823015213012695,804.0507202148438,17.9871826171875,651,87.86482334869432,5,0.34750086069107056,91.55426025390625,1,1
Mentalité,offensive,3735,140,13374071,49.2575569152832,-27.871702194213867,1167.2620849609375,20.309953689575195,451,81.59645232815964,19,1.4229326248168945,91.05880737304688,0,0
Mentalité,prudente,388,366,352111753,49.59123611450195,-29.873125076293945,969.3103637695312,19.253833770751953,468,82.26495726495726,6,0.5543742775917053,91.98705291748047,2,0
Mentalité,offensive,388,366,352111753,49.35481643676758,-26.75185775756836,907.3255004882812,21.068340301513672,397,81.10831234256926,22,1.5073833465576172,92.2453384399414,3,0
Mentalité,prudente,175,6851,1049265140,49.510406494140625,-29.196884155273438,1027.0963134765625,20.64950180053711,455,80.87912087912088,6,0.36411187052726746,89.65617370605469,0,5
Mentalité,offensive,175,6851,1049265140,49.26568603515625,-29.016334533691406,830.4442749023438,20.859493255615234,536,81.52985074626865,15,1.2024834156036377,90.1357192993164,2,1
Mentalité,prudente,3263,4007,186245157,48.59247970581055,-30.034639358520508,1271.0367431640625,20.92222023010254,407,78.37837837837837,14,1.374121069908142,91.1399917602539,1,1
Mentalité,offensive,3263,4007,186245157,49.396270751953125,-26.513986587524414,876.8329467773438,20.67822265625,452,81.41592920353982,24,1.6608877182006836,91.76543426513672,2,1
Mentalité,prudente,3616,441,1120418230,49.866329193115234,-29.90398597717285,1213.8507080078125,17.199064254760742,640,87.03125,3,0.07224152982234955,88.78224182128906,0,0
Mentalité,offensive,3616,441,1120418230,48.45313262939453,-28.319665908813477,1401.8048095703125,20.53815460205078,360,78.05555555555556,14,0.477626770734787,91.27191925048828,0,1
Mentalité,prudente,349,337,85596666,49.5119514465332,-27.30973243713379,859.3372192382812,20.290821075439453,411,79.80535279805353,21,2.4022653102874756,92.06928253173828,3,4
Mentalité,offensive,349,337,85596666,49.54653549194336,-27.289955139160156,836.4428100585938,19.955089569091797,412,80.58252427184466,23,1.6641899347305298,92.2102279663086,3,3
Mentalité,prudente,366,368,1769244548,49.74225616455078,-25.827726364135742,845.1406860351562,20.775955200195312,457,84.02625820568927,16,1.1800695657730103,91.58193969726562,1,2
Mentalité,offensive,366,368,1769244548,49.74052810668945,-23.954299926757812,699.3762817382812,20.1677188873291,452,82.52212389380531,20,1.4582326412200928,92.008544921875,1,2
Mentalité,prudente,393,357,1313602615,49.199893951416016,-30.513568878173828,1039.0933837890625,20.396724700927734,454,80.61674008810573,7,0.7043276429176331,91.74425506591797,1,0
Mentalité,offensive,393,357,1313602615,48.990013122558594,-28.676992416381836,1162.963134765625,19.42801284790039,385,78.18181818181819,15,1.5791388750076294,92.45646667480469,1,3
Mentalité,prudente,370,388,1463368591,49.73114776611328,-27.204837799072266,931.3196411132812,21.881855010986328,447,80.08948545861297,12,0.9988111257553101,91.94700622558594,0,1
Mentalité,offensive,370,388,1463368591,49.6817741394043,-27.034147262573242,807.8497924804688,20.383447647094727,484,81.81818181818181,20,1.5128225088119507,92.01396942138672,4,1
Mentalité,prudente,1538,99,767019185,49.62904739379883,-28.431114196777344,869.6347045898438,20.11609649658203,468,82.6923076923077,11,0.8855702877044678,91.85975646972656,3,3
Mentalité,offensive,1538,99,767019185,49.53994369506836,-25.901479721069336,926.1209106445312,21.15408706665039,518,78.57142857142857,13,1.056815266609192,91.31584930419922,1,1
Mentalité,prudente,170,6997,871005224,49.65651321411133,-27.626789093017578,845.5405883789062,20.677082061767578,464,79.95689655172414,11,0.601257860660553,91.97030639648438,1,0
Mentalité,offensive,170,6997,871005224,49.52607345581055,-24.996055603027344,805.7503051757812,20.290573120117188,473,80.76109936575052,27,1.3341431617736816,91.88520812988281,1,0
Mentalité,prudente,152,140,1014651230,49.63999557495117,-29.359521865844727,1155.364990234375,18.310592651367188,615,86.82926829268293,4,0.17998743057250977,90.7744140625,0,0
Mentalité,offensive,152,140,1014651230,49.71592330932617,-28.346450805664062,1249.342041015625,19.857460021972656,464,81.25,11,0.7369088530540466,90.85507202148438,0,0
Mentalité,prudente,172,2697,1250740141,49.78487777709961,-28.134727478027344,817.6473999023438,18.355682373046875,532,86.46616541353383,13,0.6979861259460449,92.0261001586914,0,3
Mentalité,offensive,172,2697,1250740141,49.349700927734375,-27.631080627441406,1047.391357421875,20.17241859436035,494,84.41295546558705,12,0.534329354763031,90.96456909179688,0,0
Mentalité,prudente,142,147,2024776132,49.13749694824219,-30.187774658203125,1210.6514892578125,20.503902435302734,425,79.05882352941177,10,1.0114498138427734,91.30390167236328,2,1
Mentalité,offensive,142,147,2024776132,48.10308837890625,-30.070711135864258,1046.3916015625,20.77911949157715,381,81.62729658792651,19,1.9257252216339111,92.38172149658203,2,1
Mentalité,prudente,559,3616,1464793213,49.911781311035156,-29.822372436523438,1038.593505859375,18.26228141784668,562,84.69750889679716,22,1.8175970315933228,92.1801528930664,1,0
Mentalité,offensive,559,3616,1464793213,49.769493103027344,-28.231901168823242,1040.992919921875,19.638771057128906,452,84.95575221238938,26,1.151186227798462,91.47559356689453,0,2
Mentalité,prudente,306,361,674103857,49.08876419067383,-27.85992431640625,1215.0504150390625,20.145658493041992,369,80.75880758807588,14,1.2104690074920654,91.34342956542969,1,2
Mentalité,offensive,306,361,674103857,48.934303283691406,-27.5131778717041,1207.4522705078125,21.410511016845703,331,74.92447129909365,28,2.233893394470215,91.58586883544922,4,1
Mentalité,prudente,3822,21581,455992310,50.117576599121094,-29.593673706054688,815.5479125976562,17.65138053894043,677,88.62629246676514,9,0.30058157444000244,91.22178649902344,2,2
Mentalité,offensive,3822,21581,455992310,49.74886703491211,-27.736249923706055,858.8373413085938,20.157917022705078,514,83.65758754863813,14,0.6568268537521362,91.5825424194336,2,0
Mentalité,prudente,3706,156,411967342,50.13602066040039,-29.444337844848633,828.4447631835938,17.502304077148438,802,90.14962593516209,12,0.7533546686172485,91.10387420654297,4,0
Mentalité,offensive,3706,156,411967342,49.511226654052734,-28.2863712310791,741.0661010742188,20.22214698791504,418,83.73205741626795,22,1.812626600265503,91.15716552734375,2,0
Mentalité,prudente,363,373,1100352984,50.234413146972656,-26.772153854370117,582.0049438476562,21.035259246826172,435,77.93103448275862,13,1.3710323572158813,93.05387878417969,2,1
Mentalité,offensive,363,373,1100352984,50.112518310546875,-25.176963806152344,701.7756958007812,20.99648666381836,468,78.84615384615384,18,1.4333674907684326,92.11428833007812,3,0
Mentalité,prudente,2925,17530,1241640015,49.93760299682617,-29.10272216796875,966.1111450195312,17.46858024597168,687,89.08296943231441,14,1.4232394695281982,91.15199279785156,2,1
Mentalité,offensive,2925,17530,1241640015,49.29490280151367,-26.55276107788086,934.8187866210938,20.713584899902344,445,82.24719101123596,14,0.4486982524394989,91.39068603515625,0,1
Mentalité,prudente,436,995,330066000,50.41566848754883,-25.661306381225586,529.7177124023438,20.245716094970703,523,81.26195028680688,16,1.3659067153930664,92.89875793457031,3,0
Mentalité,offensive,436,995,330066000,49.95899963378906,-23.87837028503418,541.1149291992188,20.518705368041992,449,81.06904231625835,37,1.574965000152588,92.64946746826172,1,1
Mentalité,prudente,368,388,950415411,49.95027160644531,-26.819337844848633,623.4948120117188,20.334028244018555,481,80.66528066528066,11,1.1688618659973145,92.42597961425781,1,2
Mentalité,offensive,368,388,950415411,49.6555290222168,-26.033349990844727,601.3002319335938,20.47450065612793,484,82.43801652892562,28,1.5820481777191162,92.4517822265625,1,1
Mentalité,prudente,145,147,1914605551,49.09272384643555,-30.380605697631836,1212.551025390625,21.1566162109375,424,78.77358490566037,5,0.6530711054801941,91.12664794921875,2,2
Mentalité,offensive,145,147,1914605551,48.59321212768555,-29.211097717285156,1093.4801025390625,20.530485153198242,366,77.04918032786885,12,0.47448715567588806,92.63516235351562,2,4
Mentalité,prudente,176,174,1842724251,49.77147674560547,-26.83576202392578,782.9558715820312,21.395456314086914,457,82.93216630196936,16,1.2498316764831543,89.90663146972656,1,2
Mentalité,offensive,176,174,1842724251,49.54884719848633,-26.870344161987305,712.2731323242188,20.804658889770508,418,79.90430622009569,25,1.3764359951019287,92.19390106201172,3,1
Mentalité,prudente,239,4007,625984714,49.11371612548828,-29.716999053955078,1036.7939453125,21.596689224243164,422,76.54028436018957,12,0.8795700669288635,91.80530548095703,2,0
Mentalité,offensive,239,4007,625984714,48.88170623779297,-27.80302619934082,948.8153686523438,20.632709503173828,409,82.64058679706602,19,1.3161938190460205,91.81771087646484,4,4
Mentalité,prudente,258,264,1637070181,50.149845123291016,-26.054885864257812,557.4109497070312,20.550077438354492,500,78.8,12,1.0799108743667603,91.99608612060547,0,1
Mentalité,offensive,258,264,1637070181,49.95975875854492,-26.116315841674805,638.8910522460938,20.38340950012207,441,81.63265306122449,20,0.9091147780418396,92.72102355957031,1,6
Mentalité,prudente,4405,13294,1060016884,49.6645393371582,-29.011472702026367,1111.4757080078125,17.671350479125977,626,84.98402555910543,1,0.03576354682445526,90.79170227050781,1,1
Mentalité,offensive,4405,13294,1060016884,49.15010070800781,-29.255956649780273,1126.4720458984375,20.237165451049805,464,81.46551724137932,7,0.5041958093643188,91.26773071289062,1,0
Mentalité,prudente,134,2950,57829408,49.12104034423828,-30.263174057006836,950.0150756835938,21.16851234436035,436,79.35779816513761,8,0.5987569689750671,92.15220642089844,2,2
Mentalité,offensive,134,2950,57829408,47.37834548950195,-28.449708938598633,1114.175048828125,21.442520141601562,371,80.86253369272237,19,1.1376875638961792,92.0448226928711,0,1
Mentalité,prudente,373,384,506153595,49.560543060302734,-31.04364585876465,887.3303833007812,19.29339027404785,566,87.80918727915194,8,0.7309737801551819,92.38033294677734,2,2
Mentalité,offensive,373,384,506153595,48.83110046386719,-29.824499130249023,973.8092651367188,21.251953125,350,79.71428571428571,9,0.2828744947910309,92.70901489257812,2,3
Mentalité,prudente,90,1538,1336815701,49.38360595703125,-28.30853271484375,996.1038208007812,21.62721061706543,388,77.31958762886597,20,1.5794456005096436,91.88226318359375,1,2
Mentalité,offensive,90,1538,1336815701,49.077659606933594,-28.016563415527344,988.9055786132812,20.80238151550293,377,81.6976127320955,36,2.1660354137420654,91.7071304321289,5,0
Mentalité,prudente,7640,11551,580634010,49.851593017578125,-28.830692291259766,1151.0660400390625,18.007543563842773,655,87.63358778625954,9,0.43138766288757324,91.00482177734375,2,0
Mentalité,offensive,7640,11551,580634010,49.1829948425293,-28.003490447998047,1240.4442138671875,20.4317569732666,350,82.85714285714286,29,2.2353692054748535,92.0615005493164,3,0
Mentalité,prudente,172,174,810178100,49.55705642700195,-27.543272018432617,674.4823608398438,20.692529678344727,516,82.17054263565892,7,0.45367419719696045,90.17440795898438,0,1
Mentalité,offensive,172,174,810178100,49.429786682128906,-27.146198272705078,707.0744018554688,19.712833404541016,449,81.73719376391982,21,1.4260562658309937,92.6266860961914,1,2
Mentalité,prudente,4691,22269,1189255965,49.509422302246094,-28.2861270904541,934.3189086914062,19.4465274810791,468,81.19658119658119,6,0.37200427055358887,91.26773071289062,0,0
Mentalité,offensive,4691,22269,1189255965,49.278541564941406,-25.313379287719727,924.1213989257812,20.696365356445312,447,78.52348993288591,12,0.6405085325241089,91.12089538574219,0,1
Mentalité,prudente,99,2922,1358150438,49.6208381652832,-29.924161911010742,1085.6820068359375,19.47769546508789,540,84.81481481481481,7,0.6344417333602905,90.82963562011719,1,1
Mentalité,offensive,99,2922,1358150438,49.449195861816406,-27.887834548950195,1002.0023803710938,20.783449172973633,451,83.14855875831486,11,0.6791356205940247,91.54291534423828,0,0
Mentalité,prudente,111,113,884255354,49.427127838134766,-26.61478614807129,688.4789428710938,21.25019645690918,494,81.37651821862349,24,1.9731546640396118,92.26807403564453,6,0
Mentalité,offensive,111,113,884255354,49.40047073364258,-26.07634162902832,741.9658813476562,21.365076065063477,395,80.25316455696202,44,2.9694132804870605,92.71239471435547,3,0
Mentalité,prudente,133,268,612132171,49.601951599121094,-27.09576988220215,710.9734497070312,20.670841217041016,465,81.29032258064517,13,0.8709273338317871,92.21053314208984,2,4
Mentalité,offensive,133,268,612132171,49.642982482910156,-27.400165557861328,779.6566772460938,20.473203659057617,480,81.66666666666667,17,1.029294490814209,92.06560516357422,4,3
Mentalité,prudente,267,263,322750925,49.709922790527344,-30.50639533996582,1261.93896484375,18.684904098510742,538,86.80297397769517,1,0.03324282169342041,91.34648132324219,0,0
Mentalité,offensive,267,263,322750925,49.34952163696289,-28.526269912719727,1307.1279296875,20.156152725219727,418,79.90430622009569,4,0.3542882800102234,90.99736785888672,0,0
Mentalité,prudente,22269,5786,2139222572,50.11787796020508,-29.39257049560547,738.3667602539062,16.502992630004883,823,90.76549210206561,7,0.44761088490486145,91.9045639038086,0,2
Mentalité,offensive,22269,5786,2139222572,49.691688537597656,-28.721845626831055,1117.57421875,20.432615280151367,518,81.85328185328186,11,1.2602684497833252,90.89826202392578,1,0
Mentalité,prudente,170,174,466818611,49.45755386352539,-28.294652938842773,679.2811889648438,20.213787078857422,479,82.4634655532359,9,0.7873296141624451,92.44456481933594,2,0
Mentalité,offensive,170,174,466818611,49.22832107543945,-26.552122116088867,685.9795532226562,20.4626407623291,439,80.6378132118451,20,1.7006404399871826,92.68555450439453,3,1
Mentalité,prudente,384,367,2006222649,49.609352111816406,-27.499935150146484,671.2831420898438,21.00364112854004,446,82.95964125560538,8,1.0273423194885254,92.47000885009766,3,5
Mentalité,offensive,384,367,2006222649,49.43214797973633,-25.635831832885742,735.4674682617188,20.190265655517578,427,80.32786885245902,16,0.5928159952163696,92.29136657714844,1,2
Mentalité,prudente,85,1538,1581366703,49.13787841796875,-30.403642654418945,842.1414184570312,19.978824615478516,494,83.60323886639677,12,1.7361689805984497,92.11072540283203,3,1
Mentalité,offensive,85,1538,1581366703,48.96512985229492,-27.497514724731445,712.1731567382812,20.962650299072266,393,79.6437659033079,30,1.8021914958953857,92.69380950927734,3,3
Mentalité,prudente,89,93,1024494580,49.11653137207031,-29.85394859313965,849.9395141601562,20.528268814086914,449,83.96436525612472,7,0.44695931673049927,92.1554183959961,0,0
Mentalité,offensive,89,93,1024494580,49.59161376953125,-27.383052825927734,804.4506225585938,20.427610397338867,448,81.91964285714286,14,0.5363601446151733,92.16960144042969,1,5
Mentalité,prudente,3611,7879,1465685371,49.83698654174805,-28.991939544677734,848.6398315429688,20.513748168945312,494,83.40080971659918,11,1.8347406387329102,92.05702209472656,2,2
Mentalité,offensive,3611,7879,1465685371,49.52371597290039,-27.58598518371582,767.3596801757812,20.702505111694336,461,80.91106290672451,20,0.7635605931282043,92.34027099609375,5,3
Mentalité,prudente,1382,2790,1615964618,50.381229400634766,-29.101621627807617,1039.6932373046875,17.182920455932617,686,86.15160349854227,3,0.24392107129096985,90.98771667480469,0,0
Mentalité,offensive,1382,2790,1615964618,49.1632194519043,-28.007265090942383,1189.556640625,20.071182250976562,469,83.36886993603412,12,0.3358066976070404,91.08189392089844,2,0
Mentalité,prudente,85,244,1139745998,48.90785217285156,-30.704683303833008,1243.343505859375,20.805381774902344,385,76.88311688311688,14,1.554521083831787,91.4577407836914,2,2
Mentalité,offensive,85,244,1139745998,49.036624908447266,-29.220138549804688,940.2174682617188,21.47825050354004,351,74.92877492877493,22,1.1750190258026123,92.57695770263672,2,1
Mentalité,prudente,263,250,2087460833,50.02919387817383,-27.6490535736084,736.9671020507812,20.37504005432129,516,82.17054263565892,10,0.53766930103302,91.88880920410156,1,1
Mentalité,offensive,263,250,2087460833,49.909027099609375,-24.738842010498047,528.3180541992188,21.241504669189453,530,78.49056603773585,13,1.2832623720169067,92.27371978759766,1,0
Mentalité,prudente,3472,3696,336812851,49.93854522705078,-30.81343650817871,963.6117553710938,17.473726272583008,711,87.0604781997187,7,0.5223502516746521,91.0791015625,1,1
Mentalité,offensive,3472,3696,336812851,49.14281463623047,-29.25410270690918,1166.162353515625,19.991594314575195,406,79.3103448275862,14,1.068711757659912,91.32059478759766,1,1
Mentalité,prudente,13294,21540,487868817,49.78090286254883,-27.051815032958984,842.6412963867188,18.730661392211914,703,84.21052631578948,6,0.2880851626396179,90.90730285644531,1,1
Mentalité,offensive,13294,21540,487868817,48.39695358276367,-27.44485092163086,870.0346069335938,19.94248390197754,419,79.23627684964201,22,1.4633252620697021,92.4093246459961,4,0
Mentalité,prudente,570,936,308785032,50.307090759277344,-27.184343338012695,610.9978637695312,17.37805938720703,811,89.51911220715166,16,1.4736015796661377,91.3661880493164,2,0
Mentalité,offensive,570,936,308785032,49.618473052978516,-25.61541748046875,608.9983520507812,19.443546295166016,472,82.62711864406779,37,2.2549948692321777,92.61498260498047,4,0
Mentalité,prudente,243,94,1913070780,49.905330657958984,-29.685468673706055,983.2069702148438,17.616918563842773,650,85.84615384615384,6,0.4348334074020386,91.2672348022461,3,3
Mentalité,offensive,243,94,1913070780,49.09490966796875,-28.044824600219727,984.8065795898438,20.407127380371094,446,81.83856502242152,13,1.0717411041259766,91.39312744140625,1,2
Mentalité,prudente,382,357,1412098517,49.560081481933594,-29.197160720825195,669.2836303710938,20.196582794189453,535,84.29906542056075,18,2.047152519226074,90.32875061035156,4,1
Mentalité,offensive,382,357,1412098517,49.641265869140625,-28.387205123901367,835.3430786132812,20.83667755126953,353,76.48725212464589,19,1.6410531997680664,92.75618743896484,2,2
Mentalité,prudente,21581,437,2133107748,48.99886703491211,-29.37241554260254,983.6068725585938,19.965112686157227,450,79.55555555555556,4,0.4106444716453552,91.96428680419922,1,3
Mentalité,offensive,21581,437,2133107748,48.968101501464844,-28.440176010131836,1171.361083984375,19.944936752319336,387,78.03617571059432,6,0.15142053365707397,91.30020904541016,0,1
Mentalité,prudente,257,262,1110783560,49.949623107910156,-28.968149185180664,830.2443237304688,17.962989807128906,662,87.61329305135952,20,1.4413022994995117,91.23038482666016,2,1
Mentalité,offensive,257,262,1110783560,49.39174270629883,-28.135873794555664,1184.6578369140625,20.4752197265625,419,84.48687350835323,23,1.7814887762069702,91.42464447021484,3,1
Mentalité,prudente,3759,6907,1682151650,49.193519592285156,-27.89859390258789,943.5166625976562,20.329753875732422,457,83.15098468271334,9,1.2877048254013062,91.50301361083984,1,1
Mentalité,offensive,3759,6907,1682151650,49.03934097290039,-27.219135284423828,1074.2847900390625,20.46242332458496,425,78.3529411764706,9,0.30840200185775757,91.11161804199219,1,1
Mentalité,prudente,21607,5309,302470383,49.98915100097656,-27.888418197631836,874.0336303710938,17.69240951538086,712,88.34269662921348,7,0.34676456451416016,91.24961853027344,1,2
Mentalité,offensive,21607,5309,302470383,49.45405578613281,-27.563007354736328,1096.979248046875,20.15237808227539,423,82.50591016548464,15,1.6099623441696167,91.64532470703125,4,1
Mentalité,prudente,2572,112,1664014101,49.42412185668945,-28.669099807739258,928.7202758789062,20.588653564453125,462,82.68398268398268,10,0.8400523662567139,91.51128387451172,2,2
Mentalité,offensive,2572,112,1664014101,49.40433120727539,-25.732547760009766,619.6957397460938,20.95624542236328,424,78.77358490566037,19,1.0749555826187134,92.85504150390625,3,0
Mentalité,prudente,118,2925,364679294,50.18427658081055,-27.433834075927734,635.4918823242188,17.682497024536133,794,88.66498740554157,11,0.5794028639793396,91.12823486328125,1,2
Mentalité,offensive,118,2925,364679294,49.822566986083984,-27.04844093322754,853.6386108398438,20.349294662475586,527,82.92220113851992,22,1.8986150026321411,91.54261779785156,2,0
Mentalité,prudente,87,1538,420943911,48.78554153442383,-28.5053768157959,1157.4644775390625,21.083980560302734,440,81.5909090909091,13,0.7915394306182861,91.270751953125,2,1
Mentalité,offensive,87,1538,420943911,48.153564453125,-28.62394905090332,1199.9541015625,20.58064842224121,341,77.12609970674487,17,1.194732904434204,91.60562896728516,2,3
Mentalité,prudente,559,936,330630444,49.86703109741211,-28.537567138671875,651.6879272460938,18.383563995361328,578,84.60207612456747,15,0.811836302280426,91.67539978027344,0,0
Mentalité,offensive,559,936,330630444,49.55291748046875,-29.01664161682129,1106.576904296875,20.347993850708008,417,82.49400479616307,15,0.692828357219696,91.7022705078125,1,1
Mentalité,prudente,2250,3696,1887936958,50.14304733276367,-28.82058334350586,702.0756225585938,17.918405532836914,682,86.21700879765396,16,1.1073646545410156,91.51570892333984,2,0
Mentalité,offensive,2250,3696,1887936958,49.11704635620117,-26.216909408569336,735.7673950195312,20.332794189453125,406,82.51231527093596,42,1.9260380268096924,92.29730987548828,2,0
Mentalité,prudente,2950,125,1145763051,49.339378356933594,-29.32314682006836,1044.7919921875,20.427024841308594,427,79.62529274004685,7,0.46356111764907837,91.64915466308594,1,0
Mentalité,offensive,2950,125,1145763051,49.348854064941406,-27.502151489257812,1004.4017944335938,20.300321578979492,474,80.80168776371308,26,1.8035141229629517,91.33667755126953,2,1
Mentalité,prudente,9078,6870,922252038,50.2447624206543,-28.36052131652832,875.5332641601562,17.618118286132812,651,85.71428571428571,16,1.0296854972839355,91.45287322998047,3,0
Mentalité,offensive,9078,6870,922252038,49.23971939086914,-27.668703079223633,844.7407836914062,20.67046356201172,365,81.0958904109589,22,1.3200017213821411,92.85814666748047,7,0
Mentalité,prudente,359,357,1411799261,49.49785614013672,-30.014759063720703,725.8698120117188,19.674440383911133,538,82.71375464684014,17,1.6968069076538086,92.23635864257812,5,2
Mentalité,offensive,359,357,1411799261,49.329856872558594,-27.21253204345703,615.8966674804688,20.33855628967285,473,78.43551797040169,19,1.531130313873291,92.87910461425781,2,2
Mentalité,prudente,147,156,1700574325,49.928955078125,-30.145858764648438,869.1348266601562,17.231185913085938,731,89.87688098495212,10,0.9019038081169128,91.4987564086914,1,0
Mentalité,offensive,147,156,1700574325,49.732154846191406,-27.43205451965332,808.1497192382812,19.33437156677246,578,87.19723183391004,28,1.0147418975830078,91.1788101196289,0,2
Mentalité,prudente,3997,113,51613704,49.53536605834961,-28.479007720947266,876.0331420898438,21.00023651123047,489,81.79959100204499,10,1.4142564535140991,92.13719940185547,3,2
Mentalité,offensive,3997,113,51613704,49.4455451965332,-28.836397171020508,953.7141723632812,21.28162956237793,397,80.35264483627203,20,1.9224518537521362,92.34943389892578,5,1
Mentalité,prudente,103,4057,702879240,49.748043060302734,-27.041406631469727,565.8088989257812,20.137849807739258,472,81.14406779661017,25,1.7555221319198608,92.60371398925781,3,0
Mentalité,offensive,103,4057,702879240,49.856197357177734,-26.81159019470215,719.3713989257812,20.410171508789062,453,84.98896247240619,23,1.4158042669296265,92.077880859375,1,0
Mentalité,prudente,170,174,1435546856,49.49801254272461,-25.14484214782715,663.3850708007812,20.789932250976562,450,80.22222222222223,8,0.6655235886573792,92.6235580444336,0,1
Mentalité,offensive,170,174,1435546856,49.08745193481445,-25.861513137817383,706.9744262695312,19.792177200317383,403,82.13399503722084,14,2.3669607639312744,92.84388732910156,2,3
Mentalité,prudente,137,10388,1495203957,50.173404693603516,-27.255186080932617,566.3087768554688,20.572023391723633,503,80.71570576540755,17,3.0572192668914795,92.4573974609375,1,2
Mentalité,offensive,137,10388,1495203957,49.732154846191406,-26.291717529296875,526.5184936523438,19.732921600341797,538,81.78438661710037,25,1.6261252164840698,92.39630889892578,1,0
Mentalité,prudente,156,151,323811002,49.42475509643555,-28.27286720275879,790.0541381835938,20.044893264770508,464,76.29310344827586,5,0.445121705532074,91.74484252929688,0,0
Mentalité,offensive,156,151,323811002,48.949703216552734,-27.246366500854492,847.6400756835938,20.764291763305664,455,77.8021978021978,12,0.49899822473526,91.47193908691406,2,2
Mentalité,prudente,118,3997,1667359241,49.5010986328125,-27.36817741394043,816.4476928710938,20.447492599487305,442,80.99547511312217,18,2.4451706409454346,92.0937271118164,2,0
Mentalité,offensive,118,3997,1667359241,49.861175537109375,-26.539201736450195,778.0570678710938,20.480249404907227,405,81.72839506172839,23,1.972511649131775,92.39495849609375,1,2
Mentalité,prudente,995,7656,765467029,49.33322525024414,-28.6823673248291,867.3352661132812,20.037490844726562,476,81.5126050420168,14,2.038151264190674,91.55690002441406,4,0
Mentalité,offensive,995,7656,765467029,49.117515563964844,-27.987611770629883,863.0363159179688,20.84088706970215,410,76.09756097560975,16,1.1059720516204834,91.90057373046875,2,2
Mentalité,prudente,3699,21610,972949956,49.889713287353516,-28.786237716674805,958.0131225585938,18.817840576171875,675,87.85185185185185,5,0.43178969621658325,90.53848266601562,0,0
Mentalité,offensive,3699,21610,972949956,49.295040130615234,-27.78900909423828,1137.769287109375,20.99384307861328,442,79.18552036199095,15,0.9201541543006897,91.11579132080078,1,1
Mentalité,prudente,87,89,497728889,49.20112228393555,-27.649736404418945,920.3223266601562,20.033876419067383,421,81.23515439429929,5,0.6429154872894287,91.7287368774414,0,2
Mentalité,offensive,87,89,497728889,48.808616638183594,-27.687379837036133,987.7058715820312,20.766969680786133,389,78.92030848329048,14,0.4677690863609314,91.79244995117188,0,1
Mentalité,prudente,151,152,2045654981,49.76605224609375,-28.405052185058594,838.4423217773438,18.0955810546875,596,87.08053691275168,13,1.2164846658706665,91.4576416015625,0,0
Mentalité,offensive,151,152,2045654981,49.33211898803711,-27.300443649291992,813.7483520507812,20.01669692993164,457,80.30634573304158,17,1.2932898998260498,92.49856567382812,5,1
Mentalité,prudente,363,366,554673974,49.95128631591797,-30.053476333618164,787.8546752929688,18.070920944213867,637,86.49921507064364,17,2.0320560932159424,91.68218231201172,2,0
Mentalité,offensive,363,366,554673974,49.437286376953125,-27.123010635375977,707.3743286132812,21.006446838378906,426,80.98591549295774,27,2.582031488418579,92.40682983398438,5,0
Mentalité,prudente,104,3997,1784849258,50.153987884521484,-26.85708236694336,543.4143676757812,20.566713333129883,522,82.56704980842912,20,1.7628206014633179,92.47293853759766,2,1
Mentalité,offensive,104,3997,1784849258,49.75028991699219,-27.19364356994629,646.7891235351562,20.920936584472656,481,82.32848232848232,27,1.680504322052002,92.179931640625,3,2
Mentalité,prudente,393,384,1950149415,49.957481384277344,-29.442399978637695,830.2443237304688,17.918493270874023,711,90.85794655414908,8,0.5012370944023132,91.68852996826172,3,2
Mentalité,offensive,393,384,1950149415,49.59233856201172,-28.13213539123535,1065.2869873046875,20.95726203918457,463,81.8574514038877,21,1.163462519645691,91.44413757324219,4,0
Mentalité,prudente,789,19267,1551413899,49.77654266357422,-29.565074920654297,968.1106567382812,18.317485809326172,440,83.86363636363636,23,1.9086802005767822,92.26042175292969,1,1
Mentalité,offensive,789,19267,1551413899,49.55611038208008,-26.59272575378418,779.6566772460938,19.669300079345703,511,84.54011741682974,31,2.3019258975982666,91.63377380371094,1,2
Mentalité,prudente,85,102,1083776645,49.05763626098633,-29.36138916015625,1042.192626953125,21.05556297302246,452,80.97345132743362,10,1.1832726001739502,91.56542205810547,2,2
Mentalité,offensive,85,102,1083776645,48.80756759643555,-28.51409912109375,963.5117797851562,20.633298873901367,479,78.91440501043841,17,1.6318907737731934,90.96917724609375,3,3
Mentalité,prudente,6870,432,1803412708,48.67971420288086,-29.7486629486084,1126.6719970703125,19.814916610717773,440,82.5,3,0.43905383348464966,91.7339859008789,0,4
Mentalité,offensive,6870,432,1803412708,48.1096305847168,-28.568805694580078,1099.6785888671875,20.126028060913086,376,76.86170212765957,8,0.45367294549942017,91.8658676147461,1,4
Mentalité,prudente,94,87,1603673735,50.10584259033203,-30.040952682495117,982.8070678710938,17.149703979492188,764,90.44502617801047,10,0.48567578196525574,90.78528594970703,3,0
Mentalité,offensive,94,87,1603673735,49.6778564453125,-26.03684425354004,818.6471557617188,20.64143943786621,507,84.41814595660749,17,0.9463484287261963,91.69066619873047,1,2
Mentalité,prudente,258,266,1241796862,49.73514938354492,-27.350271224975586,915.3235473632812,20.66866683959961,406,82.51231527093596,15,1.4503909349441528,92.24008178710938,2,2
Mentalité,offensive,258,266,1241796862,49.468475341796875,-26.116971969604492,724.9700317382812,19.97781753540039,386,79.53367875647669,18,1.1918158531188965,92.93199157714844,1,2
Mentalité,prudente,113,3997,169762054,49.69264221191406,-26.880216598510742,792.4535522460938,20.13849449157715,478,80.1255230125523,7,0.5685617923736572,91.62411499023438,0,1
Mentalité,offensive,113,3997,169762054,49.458126068115234,-26.295225143432617,867.8351440429688,19.294021606445312,433,79.21478060046189,18,1.3414932489395142,91.91317749023438,0,0
Mentalité,prudente,3024,989,1153742415,49.800865173339844,-28.82763671875,848.2399291992188,17.20121955871582,679,88.36524300441826,17,1.0865541696548462,91.47515869140625,0,1
Mentalité,offensive,3024,989,1153742415,49.332435607910156,-27.50434684753418,942.6168823242188,20.64807891845703,499,84.3687374749499,15,0.8639780282974243,91.72891998291016,2,0
Mentalité,prudente,359,368,1656874616,49.97480773925781,-26.804208755493164,496.9211120605469,20.93988800048828,556,84.53237410071942,10,0.8529152274131775,92.58776092529297,3,0
Mentalité,offensive,359,368,1656874616,50.18208694458008,-21.800426483154297,420.2164306640625,21.009511947631836,468,79.48717948717949,40,3.515289068222046,93.10582733154297,2,3
Mentalité,prudente,3735,139,1891547481,49.62057876586914,-29.956621170043945,1077.98388671875,17.574146270751953,588,86.56462585034014,7,1.0252447128295898,91.24700927734375,1,0
Mentalité,offensive,3735,139,1891547481,49.20595932006836,-28.133432388305664,926.4208374023438,20.130868911743164,435,81.60919540229885,11,0.5720474720001221,91.99730682373047,2,2
Mentalité,prudente,4007,109,266353912,49.59220504760742,-28.886638641357422,835.1431274414062,21.117185592651367,473,82.24101479915433,7,0.43569645285606384,92.07719421386719,2,1
Mentalité,offensive,4007,109,266353912,49.3692626953125,-27.470895767211914,873.2338256835938,20.458641052246094,420,80,14,1.4919170141220093,90.40977478027344,2,2
Mentalité,prudente,122,268,941325862,49.8111686706543,-28.03059196472168,678.9812622070312,21.077777862548828,484,83.05785123966942,11,0.8722738027572632,92.18821716308594,3,3
Mentalité,offensive,122,268,941325862,48.97178649902344,-26.91575813293457,773.4581909179688,19.873563766479492,416,80.28846153846153,16,1.8285986185073853,92.40284729003906,3,2
Mentalité,prudente,264,256,2070153691,49.312835693359375,-28.432024002075195,971.4098510742188,20.59058952331543,449,78.61915367483296,3,0.3566984236240387,91.79047393798828,0,2
Mentalité,offensive,264,256,2070153691,49.15805435180664,-29.040403366088867,919.7224731445312,20.2176513671875,415,80.48192771084338,11,0.5731377005577087,91.72683715820312,2,1
Mentalité,prudente,12698,3472,1368079903,50.175052642822266,-30.439064025878906,689.9785766601562,17.870079040527344,600,87,20,3.0183746814727783,92.2404556274414,4,2
Mentalité,offensive,12698,3472,1368079903,49.97846221923828,-26.743682861328125,738.9666137695312,20.47095489501953,437,82.15102974828375,25,2.299203872680664,92.22899627685547,2,1
Mentalité,prudente,13294,1382,1589609104,49.83171081542969,-29.907663345336914,833.2435913085938,17.713150024414062,765,87.18954248366013,3,0.09208374470472336,91.00366973876953,0,0
Mentalité,offensive,13294,1382,1589609104,49.25094223022461,-27.18256187438965,1089.0811767578125,20.097774505615234,496,83.66935483870968,12,0.8065882921218872,90.8614501953125,0,1
Mentalité,prudente,107,110,1437692358,49.05133819580078,-29.501684188842773,1046.3916015625,19.691593170166016,488,83.19672131147541,4,0.32880187034606934,91.38581848144531,0,1
Mentalité,offensive,107,110,1437692358,49.073944091796875,-28.92622184753418,873.1338500976562,19.300424575805664,420,83.57142857142857,12,0.8857060670852661,92.23298645019531,4,2
Mentalité,prudente,83,90,493710084,50.00999450683594,-25.814529418945312,522.8193969726562,20.255830764770508,511,81.2133072407045,31,2.368389368057251,92.59876251220703,2,2
Mentalité,offensive,83,90,493710084,49.987648010253906,-26.94156837463379,681.7805786132812,21.448095321655273,452,85.61946902654867,34,1.8041805028915405,92.55030822753906,1,1
Mentalité,prudente,145,156,2091300775,49.991912841796875,-28.74396514892578,818.7471313476562,17.66520881652832,722,89.33518005540166,6,0.5442423224449158,91.16963958740234,1,2
Mentalité,offensive,145,156,2091300775,49.30057907104492,-28.44900131225586,1270.8367919921875,20.24224853515625,463,83.15334773218143,11,0.30558064579963684,90.76244354248047,0,1
Mentalité,prudente,22269,5579,601508701,49.41413879394531,-29.460229873657227,869.2348022460938,21.006303787231445,526,78.89733840304183,7,0.521971583366394,91.51670837402344,3,0
Mentalité,offensive,22269,5579,601508701,49.411277770996094,-24.905902862548828,759.0617065429688,19.512577056884766,479,81.21085594989562,20,1.07279634475708,91.85502624511719,1,3
Mentalité,prudente,137,3307,102919363,49.65141677856445,-30.782180786132812,926.8207397460938,20.402671813964844,509,81.33595284872298,7,1.1201188564300537,91.57273864746094,2,1
Mentalité,offensive,137,3307,102919363,49.127296447753906,-30.284894943237305,1010.3003540039062,20.83054542541504,379,77.83641160949868,20,2.0377137660980225,92.52986907958984,3,0
Mentalité,prudente,13294,21846,1530898879,49.43452835083008,-27.86640167236328,1116.974365234375,20.289703369140625,462,80.51948051948052,10,0.7852225303649902,89.0150375366211,0,0
Mentalité,offensive,13294,21846,1530898879,49.335079193115234,-26.35956573486328,901.4269409179688,21.116586685180664,490,77.75510204081633,16,0.9870190024375916,91.48489379882812,0,0
Mentalité,prudente,12216,15784,1562387529,48.5531005859375,-31.443843841552734,1071.6854248046875,20.769243240356445,433,77.13625866050808,5,0.5314813256263733,91.61407470703125,2,1
Mentalité,offensive,12216,15784,1562387529,48.82502365112305,-28.600513458251953,1132.970458984375,20.13132667541504,423,81.32387706855792,18,1.159946322441101,91.70701599121094,1,2
Mentalité,prudente,3735,156,738370743,49.92982482910156,-29.327327728271484,789.5542602539062,18.50102424621582,664,84.03614457831326,11,0.8065412044525146,91.21614837646484,2,1
Mentalité,offensive,3735,156,738370743,49.46522521972656,-27.546783447265625,767.1597290039062,20.709562301635742,439,76.76537585421413,20,0.8356310129165649,92.04911804199219,1,1
Mentalité,prudente,268,598,1471885787,49.76396942138672,-29.24547004699707,1003.0021362304688,17.897205352783203,599,86.14357262103506,8,0.5834731459617615,91.29890441894531,1,1
Mentalité,offensive,268,598,1471885787,49.15961837768555,-29.15503692626953,1097.0792236328125,19.871788024902344,459,84.0958605664488,11,0.44060218334198,91.48091125488281,1,0
Mentalité,prudente,3472,3696,835890524,49.884220123291016,-30.217628479003906,1138.2691650390625,17.304567337036133,639,89.67136150234742,6,0.2955513894557953,90.90015411376953,0,1
Mentalité,offensive,3472,3696,835890524,49.10677719116211,-30.114978790283203,1053.6898193359375,20.156108856201172,469,79.95735607675905,9,1.2724354267120361,91.30577850341797,3,1
Mentalité,prudente,114,112,1527410391,49.78947448730469,-27.604154586791992,595.1017456054688,20.2559757232666,480,80.625,12,1.0732594728469849,92.86016082763672,6,1
Mentalité,offensive,114,112,1527410391,49.29073715209961,-27.640066146850586,659.1860961914062,20.995027542114258,482,80.08298755186722,24,1.1319124698638916,92.0805892944336,3,0
Mentalité,prudente,132335,7914,2023402780,49.88235855102539,-27.618711471557617,933.4191284179688,18.561620712280273,616,85.87662337662337,5,0.24396410584449768,91.22396850585938,0,1
Mentalité,offensive,132335,7914,2023402780,49.473384857177734,-26.871929168701172,1010.9002075195312,20.560501098632812,465,82.36559139784946,17,0.8742777109146118,91.16512298583984,0,1
Mentalité,prudente,362,306,32264918,49.910343170166016,-26.790403366088867,502.1214294433594,20.38180923461914,532,79.88721804511279,24,1.993917465209961,92.54802703857422,1,0
Mentalité,offensive,362,306,32264918,49.758201599121094,-26.319555282592773,644.1897583007812,20.694477081298828,404,81.93069306930693,34,2.4229931831359863,92.90859985351562,1,1
Mentalité,prudente,3696,3699,860321550,49.41421890258789,-29.44741439819336,869.0348510742188,21.269241333007812,479,80.58455114822547,10,0.5195722579956055,91.63455963134766,2,0
Mentalité,offensive,3696,3699,860321550,49.66181182861328,-26.565439224243164,786.5549926757812,20.652647018432617,439,79.95444191343964,21,0.7037151455879211,92.30481719970703,4,1
Mentalité,prudente,357,306,1478641587,50.017845153808594,-26.979652404785156,671.2831420898438,20.085466384887695,543,82.68876611418048,16,1.0732699632644653,92.1115951538086,2,1
Mentalité,offensive,357,306,1478641587,50.025020599365234,-24.266799926757812,585.3041381835938,20.351682662963867,448,80.80357142857143,32,2.3941380977630615,93.093994140625,3,1
Mentalité,prudente,382,370,604641600,50.074256896972656,-29.16939926147461,682.1804809570312,17.187774658203125,705,90.2127659574468,18,1.0621923208236694,91.41362762451172,2,0
Mentalité,offensive,382,370,604641600,49.45262908935547,-27.467164993286133,861.6366577148438,20.336009979248047,489,85.07157464212679,36,2.439081907272339,91.36968231201172,5,3
Mentalité,prudente,1382,3759,2002925567,49.9486083984375,-29.700891494750977,992.0048217773438,17.327167510986328,758,87.0712401055409,2,0.04280286654829979,90.91166687011719,0,0
Mentalité,offensive,1382,3759,2002925567,49.22343063354492,-28.311307907104492,1153.5654296875,20.061643600463867,442,79.63800904977376,11,1.2000410556793213,91.36209106445312,2,1
Mentalité,prudente,519,21540,28316747,49.62776184082031,-29.345458984375,1112.8753662109375,18.964534759521484,577,84.05545927209705,4,0.33329999446868896,91.0427474975586,0,0
Mentalité,offensive,519,21540,28316747,49.18809127807617,-28.140933990478516,1350.3173828125,21.581981658935547,419,77.56563245823389,20,1.393028974533081,90.96241760253906,1,0
Mentalité,prudente,7868,6851,1017265311,49.63496780395508,-28.580841064453125,758.8617553710938,20.413509368896484,563,81.88277087033748,8,1.1392520666122437,92.21773529052734,1,5
Mentalité,offensive,7868,6851,1017265311,48.9874267578125,-28.183792114257812,805.4503784179688,20.3426570892334,461,79.60954446854664,18,0.9938716292381287,92.66331481933594,0,1
Mentalité,prudente,127,134,480544626,49.83472442626953,-29.543636322021484,798.5520629882812,18.986156463623047,628,86.46496815286625,10,0.7723661065101624,91.59229278564453,2,1
Mentalité,offensive,127,134,480544626,49.2501335144043,-27.628223419189453,938.3179321289062,20.150192260742188,445,82.47191011235955,24,2.61995792388916,91.69879150390625,3,1
Mentalité,prudente,3746,4411,302910801,49.981529235839844,-29.11963653564453,869.0348510742188,17.82771873474121,662,86.85800604229607,13,1.2839919328689575,91.26698303222656,2,2
Mentalité,offensive,3746,4411,302910801,48.113590240478516,-27.353988647460938,720.2711791992188,20.663219451904297,448,82.36607142857143,25,1.810641884803772,92.8577651977539,3,0
Mentalité,prudente,3611,3610,2101176022,50.29612731933594,-29.879680633544922,756.0624389648438,17.504491806030273,775,88.38709677419355,4,0.5056454539299011,91.627197265625,1,0
Mentalité,offensive,3611,3610,2101176022,49.85072326660156,-26.817432403564453,748.3643188476562,19.702648162841797,631,85.73692551505546,17,1.097937822341919,91.43286895751953,1,1
Mentalité,prudente,3024,11551,59250330,49.7945442199707,-28.832191467285156,993.6044311523438,17.65890121459961,693,88.16738816738817,9,0.7163147926330566,90.96626281738281,1,2
Mentalité,offensive,3024,11551,59250330,49.34242630004883,-26.0649356842041,776.1575317382812,19.125812530517578,574,85.36585365853658,11,0.4201757311820984,91.51688385009766,0,1
Pressing,mesuré,87,1068,1002897798,49.005428314208984,-28.016183853149414,963.3118286132812,19.88140296936035,431,80.97447795823666,9,1.0415135622024536,91.32491302490234,0,3
Pressing,intense,87,1068,1002897798,48.551292419433594,-28.776981353759766,986.3062133789062,20.588851928710938,439,81.09339407744875,7,0.15086059272289276,90.01731872558594,0,2
Pressing,mesuré,3616,5579,929393559,49.77759552001953,-26.429473876953125,630.8930053710938,20.761951446533203,452,77.87610619469027,7,0.2122209072113037,91.91923522949219,0,2
Pressing,intense,3616,5579,929393559,49.68263626098633,-27.178319931030273,760.9612426757812,20.724552154541016,510,76.47058823529412,7,0.4230818748474121,91.33389282226562,0,1
Pressing,mesuré,133,137,217468053,49.48930740356445,-29.18570899963379,1025.6966552734375,19.56980323791504,584,84.41780821917808,11,0.6232040524482727,90.57124328613281,1,0
Pressing,intense,133,137,217468053,49.60899353027344,-28.05863380432129,862.5364379882812,19.180740356445312,538,84.75836431226766,12,1.2700309753417969,91.77951049804688,2,0
Pressing,mesuré,552,437,532638534,49.025455474853516,-28.20351791381836,851.3391723632812,20.013540267944336,402,82.08955223880596,5,0.41619259119033813,91.8066177368164,0,3
Pressing,intense,552,437,532638534,48.91043472290039,-28.722537994384766,1000.4027709960938,20.203563690185547,474,80.16877637130801,4,0.16716817021369934,91.32191467285156,1,4
Pressing,mesuré,122,137,1464848243,49.417293548583984,-28.285852432250977,761.3611450195312,19.567760467529297,585,88.03418803418803,11,0.8946757316589355,91.5554428100586,1,0
Pressing,intense,122,137,1464848243,49.75886917114258,-27.360942840576172,1058.388671875,19.507022857666016,522,85.63218390804597,14,1.2547252178192139,91.64908599853516,2,2
Pressing,mesuré,3822,21607,1321446349,50.27534866333008,-26.639617919921875,674.7822875976562,20.894346237182617,474,82.0675105485232,26,1.50959312915802,91.66297149658203,1,0
Pressing,intense,3822,21607,1321446349,49.965938568115234,-27.569520950317383,775.6576538085938,20.740894317626953,431,79.81438515081207,25,1.3002780675888062,92.1385269165039,1,0
Pressing,mesuré,2565,3706,2039633683,49.51727294921875,-29.439990997314453,1229.8468017578125,19.665369033813477,498,83.33333333333333,9,0.6066012382507324,90.80863189697266,0,1
Pressing,intense,2565,3706,2039633683,49.33011245727539,-27.981990814208984,1085.2821044921875,19.6064510345459,503,83.30019880715706,12,0.7577354311943054,91.76898956298828,1,1
Pressing,mesuré,359,331,820276643,49.98469924926758,-27.442123413085938,496.3210754394531,20.687532424926758,504,82.14285714285714,14,1.1778600215911865,90.74337768554688,2,4
Pressing,intense,359,331,820276643,49.418880462646484,-27.365093231201172,560.3102416992188,20.882831573486328,524,81.29770992366412,18,1.3983094692230225,92.25859069824219,2,2
Pressing,mesuré,132335,1895,1704637349,48.71168518066406,-29.990352630615234,836.8427124023438,19.44797706604004,469,79.53091684434968,2,0.0535038523375988,91.99700927734375,0,3
Pressing,intense,132335,1895,1704637349,48.56110763549805,-31.09950065612793,1153.4654541015625,19.52943992614746,386,80.05181347150258,1,0.02439464069902897,92.18018341064453,0,9
Pressing,mesuré,268,133,1903678842,49.79045486450195,-26.85865592956543,698.8764038085938,21.24134063720703,496,83.06451612903226,15,0.904958963394165,91.81909942626953,3,4
Pressing,intense,268,133,1903678842,50.01408767700195,-26.430648803710938,790.7539672851562,21.187572479248047,463,83.58531317494601,18,1.7080941200256348,92.0628890991211,3,1
Pressing,mesuré,139,2565,1501726364,49.314308166503906,-28.505651473999023,918.2228393554688,21.20174789428711,471,75.58386411889596,3,0.08999398350715637,90.9567642211914,1,2
Pressing,intense,139,2565,1501726364,49.425472259521484,-26.447227478027344,780.3565063476562,21.30381202697754,472,78.17796610169492,6,0.2716425657272339,92.04202270507812,0,1
Pressing,mesuré,7868,170,1731519511,49.85604476928711,-27.072378158569336,647.7888793945312,20.484058380126953,528,81.81818181818181,9,1.1922696828842163,92.29295349121094,2,1
Pressing,intense,7868,170,1731519511,49.8040885925293,-27.142553329467773,714.4725952148438,20.783077239990234,526,82.12927756653993,13,0.6219531893730164,92.12556457519531,1,2
Pressing,mesuré,263,256,1104652174,49.3814582824707,-26.957124710083008,957.6132202148438,20.717750549316406,381,76.9028871391076,9,0.24715790152549744,91.40956115722656,0,1
Pressing,intense,263,256,1104652174,49.093910217285156,-27.723045349121094,933.9190063476562,20.76512908935547,517,79.49709864603481,5,0.13801613450050354,91.287353515625,1,3
Pressing,mesuré,1895,132335,2134161410,49.77555847167969,-26.387962341308594,510.221923828125,19.88702964782715,365,84.65753424657534,32,2.0577940940856934,93.58617401123047,8,2
Pressing,intense,1895,132335,2134161410,49.5998420715332,-24.530445098876953,684.2799682617188,19.922378540039062,382,82.72251308900523,39,3.3507659435272217,93.11392974853516,8,0
Pressing,mesuré,143,2726,932725007,49.3062744140625,-27.931865692138672,858.6373901367188,20.706924438476562,507,80.4733727810651,11,0.7879970073699951,91.29106903076172,0,0
Pressing,intense,143,2726,932725007,49.19007873535156,-28.08436393737793,999.2030639648438,20.830446243286133,450,76.66666666666667,11,0.573992133140564,91.71417999267578,0,0
Pressing,mesuré,2566,146,1015490648,49.03633117675781,-27.65178680419922,933.5191040039062,20.288042068481445,405,79.75308641975309,9,0.5232428312301636,91.029296875,1,2
Pressing,intense,2566,146,1015490648,48.58744812011719,-29.645885467529297,961.5122680664062,21.073814392089844,369,76.96476964769647,8,0.6900360584259033,92.13327026367188,1,1
Pressing,mesuré,97,3751,1130118952,49.60112762451172,-28.791614532470703,625.6942749023438,19.15041160583496,595,86.38655462184875,17,1.0565532445907593,91.81940460205078,4,1
Pressing,intense,97,3751,1130118952,49.651302337646484,-29.419097900390625,816.7476196289062,19.61031150817871,603,84.90878938640132,13,0.5347411632537842,91.56436157226562,3,0
Pressing,mesuré,361,388,1485403625,50.202392578125,-26.086103439331055,517.9205932617188,20.173192977905273,437,83.06636155606407,25,1.8872116804122925,92.57779693603516,0,1
Pressing,intense,361,388,1485403625,50.194000244140625,-26.753681182861328,534.8164672851562,20.188196182250977,450,83.77777777777777,23,2.0620076656341553,91.12040710449219,4,0
Pressing,mesuré,2925,105,2039758977,49.25362014770508,-28.524904251098633,907.3255004882812,21.1313533782959,399,81.70426065162907,19,1.054875373840332,90.00303649902344,2,2
Pressing,intense,2925,105,2039758977,48.67601776123047,-28.611217498779297,1285.733154296875,21.795595169067383,384,77.86458333333333,18,1.4123992919921875,91.058349609375,0,0
Pressing,mesuré,170,179,1048083132,49.722774505615234,-28.65957260131836,682.0805053710938,21.177959442138672,494,82.5910931174089,17,1.0800808668136597,91.89176177978516,3,2
Pressing,intense,170,179,1048083132,49.586517333984375,-26.81975746154785,784.4555053710938,20.63932991027832,480,79.16666666666667,19,1.5027514696121216,90.23355102539062,2,1
Pressing,mesuré,3699,437,259488708,49.02698516845703,-27.150341033935547,856.0380249023438,20.6771240234375,425,81.17647058823529,3,0.08155745267868042,91.36547088623047,0,2
Pressing,intense,3699,437,259488708,48.94343185424805,-29.057348251342773,1177.8594970703125,20.182865142822266,440,79.0909090909091,5,0.44176650047302246,91.5487289428711,0,3
Pressing,mesuré,90,93,669806174,49.11123275756836,-27.675090789794922,812.9485473632812,21.40848159790039,427,79.39110070257611,8,0.5900406241416931,91.23363494873047,0,1
Pressing,intense,90,93,669806174,49.196834564208984,-26.423139572143555,851.6390991210938,20.80640983581543,443,81.03837471783295,11,0.5925990343093872,90.04730224609375,0,2
Pressing,mesuré,3746,1382,2142954714,49.462310791015625,-27.610246658325195,579.4055786132812,19.18765640258789,549,85.61020036429872,23,2.0385031700134277,92.15994262695312,2,0
Pressing,intense,3746,1382,2142954714,49.53932189941406,-27.34624671936035,816.9475708007812,19.801599502563477,490,83.06122448979592,26,1.8883259296417236,91.88976287841797,0,0
Pressing,mesuré,254,257,472931517,49.33052444458008,-29.30504035949707,859.1372680664062,19.790409088134766,575,84.17391304347827,4,0.23691314458847046,91.70271301269531,1,3
Pressing,intense,254,257,472931517,48.381736755371094,-29.083091735839844,1468.5885009765625,20.626787185668945,398,82.41206030150754,5,0.3156239092350006,91.1395492553711,0,3
Pressing,mesuré,362,331,921209318,49.509056091308594,-26.850881576538086,760.0614624023438,20.989294052124023,432,81.94444444444444,6,0.3361864984035492,91.76798248291016,2,3
Pressing,intense,362,331,921209318,49.43003845214844,-26.544328689575195,923.7214965820312,21.452783584594727,493,80.52738336713996,15,1.0329793691635132,91.09127807617188,1,1
Pressing,mesuré,7640,3019,1662778767,49.62567138671875,-29.553253173828125,991.4049682617188,18.888595581054688,597,87.93969849246231,7,0.5949550867080688,91.24962615966797,0,0
Pressing,intense,7640,3019,1662778767,49.25668716430664,-27.316085815429688,1146.76708984375,19.34878921508789,514,82.68482490272373,6,0.38862770795822144,91.19927978515625,0,1
Pressing,mesuré,13294,2790,1056745520,49.595943450927734,-28.016510009765625,992.5046997070312,19.285785675048828,589,87.26655348047538,4,0.1035727933049202,90.38426971435547,0,1
Pressing,intense,13294,2790,1056745520,49.382102966308594,-27.693754196166992,1174.160400390625,19.748464584350586,535,85.60747663551402,4,0.22122983634471893,90.82916259765625,0,1
Pressing,mesuré,122,131,1008338748,49.38987731933594,-28.22887420654297,1019.2981567382812,19.900096893310547,397,81.10831234256926,6,0.29959017038345337,91.6142578125,1,0
Pressing,intense,122,131,1008338748,49.14208984375,-29.064144134521484,1098.178955078125,20.78302574157715,450,81.77777777777777,9,0.3450130224227905,91.3038330078125,2,2
Pressing,mesuré,7911,3841,794882901,49.95968246459961,-27.639558792114258,690.1785278320312,20.472238540649414,535,85.98130841121495,23,1.6672744750976562,92.22786712646484,3,0
Pressing,intense,7911,3841,794882901,49.819698333740234,-27.057762145996094,561.5099487304688,19.71598243713379,531,83.9924670433145,27,2.350609302520752,92.71713256835938,4,0
Pressing,mesuré,174,2502,1796576214,49.52143096923828,-27.208635330200195,646.2892456054688,21.65020179748535,413,79.66101694915254,21,2.0518860816955566,92.18225860595703,3,2
Pressing,intense,174,2502,1796576214,49.79521942138672,-24.755191802978516,491.5207824707031,21.184152603149414,432,80.0925925925926,31,3.028164863586426,93.1277847290039,2,1
Pressing,mesuré,132334,6870,190797265,49.501792907714844,-26.735172271728516,683.3801879882812,19.196203231811523,709,85.47249647390692,5,0.30637678503990173,91.18812561035156,1,1
Pressing,intense,132334,6870,190797265,49.640743255615234,-27.821962356567383,962.4120483398438,18.93185806274414,707,86.28005657708628,7,0.5152833461761475,90.9192886352539,0,0
Pressing,mesuré,2697,179,485266100,49.336971282958984,-27.970998764038086,738.3667602539062,20.83995819091797,481,79.002079002079,13,0.9757246375083923,91.468505859375,0,0
Pressing,intense,2697,179,485266100,50.139225006103516,-24.19729232788086,749.6640014648438,21.14388656616211,463,84.01727861771059,10,1.2667878866195679,92.14884185791016,0,1
Pressing,mesuré,254,258,645237757,49.19352340698242,-29.62891387939453,898.1277465820312,20.351972579956055,435,82.52873563218391,4,0.18162065744400024,91.80580139160156,1,2
Pressing,intense,254,258,645237757,48.956321716308594,-27.079307556152344,885.5308227539062,20.787961959838867,487,81.10882956878851,8,0.5011530518531799,91.46585845947266,0,2
Pressing,mesuré,388,362,796471501,49.393863677978516,-28.408710479736328,936.6183471679688,21.721792221069336,434,78.57142857142857,14,0.875732421875,91.21251678466797,2,3
Pressing,intense,388,362,796471501,49.25225830078125,-26.519983291625977,1036.4940185546875,21.397079467773438,465,81.72043010752688,5,0.8985601663589478,91.38111877441406,2,1
Pressing,mesuré,570,5786,1196878155,50.18257522583008,-27.27642059326172,673.2826538085938,18.03280258178711,544,88.05147058823529,23,1.609218955039978,92.23790740966797,2,2
Pressing,intense,570,5786,1196878155,49.34588623046875,-27.083309173583984,602.1000366210938,18.926225662231445,496,86.49193548387096,35,1.786539077758789,92.6938705444336,4,0
Pressing,mesuré,268,131,359906493,49.73527145385742,-27.818344116210938,797.7522583007812,20.28724479675293,372,83.60215053763442,7,0.33788153529167175,92.8008804321289,2,5
Pressing,intense,268,131,359906493,49.3524169921875,-28.146760940551758,816.6476440429688,20.583559036254883,490,82.04081632653062,10,0.5306044816970825,92.20849609375,2,2
Pressing,mesuré,86,2922,1617046705,49.69913864135742,-27.102466583251953,593.7020874023438,18.621337890625,539,87.19851576994434,27,1.6536140441894531,91.55357360839844,4,2
Pressing,intense,86,2922,1617046705,49.648258209228516,-26.07959747314453,643.8898315429688,19.145715713500977,438,84.93150684931507,36,2.4913809299468994,92.89736938476562,2,1
Pressing,mesuré,393,362,1827753950,49.671348571777344,-27.447542190551758,848.0399780273438,20.65484046936035,429,80.18648018648018,14,0.9809970259666443,91.90538024902344,1,0
Pressing,intense,393,362,1827753950,49.70155715942383,-27.146198272705078,890.8295288085938,20.10562515258789,485,82.88659793814433,13,0.742341160774231,91.81157684326172,1,1
Pressing,mesuré,562,7640,2113437503,49.49436950683594,-29.69549560546875,902.6266479492188,19.25432014465332,631,82.56735340729001,8,0.5718086361885071,89.30316925048828,0,1
Pressing,intense,562,7640,2113437503,48.95978546142578,-28.495616912841797,1186.557373046875,19.933568954467773,480,81.45833333333333,3,0.21706119179725647,92.26049041748047,0,3
Pressing,mesuré,3696,3822,1501688522,49.40683364868164,-26.97289276123047,726.7695922851562,20.73216438293457,430,77.90697674418605,7,0.45094582438468933,91.77188110351562,1,3
Pressing,intense,3696,3822,1501688522,49.63465118408203,-26.734025955200195,813.4484252929688,20.838443756103516,486,81.27572016460906,15,1.1104941368103027,91.47259521484375,0,2
Pressing,mesuré,18794,21846,1477521204,49.24523162841797,-27.516910552978516,846.3403930664062,20.826059341430664,467,78.80085653104925,9,0.31891289353370667,91.32430267333984,0,0
Pressing,intense,18794,21846,1477521204,49.09713363647461,-27.040372848510742,978.7080688476562,20.587133407592773,455,79.56043956043956,9,0.7597943544387817,91.08262634277344,1,1
Pressing,mesuré,382,349,48190158,50.174522399902344,-26.10736846923828,501.42138671875,20.339630126953125,435,87.35632183908046,30,2.133023262023926,92.62651062011719,0,1
Pressing,intense,382,349,48190158,50.03935241699219,-27.368074417114258,646.9890747070312,20.662986755371094,420,81.19047619047619,23,1.1427335739135742,92.66583251953125,4,0
Pressing,mesuré,368,359,628641533,49.40948486328125,-28.840097427368164,846.4403686523438,20.710424423217773,461,84.3817787418655,3,0.385450541973114,91.9223861694336,1,1
Pressing,intense,368,359,628641533,49.039527893066406,-27.484970092773438,914.4237670898438,20.9749755859375,455,81.75824175824175,7,0.3951389491558075,92.0223617553711,1,0
Pressing,mesuré,83,93,1988519473,50.246761322021484,-25.302265167236328,397.61505126953125,20.52680206298828,469,82.72921108742004,32,2.6117918491363525,92.95111846923828,1,0
Pressing,intense,83,93,1988519473,49.845821380615234,-28.250835418701172,650.8881225585938,20.341859817504883,465,83.44086021505376,17,1.4108059406280518,92.50758361816406,3,1
Pressing,mesuré,570,559,2138614433,50.337284088134766,-26.001325607299805,451.21832275390625,20.309831619262695,456,78.0701754385965,23,2.1105551719665527,92.97682189941406,2,2
Pressing,intense,570,559,2138614433,50.21845245361328,-27.492647171020508,617.2963256835938,20.90871810913086,430,84.65116279069767,22,1.4458935260772705,93.01806640625,2,0
Pressing,mesuré,388,393,1490379973,49.329490661621094,-27.61750030517578,978.9080200195312,19.604557037353516,465,80.86021505376344,7,0.2880360186100006,91.51463317871094,1,2
Pressing,intense,388,393,1490379973,49.434120178222656,-29.21261978149414,1018.9982299804688,20.47428321838379,465,81.50537634408602,6,0.3501075208187103,91.72086334228516,2,0
Pressing,mesuré,1382,4411,683759645,49.717315673828125,-28.097719192504883,929.4201049804688,19.711320877075195,609,86.04269293924466,10,0.6029624938964844,90.86213684082031,1,1
Pressing,intense,1382,4411,683759645,49.44376754760742,-28.465103149414062,1275.335693359375,20.091684341430664,491,83.70672097759675,12,0.7795157432556152,91.01335906982422,1,1
Pressing,mesuré,83,86,385065937,49.55343246459961,-26.849103927612305,825.7454223632812,21.108184814453125,430,83.48837209302326,15,1.4138073921203613,91.65643310546875,2,3
Pressing,intense,83,86,385065937,49.84209060668945,-27.769899368286133,847.3401489257812,20.70913314819336,459,83.87799564270152,13,0.6426052451133728,92.42147064208984,2,3
Pressing,mesuré,170,2502,1366447162,49.48524856567383,-26.662721633911133,684.2799682617188,21.007043838500977,422,80.33175355450237,16,1.7211819887161255,92.1056137084961,3,1
Pressing,intense,170,2502,1366447162,49.689632415771484,-25.942401885986328,683.3801879882812,20.270057678222656,476,81.9327731092437,18,1.0264396667480469,92.4417724609375,2,3
Pressing,mesuré,99,96,1220134124,49.785743713378906,-28.404916763305664,819.5469360351562,20.390548706054688,570,85.43859649122807,11,0.6385946273803711,91.1166000366211,1,0
Pressing,intense,99,96,1220134124,49.958595275878906,-28.969589233398438,1071.4854736328125,19.947500228881836,442,82.8054298642534,13,0.8200321197509766,92.05345916748047,3,1
Pressing,mesuré,97,85,1335149631,49.872535705566406,-25.973615646362305,516.7208862304688,20.257936477661133,496,83.66935483870968,12,0.7391415238380432,92.24260711669922,1,3
Pressing,intense,97,85,1335149631,49.263999938964844,-26.908605575561523,854.4384155273438,20.654443740844727,406,83.00492610837438,16,1.2175891399383545,92.18928527832031,3,4
Pressing,mesuré,21607,2994,1257437083,49.539588928222656,-28.25655174255371,1277.53515625,20.860492706298828,500,84.2,11,0.6639422178268433,90.45733642578125,0,1
Pressing,intense,21607,2994,1257437083,48.74946212768555,-28.41958236694336,1422.099853515625,20.725614547729492,410,80.97560975609755,14,1.2671955823898315,91.39254760742188,4,0
Pressing,mesuré,153,152,750203086,49.830894470214844,-27.798809051513672,727.9692993164062,19.816743850708008,410,83.41463414634147,29,1.8132621049880981,92.320068359375,3,0
Pressing,intense,153,152,750203086,49.829856872558594,-25.331254959106445,591.4026489257812,19.977357864379883,470,86.17021276595744,45,3.640728235244751,92.5278091430664,6,0
Pressing,mesuré,147,140,2134306667,49.94724655151367,-28.78227424621582,913.5239868164062,20.607295989990234,470,84.68085106382979,24,1.5468367338180542,91.53368377685547,6,0
Pressing,intense,147,140,2134306667,49.88082504272461,-27.342098236083984,837.2426147460938,18.430015563964844,530,87.9245283018868,21,1.4471389055252075,92.00374603271484,4,0
Pressing,mesuré,254,256,764807854,48.90400695800781,-29.064180374145508,1011.9999389648438,20.587013244628906,450,79.55555555555556,3,0.3092406988143921,91.1984634399414,0,0
Pressing,intense,254,256,764807854,48.90507507324219,-27.107276916503906,1008.5007934570312,20.054237365722656,520,80.76923076923077,4,0.15517151355743408,90.96131896972656,0,1
Pressing,mesuré,789,7914,670436716,49.61042785644531,-28.489948272705078,826.6452026367188,19.501981735229492,474,84.81012658227849,21,1.6604468822479248,90.2332992553711,0,2
Pressing,intense,789,7914,670436716,49.526466369628906,-26.89555549621582,829.5444946289062,19.22417449951172,437,84.21052631578948,35,2.584495782852173,92.24117279052734,6,0
Pressing,mesuré,132334,995,1013966036,49.14045715332031,-26.900468826293945,758.6618041992188,20.656448364257812,446,79.37219730941705,5,0.10377447307109833,91.64784240722656,0,3
Pressing,intense,132334,995,1013966036,47.87356185913086,-29.075408935546875,984.5066528320312,20.847270965576172,503,81.51093439363817,7,0.6528967618942261,92.08442687988281,1,3
Pressing,mesuré,131,10388,1718824160,50.18609619140625,-27.067581176757812,454.6185302734375,21.52549934387207,448,82.36607142857143,21,1.493523120880127,92.80547332763672,1,0
Pressing,intense,131,10388,1718824160,49.80158615112305,-26.47369384765625,626.2941284179688,20.650468826293945,480,81.04166666666667,27,2.461080312728882,92.11976623535156,3,0
Pressing,mesuré,104,115,1709944646,50.201148986816406,-25.287723541259766,477.7199401855469,19.805288314819336,463,80.34557235421167,29,2.076362133026123,92.69385528564453,3,0
Pressing,intense,104,115,1709944646,50.105289459228516,-26.69683074951172,738.6666870117188,21.03165626525879,403,76.67493796526054,23,1.6491470336914062,93.25462341308594,1,1
Pressing,mesuré,2250,1929,726787874,49.76240539550781,-26.143760681152344,530.9174194335938,19.672677993774414,336,82.44047619047619,37,2.4341704845428467,93.50302124023438,9,1
Pressing,intense,2250,1929,726787874,49.423091888427734,-26.10527801513672,843.5410766601562,20.10076141357422,403,85.60794044665012,46,3.4616124629974365,92.10997009277344,4,1
Pressing,mesuré,105,239,94993703,49.916290283203125,-28.920061111450195,483.1202697753906,18.710176467895508,647,87.63523956723338,9,0.5379732847213745,92.16688537597656,3,1
Pressing,intense,105,239,94993703,49.740169525146484,-30.784976959228516,845.4406127929688,19.647720336914062,506,84.38735177865613,19,0.9654005169868469,91.85459899902344,3,1
Pressing,mesuré,156,3735,1849727770,49.778133392333984,-27.762493133544922,827.2450561523438,20.46364402770996,483,82.40165631469979,7,0.6920437216758728,91.1651382446289,0,1
Pressing,intense,156,3735,1849727770,49.51641082763672,-27.87032699584961,896.0282592773438,21.1912841796875,458,81.6593886462882,4,0.13637694716453552,92.18587493896484,0,1
Pressing,mesuré,268,7911,1384120890,49.81730651855469,-25.912431716918945,620.5955200195312,20.500337600708008,532,81.39097744360902,7,0.7726297974586487,92.14550018310547,1,1
Pressing,intense,268,7911,1384120890,49.32176208496094,-28.577987670898438,1135.169921875,21.322952270507812,434,80.64516129032258,4,0.16332438588142395,92.05781555175781,0,0
Pressing,mesuré,4057,110,1142969686,48.756439208984375,-29.93655776977539,999.9028930664062,19.883670806884766,446,82.73542600896862,6,0.38023895025253296,91.7992935180664,0,2
Pressing,intense,4057,110,1142969686,49.013954162597656,-28.981250762939453,1261.4390869140625,20.35363006591797,412,82.28155339805825,7,0.6051596999168396,91.73204040527344,1,2
Pressing,mesuré,3307,3841,1888802919,48.838321685791016,-29.076738357543945,1258.539794921875,20.694704055786133,421,77.90973871733966,2,0.24638833105564117,91.01708984375,1,1
Pressing,intense,3307,3841,1888802919,49.25074768066406,-29.478086471557617,1218.949462890625,19.79037857055664,423,79.90543735224587,7,0.5436021089553833,90.06556701660156,0,1
Pressing,mesuré,127,125,1471360990,49.3260498046875,-27.86328887939453,970.5100708007812,20.596878051757812,395,79.49367088607595,10,0.38704076409339905,91.64615631103516,0,1
Pressing,intense,127,125,1471360990,49.29290771484375,-27.178083419799805,949.1152954101562,20.48253631591797,419,81.38424821002387,8,0.35882994532585144,91.8746337890625,0,2
Pressing,mesuré,996,9078,2102824771,49.17844772338867,-28.700904846191406,805.9502563476562,20.74056053161621,431,79.11832946635731,13,0.8577877283096313,92.11557006835938,1,1
Pressing,intense,996,9078,2102824771,48.844722747802734,-28.88071632385254,1167.9619140625,21.027162551879883,424,79.00943396226415,24,3.1357853412628174,91.44108581542969,2,1
Pressing,mesuré,127,3841,334167837,49.81269073486328,-28.483835220336914,828.2448120117188,19.487632751464844,576,84.375,11,0.9188125133514404,91.42289733886719,3,0
Pressing,intense,127,3841,334167837,49.42830276489258,-28.562747955322266,971.2098999023438,19.610044479370117,524,82.06106870229007,11,0.7689914107322693,91.32228088378906,1,1
Pressing,mesuré,359,367,1036349728,50.10489273071289,-27.883859634399414,534.6165161132812,20.61088752746582,508,82.08661417322834,10,0.47685086727142334,92.55671691894531,3,3
Pressing,intense,359,367,1036349728,50.02758026123047,-26.4803524017334,582.8047485351562,21.10000991821289,505,83.76237623762377,23,1.688023328781128,92.57490539550781,2,2
Pressing,mesuré,996,997,948048695,48.71281814575195,-30.034591674804688,1071.785400390625,20.744754791259766,379,81.2664907651715,5,0.3215062618255615,91.40655517578125,1,5
Pressing,intense,996,997,948048695,48.60820007324219,-29.343647003173828,1093.6800537109375,21.10887336730957,386,73.57512953367876,9,1.2634660005569458,92.0030746459961,2,7
Pressing,mesuré,9078,1895,506792090,49.14341354370117,-28.644338607788086,950.4149780273438,20.28127670288086,523,81.07074569789675,5,0.5777654647827148,91.17073059082031,1,1
Pressing,intense,9078,1895,506792090,49.10122299194336,-29.37668800354004,1060.0882568359375,19.968467712402344,527,79.12713472485768,5,0.7107134461402893,91.31893920898438,0,3
Pressing,mesuré,7868,6997,603445893,49.127132415771484,-28.471744537353516,682.4804077148438,21.107423782348633,516,81.3953488372093,6,0.29621872305870056,92.25932312011719,0,0
Pressing,intense,7868,6997,603445893,49.340816497802734,-28.781240463256836,731.1685180664062,20.598207473754883,462,83.33333333333333,10,0.571258544921875,92.92093658447266,2,3
Pressing,mesuré,13294,2790,211620115,49.37314987182617,-29.9422550201416,1073.0850830078125,19.25979995727539,508,84.84251968503936,3,0.9422281384468079,91.05696868896484,2,2
Pressing,intense,13294,2790,211620115,48.930789947509766,-29.126150131225586,1298.929931640625,20.064754486083984,574,84.3205574912892,3,0.11950837075710297,90.78205108642578,0,2
Pressing,mesuré,432,20070,1780414719,49.89859390258789,-27.391910552978516,651.3880004882812,18.04355239868164,504,86.11111111111111,26,2.02925705909729,92.19025421142578,1,2
Pressing,intense,432,20070,1780414719,49.957496643066406,-27.412662506103516,739.8663940429688,18.58884620666504,535,86.91588785046729,34,2.090019464492798,92.13318634033203,3,0
Pressing,mesuré,2726,145,937223518,49.28856658935547,-28.166683197021484,972.1096801757812,20.565593719482422,446,77.3542600896861,8,0.503921389579773,91.2041015625,1,1
Pressing,intense,2726,145,937223518,48.88328170776367,-27.9394588470459,1592.058349609375,20.612707138061523,414,76.32850241545894,12,1.4899306297302246,90.80680084228516,0,1
Pressing,mesuré,6907,13294,776916771,49.76835250854492,-27.549650192260742,905.4259643554688,19.18559455871582,617,85.25121555915722,6,0.25243085622787476,91.01689910888672,0,0
Pressing,intense,6907,13294,776916771,49.669334411621094,-27.069316864013672,1091.8804931640625,19.311119079589844,599,84.47412353923205,15,1.2775413990020752,90.71305847167969,0,0
Pressing,mesuré,21846,4411,883719064,49.45484924316406,-28.39578628540039,901.1270141601562,19.067747116088867,464,82.75862068965517,10,0.5719308257102966,92.03888702392578,0,1
Pressing,intense,21846,4411,883719064,49.12956619262695,-28.571617126464844,1220.2491455078125,19.13056182861328,516,80.42635658914729,5,0.5696850419044495,90.7275619506836,1,0
Pressing,mesuré,331,382,1763330361,49.03643798828125,-30.165103912353516,856.3379516601562,20.600482940673828,444,81.75675675675676,2,0.1585032045841217,91.85136413574219,0,2
Pressing,intense,331,382,1763330361,49.17192840576172,-27.562448501586914,879.9321899414062,21.150476455688477,476,83.40336134453781,14,1.045348048210144,91.81656646728516,1,4
Pressing,mesuré,7911,131,1097703492,49.234535217285156,-28.009204864501953,760.6613159179688,20.485687255859375,459,82.78867102396514,7,0.4244459271430969,91.8482666015625,0,1
Pressing,intense,7911,131,1097703492,49.28581237792969,-28.579872131347656,798.4520874023438,20.699472427368164,490,84.08163265306122,10,0.4993217885494232,92.21253204345703,1,1
Pressing,mesuré,266,258,20376260,49.54376983642578,-28.728343963623047,763.4606323242188,20.68453598022461,462,79.65367965367966,5,0.563262403011322,92.11470031738281,1,2
Pressing,intense,266,258,20376260,48.62375259399414,-29.78736114501953,1010.2003784179688,21.48417854309082,411,78.34549878345499,8,0.4629426598548889,91.70170593261719,1,1
Pressing,mesuré,104,111,1400887770,49.89979934692383,-27.359643936157227,693.2777709960938,20.576356887817383,470,85.74468085106383,18,1.7743754386901855,92.24903869628906,4,0
Pressing,intense,104,111,1400887770,49.63945007324219,-26.77804946899414,893.8287963867188,21.051538467407227,496,80.24193548387096,11,0.8152351379394531,91.61087036132812,2,1
Pressing,mesuré,83,87,567345045,49.68359375,-27.714954376220703,739.3665161132812,19.980701446533203,425,84.94117647058823,27,1.2759257555007935,92.31755828857422,3,0
Pressing,intense,83,87,567345045,49.77268981933594,-27.25389289855957,729.5689086914062,19.10361671447754,456,86.1842105263158,43,4.061854839324951,92.29072570800781,5,0
Pressing,mesuré,132,3841,490794889,49.80244445800781,-27.35820960998535,593.4021606445312,19.300100326538086,573,84.81675392670157,18,1.5110458135604858,91.69990539550781,1,0
Pressing,intense,132,3841,490794889,49.8953742980957,-25.081546783447266,556.3112182617188,19.185405731201172,538,84.94423791821562,15,2.332317352294922,92.70637512207031,3,1
Pressing,mesuré,21607,3472,380953897,49.27132797241211,-29.17613410949707,921.7219848632812,19.32058334350586,611,84.94271685761048,8,1.297906517982483,91.05998229980469,1,2
Pressing,intense,21607,3472,380953897,49.022972106933594,-29.196365356445312,1104.6773681640625,20.05931854248047,544,84.55882352941177,10,0.4041959047317505,90.99115753173828,2,1
Pressing,mesuré,3611,3610,1575844887,49.988059997558594,-28.290056228637695,745.4650268554688,19.310832977294922,488,86.27049180327869,22,1.3867008686065674,92.07450103759766,2,1
Pressing,intense,3611,3610,1575844887,50.10703659057617,-26.923770904541016,767.2597045898438,18.792200088500977,497,86.9215291750503,25,2.33638072013855,92.3463363647461,3,2
Pressing,mesuré,357,364,2013425278,48.744834899902344,-29.507387161254883,983.7068481445312,19.543176651000977,475,83.57894736842105,5,0.4830474853515625,91.771728515625,1,3
Pressing,intense,357,364,2013425278,48.993526458740234,-29.26972770690918,1100.7783203125,20.085458755493164,490,81.22448979591837,9,0.5791733264923096,91.5274429321289,1,1
Pressing,mesuré,3735,140,13374071,49.35433578491211,-29.090503692626953,1084.8822021484375,19.67331886291504,468,86.53846153846153,7,0.43027305603027344,91.2031478881836,0,0
Pressing,intense,3735,140,13374071,49.13935089111328,-29.09046745300293,979.5078735351562,19.135175704956055,420,81.9047619047619,6,0.42862173914909363,92.16645050048828,2,1
Pressing,mesuré,388,366,352111753,49.52340316772461,-27.258922576904297,937.2182006835938,20.264562606811523,510,81.76470588235294,10,0.5119136571884155,91.0899429321289,0,0
Pressing,intense,388,366,352111753,48.67999267578125,-27.216535568237305,1185.8575439453125,21.13201332092285,392,78.31632653061224,16,1.3459798097610474,91.63761901855469,0,1
Pressing,mesuré,175,6851,1049265140,49.61082077026367,-27.37291717529297,662.0853881835938,20.09896469116211,535,83.73831775700934,13,0.5300783514976501,91.69361114501953,2,2
Pressing,intense,175,6851,1049265140,49.59762954711914,-27.070629119873047,783.9556274414062,20.373689651489258,540,83.14814814814815,15,0.7883002161979675,91.70392608642578,2,2
Pressing,mesuré,3263,4007,186245157,48.70757293701172,-29.381755828857422,1023.2971801757812,21.34600830078125,407,75.18427518427518,10,0.5592596530914307,91.30607604980469,2,0
Pressing,intense,3263,4007,186245157,48.712772369384766,-27.933979034423828,1146.967041015625,21.337430953979492,416,78.84615384615384,20,1.6459580659866333,91.5062255859375,2,0
Pressing,mesuré,3616,441,1120418230,49.58763885498047,-28.466419219970703,1061.587890625,19.55801773071289,574,82.75261324041811,8,0.608863115310669,90.42935943603516,1,0
Pressing,intense,3616,441,1120418230,49.47920608520508,-27.757375717163086,1051.990234375,19.614561080932617,570,83.15789473684211,6,0.48781728744506836,90.95558166503906,0,0
Pressing,mesuré,349,337,85596666,49.6574821472168,-27.14003562927246,822.7461547851562,20.371347427368164,347,81.55619596541787,11,0.5010778903961182,92.28141021728516,0,2
Pressing,intense,349,337,85596666,49.690189361572266,-27.164274215698242,855.6381225585938,20.468278884887695,431,80.74245939675174,19,1.4106849431991577,92.21959686279297,4,3
Pressing,mesuré,366,368,1769244548,49.969329833984375,-25.268213272094727,483.22027587890625,21.060222625732422,436,82.79816513761467,18,1.729088544845581,92.44992065429688,1,3
Pressing,intense,366,368,1769244548,49.63847351074219,-25.100324630737305,886.5305786132812,20.920486450195312,422,81.27962085308057,25,2.504326820373535,91.52483367919922,1,4
Pressing,mesuré,393,357,1313602615,49.037940979003906,-27.577238082885742,819.7468872070312,20.780986785888672,443,78.3295711060948,21,1.924551248550415,91.82572937011719,2,3
Pressing,intense,393,357,1313602615,48.883583068847656,-27.65207290649414,1118.0740966796875,21.78951072692871,499,79.95991983967936,15,1.8037998676300049,90.96292114257812,3,2
Pressing,mesuré,370,388,1463368591,50.09929275512695,-26.685129165649414,634.0922241210938,20.419536590576172,466,83.69098712446352,20,1.4586381912231445,92.23793029785156,3,2
Pressing,intense,370,388,1463368591,49.27655029296875,-26.930692672729492,1057.788818359375,20.663551330566406,428,79.67289719626169,13,0.79375821352005,91.57093048095703,0,1
Pressing,mesuré,1538,99,767019185,49.499881744384766,-28.028945922851562,788.9544067382812,19.92721176147461,461,81.12798264642082,4,0.58935546875,92.07825469970703,1,2
Pressing,intense,1538,99,767019185,49.66997146606445,-28.181249618530273,1001.5025024414062,20.11292839050293,484,82.02479338842976,14,0.733816385269165,91.46186065673828,0,0
Pressing,mesuré,170,6997,871005224,49.901676177978516,-26.419666290283203,610.0980834960938,19.886333465576172,441,82.53968253968254,22,1.4140981435775757,92.31998443603516,2,0
Pressing,intense,170,6997,871005224,49.725982666015625,-24.17789649963379,680.3809204101562,19.929935455322266,450,81.33333333333333,29,2.1380910873413086,90.87590026855469,1,2
Pressing,mesuré,152,140,1014651230,49.42746353149414,-29.1829891204834,1092.2803955078125,19.145177841186523,606,85.8085808580858,5,0.18557772040367126,90.63987731933594,1,0
Pressing,intense,152,140,1014651230,49.326446533203125,-29.16586685180664,1216.2501220703125,19.381906509399414,596,85.06711409395973,5,0.22552871704101562,90.81090545654297,1,1
Pressing,mesuré,172,2697,1250740141,49.91364669799805,-29.0520076751709,833.2435913085938,19.208688735961914,584,88.01369863013699,9,0.8519154787063599,91.31578826904297,0,0
Pressing,intense,172,2697,1250740141,49.31483459472656,-28.227907180786133,1056.0892333984375,20.30327606201172,445,80.89887640449439,15,1.5527616739273071,91.53431701660156,1,0
Pressing,mesuré,142,147,2024776132,49.07143783569336,-29.6081485748291,1068.186279296875,21.1073055267334,363,80.16528925619835,18,2.218043804168701,91.99039459228516,6,3
Pressing,intense,142,147,2024776132,49.04606628417969,-28.31553840637207,1311.52685546875,20.63067626953125,448,83.48214285714286,17,0.8559249043464661,90.975830078125,3,1
Pressing,mesuré,559,3616,1464793213,49.75580596923828,-27.240663528442383,747.6644897460938,20.043428421020508,473,82.8752642706131,24,1.4484199285507202,91.5677490234375,0,1
Pressing,intense,559,3616,1464793213,50.034122467041016,-26.88089370727539,654.4872436523438,19.051166534423828,508,85.62992125984252,27,2.0141279697418213,92.03580474853516,1,0
Pressing,mesuré,306,361,674103857,49.0368537902832,-28.465381622314453,1089.98095703125,21.981382369995117,388,77.83505154639175,12,1.1824241876602173,91.3366470336914,2,2
Pressing,intense,306,361,674103857,48.83819580078125,-28.63460922241211,1286.932861328125,21.612775802612305,376,75.79787234042553,15,1.0024157762527466,91.59772491455078,2,0
Pressing,mesuré,3822,21581,455992310,49.6490478515625,-27.992172241210938,790.6539916992188,19.337400436401367,624,87.5,10,0.806333065032959,89.09500122070312,1,2
Pressing,intense,3822,21581,455992310,49.15718460083008,-28.003271102905273,1131.2708740234375,19.59217071533203,524,84.92366412213741,13,1.3917896747589111,89.10281372070312,1,2
Pressing,mesuré,3706,156,411967342,49.8530387878418,-27.731740951538086,701.4757690429688,19.35573387145996,545,85.5045871559633,24,1.403253197669983,91.73390197753906,2,0
Pressing,intense,3706,156,411967342,49.765174865722656,-26.026103973388672,534.6165161132812,19.492252349853516,597,84.08710217755444,30,2.1084372997283936,91.97175598144531,4,1
Pressing,mesuré,363,373,1100352984,50.094058990478516,-26.744468688964844,604.0995483398438,20.694923400878906,416,80.04807692307692,19,1.102372646331787,92.87205505371094,6,0
Pressing,intense,363,373,1100352984,49.971221923828125,-24.685327529907227,596.4014282226562,20.363943099975586,371,80.59299191374663,26,1.9224351644515991,93.4793930053711,6,1
Pressing,mesuré,2925,17530,1241640015,49.66290283203125,-27.857736587524414,786.3550415039062,20.05766487121582,584,83.56164383561644,8,0.38552558422088623,91.18464660644531,2,2
Pressing,intense,2925,17530,1241640015,49.13682556152344,-28.803930282592773,1060.6881103515625,20.188676834106445,549,81.05646630236794,12,1.2132015228271484,90.59797668457031,1,1
Pressing,mesuré,436,995,330066000,50.09715270996094,-24.845706939697266,436.1174011230469,20.913646697998047,421,77.90973871733966,25,1.6938025951385498,93.24148559570312,3,0
Pressing,intense,436,995,330066000,49.873165130615234,-26.91542625427246,636.1917114257812,20.983577728271484,413,77.4818401937046,27,2.3671624660491943,93.23120880126953,3,1
Pressing,mesuré,368,388,950415411,50.07609939575195,-25.743999481201172,427.7168884277344,20.79477310180664,496,84.0725806451613,19,1.9485663175582886,92.35979461669922,1,2
Pressing,intense,368,388,950415411,49.551612854003906,-26.640464782714844,654.4872436523438,20.578208923339844,499,82.36472945891784,25,2.218141794204712,92.0827407836914,2,3
Pressing,mesuré,145,147,1914605551,48.69929122924805,-29.218721389770508,1106.376953125,20.92017936706543,384,79.94791666666667,6,0.43835094571113586,91.63936614990234,0,3
Pressing,intense,145,147,1914605551,48.993896484375,-29.485078811645508,1085.98193359375,21.21108055114746,496,78.4274193548387,11,1.3602203130722046,91.11309814453125,1,0
Pressing,mesuré,176,174,1842724251,49.90585708618164,-26.91355323791504,591.8025512695312,21.24311065673828,426,81.69014084507042,18,1.2995113134384155,92.15287017822266,0,2
Pressing,intense,176,174,1842724251,49.3946647644043,-26.818668365478516,833.9434204101562,21.020856857299805,460,78.69565217391305,17,1.5257920026779175,91.40865325927734,2,1
Pressing,mesuré,239,4007,625984714,48.996788024902344,-28.965404510498047,872.7339477539062,21.08196258544922,410,78.04878048780488,19,2.1336581707000732,91.50723266601562,2,1
Pressing,intense,239,4007,625984714,48.880836486816406,-28.08293914794922,1117.17431640625,21.106597900390625,362,76.79558011049724,17,2.8755743503570557,91.64179229736328,3,2
Pressing,mesuré,258,264,1637070181,50.046817779541016,-28.22109603881836,503.3215026855469,20.76361656188965,446,79.5964125560538,20,2.520418643951416,92.86380767822266,2,2
Pressing,intense,258,264,1637070181,49.63530731201172,-28.162662506103516,732.0682983398438,20.727766036987305,453,81.67770419426049,16,0.6458457112312317,92.56221008300781,2,1
Pressing,mesuré,4405,13294,1060016884,49.039581298828125,-29.33547592163086,1069.385986328125,19.156457901000977,566,83.92226148409894,3,0.25821611285209656,90.4931411743164,0,3
Pressing,intense,4405,13294,1060016884,49.488643646240234,-27.680984497070312,1092.980224609375,18.933238983154297,642,85.82554517133957,4,0.21644145250320435,90.43781280517578,0,1
Pressing,mesuré,134,2950,57829408,49.16484451293945,-27.75421905517578,910.1248168945312,20.709705352783203,402,80.34825870646766,14,1.0882536172866821,91.73796081542969,0,1
Pressing,intense,134,2950,57829408,49.299720764160156,-28.606319427490234,1158.3642578125,19.911828994750977,394,77.15736040609137,11,1.3706207275390625,92.13092803955078,2,1
Pressing,mesuré,373,384,506153595,49.301856994628906,-28.75582504272461,1038.8934326171875,19.810588836669922,511,84.34442270058709,5,0.3558872640132904,91.25181579589844,0,3
Pressing,intense,373,384,506153595,49.58856964111328,-29.347623825073242,879.6322631835938,19.78235626220703,604,85.9271523178808,8,0.5365174412727356,91.51277160644531,0,1
Pressing,mesuré,90,1538,1336815701,49.559207916259766,-27.06623077392578,801.1514282226562,20.710535049438477,413,79.17675544794189,28,2.381713390350342,91.89111328125,3,0
Pressing,intense,90,1538,1336815701,49.08317184448242,-28.50483512878418,1329.5224609375,21.557584762573242,373,82.30563002680965,26,1.5473954677581787,91.32503509521484,3,0
Pressing,mesuré,7640,11551,580634010,49.960113525390625,-27.8220157623291,832.0438842773438,18.7723331451416,580,88.27586206896552,12,0.7494400143623352,91.52142333984375,1,1
Pressing,intense,7640,11551,580634010,49.864707946777344,-27.386892318725586,953.9141235351562,19.23253059387207,468,83.11965811965813,15,2.471139907836914,92.18843078613281,4,1
Pressing,mesuré,172,174,810178100,49.82815170288086,-25.463552474975586,546.7135620117188,20.176982879638672,469,84.00852878464819,11,0.8529525399208069,90.1325454711914,0,1
Pressing,intense,172,174,810178100,49.56787872314453,-26.27694320678711,844.8407592773438,20.887853622436523,436,78.89908256880734,18,1.6795426607131958,91.8901138305664,3,4
Pressing,mesuré,4691,22269,1189255965,49.49668884277344,-27.50366973876953,747.3645629882812,20.890470504760742,418,77.7511961722488,12,1.210918664932251,91.9764633178711,2,1
Pressing,intense,4691,22269,1189255965,49.36227798461914,-26.673540115356445,843.1411743164062,20.918853759765625,485,77.73195876288659,17,0.6433489918708801,91.2489013671875,2,0
Pressing,mesuré,99,2922,1358150438,49.44186019897461,-28.890445709228516,1089.8809814453125,19.286327362060547,503,85.08946322067594,6,0.35124117136001587,91.0730972290039,2,2
Pressing,intense,99,2922,1358150438,49.40353012084961,-27.696956634521484,1222.548583984375,19.769819259643555,483,85.71428571428571,11,0.5524305105209351,91.25926208496094,0,1
Pressing,mesuré,111,113,884255354,49.31562805175781,-27.429454803466797,762.5608520507812,21.58167839050293,380,77.89473684210526,34,2.877479314804077,92.62548065185547,3,1
Pressing,intense,111,113,884255354,49.30340576171875,-25.053735733032227,774.3579711914062,21.91803741455078,411,79.07542579075425,36,3.149564504623413,92.54505157470703,7,0
Pressing,mesuré,133,268,612132171,49.719940185546875,-28.93651008605957,606.2990112304688,20.642786026000977,465,82.15053763440861,8,0.6263907551765442,92.34454345703125,2,1
Pressing,intense,133,268,612132171,49.687538146972656,-27.17253303527832,722.8705444335938,20.695880889892578,418,80.38277511961722,13,1.1247763633728027,92.70619201660156,2,2
Pressing,mesuré,267,263,322750925,49.51826858520508,-28.607248306274414,1033.2947998046875,20.004154205322266,448,81.25,7,0.5046542882919312,91.36923217773438,1,0
Pressing,intense,267,263,322750925,48.84304428100586,-29.030309677124023,1571.0634765625,20.61211585998535,419,79.71360381861575,5,0.3759072422981262,90.54840087890625,0,0
Pressing,mesuré,22269,5786,2139222572,49.32017135620117,-29.010652542114258,786.7549438476562,19.574077606201172,569,82.42530755711775,9,0.5305389165878296,91.52375793457031,1,1
Pressing,intense,22269,5786,2139222572,49.45503234863281,-28.254619598388672,929.9199829101562,19.492691040039062,604,84.27152317880795,10,1.3673958778381348,91.388671875,2,1
Pressing,mesuré,170,174,466818611,49.52750015258789,-26.102540969848633,567.3085327148438,20.6555118560791,521,81.95777351247601,10,0.7259177565574646,91.6820297241211,1,2
Pressing,intense,170,174,466818611,49.550079345703125,-28.110942840576172,827.8449096679688,20.130582809448242,416,78.84615384615384,9,0.6692560911178589,92.50486755371094,3,2
Pressing,mesuré,384,367,2006222649,49.468040466308594,-27.92095184326172,673.9824829101562,20.96858787536621,444,81.53153153153153,10,0.6645911931991577,92.1878662109375,2,1
Pressing,intense,384,367,2006222649,49.62055587768555,-27.791030883789062,810.0492553710938,20.775156021118164,499,81.56312625250501,18,1.2412192821502686,92.09021759033203,2,0
Pressing,mesuré,85,1538,1581366703,49.30586242675781,-28.347070693969727,764.2604370117188,20.91944122314453,399,77.69423558897243,14,0.8161377906799316,92.282470703125,2,0
Pressing,intense,85,1538,1581366703,49.436824798583984,-25.704072952270508,753.2631225585938,19.972944259643555,459,82.13507625272331,30,2.246122360229492,92.34320068359375,1,2
Pressing,mesuré,89,93,1024494580,49.439178466796875,-27.943445205688477,724.7700805664062,21.47654151916504,407,83.29238329238329,8,0.31956371665000916,90.43378448486328,0,3
Pressing,intense,89,93,1024494580,48.86418914794922,-27.03373908996582,887.3303833007812,20.482316970825195,436,80.04587155963303,4,0.30886340141296387,91.84480285644531,1,3
Pressing,mesuré,3611,7879,1465685371,49.357330322265625,-28.11258316040039,666.3843383789062,21.48625946044922,445,81.79775280898876,18,1.8176305294036865,92.21704864501953,2,2
Pressing,intense,3611,7879,1465685371,49.8075065612793,-26.230594635009766,712.5730590820312,20.5980224609375,448,82.8125,23,1.4724079370498657,92.22865295410156,1,2
Pressing,mesuré,1382,2790,1615964618,49.641719818115234,-29.04582405090332,1100.178466796875,19.494125366210938,535,86.16822429906541,9,0.689094066619873,90.68986511230469,3,1
Pressing,intense,1382,2790,1615964618,49.50859832763672,-28.68150520324707,1211.2513427734375,19.768299102783203,490,81.63265306122449,10,1.3249123096466064,91.05841064453125,1,1
Pressing,mesuré,85,244,1139745998,48.441890716552734,-29.933195114135742,1020.7977905273438,21.589431762695312,368,77.44565217391305,15,0.9219972491264343,91.67936706542969,2,2
Pressing,intense,85,244,1139745998,48.834041595458984,-28.951873779296875,1139.96875,20.591209411621094,462,81.38528138528139,18,1.5944703817367554,91.34054565429688,1,0
Pressing,mesuré,263,250,2087460833,50.21063995361328,-25.85511589050293,447.4180908203125,20.87894058227539,557,78.45601436265709,7,0.4641130566596985,92.23573303222656,1,0
Pressing,intense,263,250,2087460833,49.86701202392578,-27.266826629638672,679.5811157226562,21.342273712158203,524,78.05343511450381,13,1.0398932695388794,91.87663269042969,1,0
Pressing,mesuré,3472,3696,336812851,49.32820510864258,-28.659643173217773,878.2326049804688,18.39902114868164,588,85.54421768707483,1,0.030057935044169426,90.73455047607422,0,1
Pressing,intense,3472,3696,336812851,49.21648025512695,-29.118061065673828,1085.6820068359375,18.80565071105957,541,84.65804066543438,12,0.6058484315872192,91.33566284179688,1,1
Pressing,mesuré,13294,21540,487868817,49.70186233520508,-28.64240264892578,882.0316772460938,19.567434310913086,623,84.91171749598716,10,0.7377161383628845,90.92343139648438,2,1
Pressing,intense,13294,21540,487868817,48.98055648803711,-27.609617233276367,1149.766357421875,19.611234664916992,496,79.63709677419355,14,0.5238537192344666,91.45405578613281,0,1
Pressing,mesuré,570,936,308785032,49.828887939453125,-28.55999755859375,740.4662475585938,18.427019119262695,517,85.49323017408123,18,1.3859175443649292,91.91914367675781,2,0
Pressing,intense,570,936,308785032,49.809783935546875,-27.8710994720459,691.8781127929688,18.07342529296875,581,87.26333907056798,23,2.832285165786743,91.8742446899414,2,0
Pressing,mesuré,243,94,1913070780,49.40052032470703,-29.527223587036133,1052.4901123046875,19.643211364746094,494,84.41295546558705,8,0.4797026813030243,91.10702514648438,1,1
Pressing,intense,243,94,1913070780,49.02876281738281,-27.643184661865234,1006.2013549804688,19.709224700927734,471,80.46709129511677,12,0.9292660355567932,91.98526763916016,1,2
Pressing,mesuré,382,357,1412098517,49.597408294677734,-28.434404373168945,695.3772583007812,20.56107521057129,455,80,26,2.505565643310547,92.10350799560547,5,2
Pressing,intense,382,357,1412098517,49.070255279541016,-27.692495346069336,913.6239624023438,21.546369552612305,391,78.00511508951406,18,1.0108352899551392,90.59353637695312,1,2
Pressing,mesuré,21581,437,2133107748,49.278385162353516,-27.134061813354492,835.3430786132812,20.335674285888672,385,82.33766233766234,7,0.47218582034111023,91.9119644165039,0,1
Pressing,intense,21581,437,2133107748,49.058658599853516,-26.96084213256836,1045.591796875,20.17723846435547,430,82.09302325581395,5,0.4511234164237976,91.55012512207031,0,3
Pressing,mesuré,257,262,1110783560,49.749420166015625,-27.77535057067871,742.6657104492188,19.589458465576172,568,84.50704225352112,20,1.428682565689087,91.37991333007812,2,0
Pressing,intense,257,262,1110783560,49.63132858276367,-28.482606887817383,990.8051147460938,19.16042137145996,485,80,12,0.9189214110374451,91.8585433959961,1,0
Pressing,mesuré,3759,6907,1682151650,49.826011657714844,-26.575702667236328,731.5684204101562,19.99736976623535,472,82.83898305084746,3,0.23390799760818481,91.77940368652344,0,3
Pressing,intense,3759,6907,1682151650,49.195472717285156,-28.12109375,972.8095092773438,20.558889389038086,493,79.5131845841785,4,0.3489685654640198,91.02217102050781,1,1
Pressing,mesuré,21607,5309,302470383,49.57033920288086,-28.002790451049805,974.3091430664062,20.135290145874023,523,79.73231357552581,10,0.9953399896621704,91.01373291015625,3,0
Pressing,intense,21607,5309,302470383,49.45450210571289,-27.687646865844727,1025.5966796875,19.50129508972168,504,85.51587301587301,9,1.5996477603912354,91.5995864868164,3,1
Pressing,mesuré,2572,112,1664014101,49.62400436401367,-27.20579719543457,647.6889038085938,20.339263916015625,444,80.85585585585585,17,1.4867814779281616,92.00968933105469,3,0
Pressing,intense,2572,112,1664014101,49.63502502441406,-28.68756103515625,862.5364379882812,20.353666305541992,462,82.68398268398268,17,0.931668221950531,91.80406188964844,1,0
Pressing,mesuré,118,2925,364679294,49.25649642944336,-29.05232048034668,878.8324584960938,18.966352462768555,564,84.7517730496454,7,0.4562699794769287,91.1684799194336,0,0
Pressing,intense,118,2925,364679294,49.69581985473633,-28.3360652923584,973.9092407226562,19.398488998413086,614,85.66775244299674,15,1.350533127784729,90.54424285888672,0,1
Pressing,mesuré,87,1538,420943911,49.342159271240234,-26.5166072845459,639.4909057617188,20.9329776763916,483,77.4327122153209,16,2.1369831562042236,90.22288513183594,5,1
Pressing,intense,87,1538,420943911,48.818172454833984,-27.808202743530273,1080.0833740234375,21.420642852783203,404,81.93069306930693,21,2.0591399669647217,91.5730972290039,4,0
Pressing,mesuré,559,936,330630444,49.43589401245117,-26.840951919555664,565.1090698242188,19.70174789428711,517,83.75241779497098,23,1.1309778690338135,91.73550415039062,2,2
Pressing,intense,559,936,330630444,49.54552459716797,-27.34174346923828,885.6307983398438,19.29423713684082,457,82.05689277899343,22,1.7834392786026,91.87373352050781,0,2
Pressing,mesuré,2250,3696,1887936958,49.78036880493164,-28.12646484375,664.1848754882812,18.39250946044922,495,86.66666666666667,36,2.3270671367645264,91.90779113769531,3,0
Pressing,intense,2250,3696,1887936958,49.925559997558594,-26.321582794189453,768.3594360351562,18.893159866333008,559,87.65652951699464,25,1.6700607538223267,91.40573120117188,2,1
Pressing,mesuré,2950,125,1145763051,49.678955078125,-27.854093551635742,806.5501098632812,20.983951568603516,425,81.41176470588235,16,2.339386463165283,91.97438049316406,3,1
Pressing,intense,2950,125,1145763051,49.71490478515625,-25.528486251831055,877.5327758789062,20.49260711669922,445,84.04494382022472,17,1.007971167564392,92.08882141113281,0,2
Pressing,mesuré,9078,6870,922252038,49.88793182373047,-27.46820640563965,608.9983520507812,19.47032356262207,514,85.7976653696498,32,2.790376663208008,92.16987609863281,4,0
Pressing,intense,9078,6870,922252038,49.82570266723633,-26.435840606689453,791.0538940429688,19.452198028564453,495,87.47474747474747,31,2.030017614364624,91.76121520996094,0,0
Pressing,mesuré,359,357,1411799261,49.14787673950195,-28.455101013183594,594.2019653320312,20.248998641967773,520,76.53846153846153,13,1.4446121454238892,92.15494537353516,5,0
Pressing,intense,359,357,1411799261,49.34968566894531,-27.733572006225586,684.6798706054688,21.1352481842041,423,75.65011820330969,11,1.0552878379821777,93.29845428466797,2,2
Pressing,mesuré,147,156,1700574325,49.54838943481445,-29.44890594482422,770.5588989257812,18.59868812561035,547,83.18098720292505,17,1.06227707862854,91.49543762207031,1,1
Pressing,intense,147,156,1700574325,49.78305435180664,-28.1159725189209,614.5969848632812,18.625078201293945,609,84.40065681444992,16,1.4352473020553589,92.19792175292969,3,1
Pressing,mesuré,3997,113,51613704,49.01968765258789,-28.19710350036621,986.6061401367188,21.454849243164062,406,80.29556650246306,22,2.1623764038085938,91.48311614990234,1,1
Pressing,intense,3997,113,51613704,49.17915344238281,-28.027118682861328,1059.788330078125,20.032230377197266,434,80.4147465437788,10,0.9719758033752441,92.56839752197266,2,1
Pressing,mesuré,103,4057,702879240,50.03851318359375,-25.978168487548828,501.9214172363281,20.50316047668457,492,78.86178861788618,18,0.8551452159881592,91.8365478515625,2,0
Pressing,intense,103,4057,702879240,49.811763763427734,-26.29607582092285,516.7208862304688,19.853252410888672,474,83.54430379746836,37,3.1069624423980713,92.29938507080078,2,1
Pressing,mesuré,170,174,1435546856,48.818912506103516,-28.58388328552246,652.6876831054688,21.05701446533203,429,79.95337995337995,8,0.6690896153450012,92.24732208251953,2,3
Pressing,intense,170,174,1435546856,49.04814147949219,-26.39763069152832,822.4462280273438,20.869796752929688,405,81.72839506172839,12,0.7070462703704834,92.22171783447266,0,2
Pressing,mesuré,137,10388,1495203957,49.85529327392578,-26.549253463745117,408.41571044921875,20.600759506225586,479,78.28810020876827,10,0.44342589378356934,92.51254272460938,0,1
Pressing,intense,137,10388,1495203957,50.00850296020508,-24.47945213317871,569.4080200195312,20.64642333984375,526,81.74904942965779,26,1.6904711723327637,92.04134368896484,1,1
Pressing,mesuré,156,151,323811002,49.679649353027344,-26.95061683654785,728.0692749023438,20.220319747924805,503,79.12524850894633,6,1.0463755130767822,91.34996032714844,3,2
Pressing,intense,156,151,323811002,49.99832534790039,-26.37485122680664,752.9631958007812,20.30705451965332,512,82.421875,10,0.7237315773963928,91.807373046875,0,0
Pressing,mesuré,118,3997,1667359241,49.51558303833008,-26.540334701538086,657.7864379882812,21.121627807617188,468,84.61538461538461,28,1.8666471242904663,91.69219970703125,2,2
Pressing,intense,118,3997,1667359241,49.40346145629883,-27.047500610351562,800.1516723632812,21.464017868041992,426,81.22065727699531,19,1.5933899879455566,92.30484008789062,3,0
Pressing,mesuré,995,7656,765467029,49.172847747802734,-28.119190216064453,911.8244018554688,21.917863845825195,358,77.09497206703911,17,1.2578353881835938,92.34283447265625,3,2
Pressing,intense,995,7656,765467029,49.05754089355469,-29.00807762145996,1071.2855224609375,21.746479034423828,429,77.62237762237763,20,1.6470836400985718,92.12106323242188,3,2
Pressing,mesuré,3699,21610,972949956,49.86595153808594,-27.52364730834961,840.0419311523438,19.77079963684082,599,84.30717863105176,13,1.2098636627197266,91.02806091308594,0,0
Pressing,intense,3699,21610,972949956,49.66432189941406,-28.590442657470703,1093.380126953125,19.221040725708008,515,83.88349514563107,9,0.7202289700508118,91.10079193115234,1,0
Pressing,mesuré,87,89,497728889,49.22866439819336,-27.541078567504883,933.0192260742188,20.163408279418945,449,79.28730512249443,6,0.12124603241682053,90.82634735107422,0,4
Pressing,intense,87,89,497728889,49.28101348876953,-27.623340606689453,950.8148803710938,20.616653442382812,441,82.31292517006803,13,1.5097779035568237,91.66677856445312,2,6
Pressing,mesuré,151,152,2045654981,50.01207733154297,-28.00550651550293,798.7520141601562,18.71741485595703,572,84.44055944055944,8,0.6421526074409485,91.58861541748047,1,1
Pressing,intense,151,152,2045654981,49.56229782104492,-27.454113006591797,713.4728393554688,18.789148330688477,627,83.73205741626795,8,0.21991267800331116,91.62149047851562,0,0
Pressing,mesuré,363,366,554673974,49.7958869934082,-27.350435256958008,605.0993041992188,19.460865020751953,485,81.64948453608247,18,1.225292682647705,92.56549835205078,2,2
Pressing,intense,363,366,554673974,49.598114013671875,-27.97163963317871,716.8720092773438,20.00644874572754,401,79.30174563591022,18,1.659404993057251,92.83570098876953,3,1
Pressing,mesuré,104,3997,1784849258,50.22462463378906,-26.280166625976562,531.6172485351562,20.640243530273438,417,79.85611510791367,29,1.9356110095977783,93.17585754394531,2,0
Pressing,intense,104,3997,1784849258,49.90263748168945,-26.441299438476562,616.1965942382812,20.261804580688477,412,77.18446601941747,27,1.6006368398666382,92.80840301513672,3,2
Pressing,mesuré,393,384,1950149415,49.50312042236328,-28.269922256469727,940.0175170898438,19.3994140625,505,84.55445544554455,20,1.7159970998764038,91.45777893066406,2,0
Pressing,intense,393,384,1950149415,49.27427291870117,-27.648426055908203,899.6273803710938,20.109878540039062,502,83.66533864541833,20,1.3693194389343262,92.0228042602539,4,1
Pressing,mesuré,789,19267,1551413899,49.70759201049805,-28.03227996826172,620.0956420898438,18.879322052001953,526,84.22053231939164,22,2.016331195831299,91.94137573242188,3,0
Pressing,intense,789,19267,1551413899,49.83013153076172,-27.889169692993164,903.3264770507812,19.24509620666504,496,84.87903225806451,22,2.019495964050293,91.94915008544922,3,0
Pressing,mesuré,85,102,1083776645,48.16447067260742,-29.844987869262695,957.9131469726562,20.86981773376465,441,78.68480725623583,13,1.472243070602417,91.0495376586914,2,3
Pressing,intense,85,102,1083776645,48.968719482421875,-27.131587982177734,1019.4981079101562,21.017250061035156,476,78.15126050420169,5,0.33856430649757385,91.30709075927734,0,2
Pressing,mesuré,6870,432,1803412708,48.68182373046875,-29.527114868164062,1155.96484375,19.947229385375977,383,80.93994778067885,5,0.31289342045783997,91.53773498535156,1,2
Pressing,intense,6870,432,1803412708,48.59272766113281,-29.75038719177246,1315.52587890625,20.560157775878906,398,79.39698492462311,5,0.21194002032279968,91.59176635742188,0,2
Pressing,mesuré,94,87,1603673735,49.584556579589844,-28.960487365722656,854.6383666992188,19.416650772094727,581,83.13253012048193,8,0.6635598540306091,91.099365234375,2,1
Pressing,intense,94,87,1603673735,49.4919319152832,-27.547897338867188,1105.777099609375,19.698129653930664,528,86.5530303030303,13,0.7576421499252319,91.13941955566406,0,1
Pressing,mesuré,258,266,1241796862,49.813621520996094,-26.140018463134766,646.7891235351562,20.523109436035156,453,84.32671081677704,18,1.0312644243240356,90.42041015625,2,3
Pressing,intense,258,266,1241796862,49.40263366699219,-28.197805404663086,919.6224975585938,20.67514991760254,506,81.6205533596838,10,0.6678682565689087,91.21195983886719,0,1
Pressing,mesuré,113,3997,169762054,49.58198547363281,-27.184736251831055,835.9429321289062,20.37639045715332,437,78.48970251716247,11,0.5143976211547852,91.43971252441406,0,2
Pressing,intense,113,3997,169762054,49.12635040283203,-26.99243927001953,949.4152221679688,20.371150970458984,463,76.88984881209504,9,0.23295976221561432,90.96112823486328,0,1
Pressing,mesuré,3024,989,1153742415,49.69219207763672,-27.744930267333984,746.1648559570312,18.953853607177734,627,87.08133971291866,16,0.6316648125648499,91.35867309570312,2,0
Pressing,intense,3024,989,1153742415,49.53824234008789,-28.197376251220703,798.8519897460938,19.289030075073242,613,86.94942903752039,18,1.950582504272461,91.66736602783203,4,0
Pressing,mesuré,359,368,1656874616,49.86415481567383,-27.211685180664062,498.1211853027344,20.897783279418945,449,85.52338530066815,29,2.5431864261627197,93.02821350097656,3,0
Pressing,intense,359,368,1656874616,49.801414489746094,-24.346057891845703,552.0122680664062,21.355606079101562,492,83.73983739837398,27,2.2654614448547363,92.28817749023438,1,1
Pressing,mesuré,3735,139,1891547481,49.48849868774414,-28.574321746826172,1038.79345703125,19.23919677734375,522,84.86590038314176,9,0.9572652578353882,91.25553131103516,2,1
Pressing,intense,3735,139,1891547481,49.16282272338867,-28.005495071411133,1043.1923828125,19.588315963745117,505,81.98019801980197,8,0.7148411273956299,91.33099365234375,1,1
Pressing,mesuré,4007,109,266353912,49.880760192871094,-26.227336883544922,734.5676879882812,20.288663864135742,493,80.93306288032454,13,0.5353728532791138,91.44526672363281,0,1
Pressing,intense,4007,109,266353912,49.347442626953125,-26.41508674621582,1026.2965087890625,20.259380340576172,443,78.78103837471784,13,1.2100591659545898,89.79252624511719,0,3
Pressing,mesuré,122,268,941325862,49.85806655883789,-28.647714614868164,669.1836547851562,21.006784439086914,449,83.74164810690424,12,0.7906315922737122,91.97496795654297,2,1
Pressing,intense,122,268,941325862,49.39246368408203,-28.545785903930664,693.1777954101562,20.349069595336914,383,81.98433420365535,23,1.7486499547958374,90.7757568359375,5,2
Pressing,mesuré,264,256,2070153691,49.24016189575195,-29.12203598022461,957.7131958007812,20.47800064086914,469,81.4498933901919,6,0.7220544815063477,90.84932708740234,2,0
Pressing,intense,264,256,2070153691,49.0092658996582,-27.868274688720703,964.0116577148438,20.04119873046875,442,80.09049773755656,7,0.16688521206378937,91.7909927368164,0,4
Pressing,mesuré,12698,3472,1368079903,49.82490921020508,-28.131206512451172,879.5322875976562,19.501127243041992,427,85.71428571428571,19,1.0501313209533691,91.97135925292969,0,1
Pressing,intense,12698,3472,1368079903,49.85124969482422,-29.459476470947266,958.0131225585938,19.434215545654297,473,86.25792811839324,21,1.0825155973434448,91.31682586669922,1,0
Pressing,mesuré,13294,1382,1589609104,49.52149200439453,-27.51875114440918,867.1353149414062,18.970857620239258,600,83.5,7,0.4082920551300049,91.11300659179688,0,1
Pressing,intense,13294,1382,1589609104,49.39126205444336,-29.46198272705078,1218.4495849609375,19.16924476623535,570,84.21052631578948,4,0.3280670940876007,90.99034881591797,1,0
Pressing,mesuré,107,110,1437692358,49.18510437011719,-29.08884048461914,1004.2018432617188,19.99087905883789,498,84.73895582329317,4,0.32978180050849915,91.3101577758789,0,0
Pressing,intense,107,110,1437692358,49.26245880126953,-30.159982681274414,1286.133056640625,20.192886352539062,467,83.94004282655246,9,1.2815099954605103,90.74799346923828,1,1
Pressing,mesuré,83,90,493710084,50.11024856567383,-26.57941436767578,535.4163208007812,20.70658302307129,447,80.98434004474272,18,1.228102207183838,92.4437255859375,1,0
Pressing,intense,83,90,493710084,50.11968231201172,-26.638486862182617,656.1868286132812,20.750446319580078,423,81.32387706855792,20,1.5066559314727783,92.96771240234375,2,1
Pressing,mesuré,145,156,2091300775,49.684566497802734,-28.011648178100586,817.0475463867188,18.759197235107422,561,86.27450980392157,22,2.0016233921051025,91.50101470947266,0,1
Pressing,intense,145,156,2091300775,49.36233901977539,-28.34352684020996,890.2296752929688,18.72433090209961,531,81.16760828625236,11,0.412003755569458,91.70244598388672,0,0
Pressing,mesuré,22269,5579,601508701,49.51611328125,-28.923049926757812,673.9824829101562,20.692962646484375,482,80.49792531120332,10,0.6247047185897827,90.17155456542969,1,1
Pressing,intense,22269,5579,601508701,49.6088752746582,-26.4719295501709,751.9634399414062,20.776823043823242,477,80.71278825995807,16,1.2357397079467773,92.17394256591797,0,1
Pressing,mesuré,137,3307,102919363,49.3994026184082,-26.666297912597656,733.1680297851562,21.01910400390625,513,79.33723196881091,26,1.7208284139633179,91.1963882446289,2,3
Pressing,intense,137,3307,102919363,49.238948822021484,-27.80574607849121,1105.8770751953125,20.17563819885254,422,75.59241706161137,15,1.3768563270568848,91.63528442382812,1,3
Pressing,mesuré,13294,21846,1530898879,49.40172576904297,-28.08189582824707,898.5276489257812,20.797161102294922,436,81.19266055045871,9,0.4302337169647217,91.78358459472656,1,1
Pressing,intense,13294,21846,1530898879,49.59149932861328,-25.82701873779297,905.7258911132812,20.313745498657227,479,78.70563674321504,6,0.2950744032859802,91.85816955566406,1,2
Pressing,mesuré,12216,15784,1562387529,48.59590148925781,-30.2965087890625,1000.0028686523438,20.3150577545166,477,76.93920335429769,5,0.2820124328136444,91.00875091552734,2,1
Pressing,intense,12216,15784,1562387529,48.988975524902344,-28.512020111083984,1130.171142578125,20.352214813232422,509,81.72888015717092,12,0.870084285736084,91.36297607421875,1,1
Pressing,mesuré,3735,156,738370743,49.68293380737305,-27.819595336914062,797.0524291992188,19.941883087158203,572,84.0909090909091,12,1.037869930267334,91.32138061523438,3,0
Pressing,intense,3735,156,738370743,49.24265670776367,-26.741708755493164,1031.4952392578125,20.327457427978516,484,81.81818181818181,16,2.2146801948547363,91.23814392089844,3,2
Pressing,mesuré,268,598,1471885787,49.69795608520508,-28.518274307250977,1043.792236328125,19.237516403198242,516,86.43410852713178,9,0.5218485593795776,91.51234436035156,0,1
Pressing,intense,268,598,1471885787,49.3047981262207,-29.090660095214844,1043.1923828125,19.970706939697266,493,85.19269776876268,7,0.8626306056976318,92.10833740234375,2,1
Pressing,mesuré,3472,3696,835890524,49.74955749511719,-28.547998428344727,827.6449584960938,18.90546226501465,647,87.17156105100463,6,0.6931339502334595,90.80377960205078,1,2
Pressing,intense,3472,3696,835890524,49.85934066772461,-29.32733726501465,958.1130981445312,18.2292423248291,641,85.95943837753511,3,0.14619651436805725,91.32048034667969,0,0
Pressing,mesuré,114,112,1527410391,49.9611930847168,-25.957347869873047,457.3186950683594,20.272045135498047,483,83.4368530020704,18,0.884041965007782,92.63321685791016,4,1
Pressing,intense,114,112,1527410391,49.7623291015625,-26.74207878112793,609.4982299804688,20.205289840698242,477,79.24528301886792,22,1.3595277070999146,92.4728012084961,2,2
Pressing,mesuré,132335,7914,2023402780,49.73910903930664,-28.023784637451172,790.2540893554688,20.364776611328125,568,83.97887323943662,9,0.4839117228984833,91.19518280029297,1,1
Pressing,intense,132335,7914,2023402780,49.46470642089844,-27.833951950073242,1043.2923583984375,20.272985458374023,563,83.30373001776199,8,1.23136568069458,90.79426574707031,0,0
Pressing,mesuré,362,306,32264918,50.22391891479492,-25.946866989135742,480.1200866699219,21.110212326049805,454,78.63436123348018,27,1.810059905052185,92.8100814819336,1,1
Pressing,intense,362,306,32264918,50.016815185546875,-26.08440399169922,584.2044067382812,21.078022003173828,467,80.51391862955032,24,2.511117696762085,92.86150360107422,5,0
Pressing,mesuré,3696,3699,860321550,49.78037643432617,-26.691404342651367,729.5689086914062,20.210649490356445,441,82.99319727891157,12,0.41120731830596924,92.09109497070312,1,1
Pressing,intense,3696,3699,860321550,49.357723236083984,-26.71771240234375,920.6222534179688,20.598466873168945,489,81.79959100204499,12,0.8676044344902039,91.44815063476562,1,0
Pressing,mesuré,357,306,1478641587,50.15241622924805,-27.547874450683594,536.2161254882812,20.80544662475586,464,82.97413793103448,26,1.4104763269424438,92.81085205078125,2,0
Pressing,intense,357,306,1478641587,50.29949188232422,-27.38770294189453,680.8807983398438,19.55099868774414,426,82.86384976525821,24,1.4288113117218018,93.12181854248047,2,0
Pressing,mesuré,382,370,604641600,49.88847351074219,-27.96510887145996,585.3041381835938,19.54393196105957,501,87.82435129740519,25,1.8989230394363403,92.12344360351562,3,3
Pressing,intense,382,370,604641600,49.36687469482422,-28.406503677368164,931.0197143554688,19.353607177734375,468,85.68376068376068,23,1.5381230115890503,91.50901794433594,4,1
Pressing,mesuré,1382,3759,2002925567,49.4005126953125,-29.194351196289062,972.1096801757812,18.34453010559082,553,84.99095840867993,2,0.23929089307785034,91.41409301757812,0,0
Pressing,intense,1382,3759,2002925567,49.197784423828125,-27.822933197021484,1161.763427734375,19.72630500793457,565,84.24778761061947,4,0.26797860860824585,90.75362396240234,0,1
Pressing,mesuré,519,21540,28316747,49.6961784362793,-28.192792892456055,1028.2960205078125,19.28936004638672,644,85.8695652173913,5,0.13280591368675232,90.602783203125,0,0
Pressing,intense,519,21540,28316747,49.57431411743164,-26.75461196899414,997.7034301757812,19.484424591064453,601,86.02329450915141,16,0.7018231153488159,91.10104370117188,0,0
Pressing,mesuré,7868,6851,1017265311,49.422943115234375,-28.09511375427246,822.1463012695312,20.609790802001953,493,80.93306288032454,11,1.0223280191421509,91.88147735595703,0,1
Pressing,intense,7868,6851,1017265311,49.512760162353516,-27.598581314086914,902.7266235351562,21.09787940979004,475,82.3157894736842,10,0.42763984203338623,92.39400482177734,0,2
Pressing,mesuré,127,134,480544626,49.17798614501953,-29.00356674194336,1115.374755859375,20.672204971313477,450,80.66666666666667,15,1.9193897247314453,90.83647155761719,2,1
Pressing,intense,127,134,480544626,49.448429107666016,-28.764122009277344,1234.345703125,21.515913009643555,444,81.30630630630631,16,0.7835047841072083,90.96349334716797,2,0
Pressing,mesuré,3746,4411,302910801,50.03513717651367,-27.212797164916992,613.7971801757812,19.509824752807617,593,84.65430016863407,15,2.0264246463775635,91.86956024169922,1,0
Pressing,intense,3746,4411,302910801,49.577701568603516,-28.234968185424805,908.7251586914062,21.106117248535156,409,80.92909535452323,27,2.344172954559326,92.00203704833984,5,1
Pressing,mesuré,3611,3610,2101176022,49.85511779785156,-26.792598724365234,632.0927124023438,18.008148193359375,600,86.66666666666667,16,0.7775842547416687,91.82037353515625,0,2
Pressing,intense,3611,3610,2101176022,49.60165023803711,-25.86298370361328,714.7725219726562,18.063140869140625,633,84.83412322274881,17,1.3953073024749756,91.28170013427734,0,1
Pressing,mesuré,3024,11551,59250330,49.76481628417969,-28.692771911621094,845.1406860351562,18.102954864501953,681,87.37151248164464,9,0.7053313255310059,91.07894897460938,0,0
Pressing,intense,3024,11551,59250330,49.3844108581543,-27.544984817504883,983.0070190429688,17.95179557800293,540,82.5925925925926,5,0.39048224687576294,92.02984619140625,0,2
Ligne,basse,87,1068,1002897798,49.10615921020508,-33.07280731201172,674.7822875976562,20.543743133544922,510,80.98039215686275,8,0.5217785239219666,91.76104736328125,0,7
Ligne,haute,87,1068,1002897798,49.26588439941406,-23.063615798950195,1098.4788818359375,21.1241512298584,464,80.60344827586206,9,0.42116570472717285,91.38945007324219,0,1
Ligne,basse,3616,5579,929393559,49.50311279296875,-32.706504821777344,595.0017700195312,21.1441650390625,516,81.0077519379845,12,0.527691662311554,91.33019256591797,1,4
Ligne,haute,3616,5579,929393559,49.60836410522461,-17.231361389160156,996.7036743164062,19.57754135131836,412,77.42718446601941,23,1.6289067268371582,91.8775634765625,1,1
Ligne,basse,133,137,217468053,49.22814178466797,-35.308807373046875,868.5349731445312,19.484859466552734,602,81.72757475083057,3,0.08204619586467743,90.96025848388672,1,1
Ligne,haute,133,137,217468053,49.576019287109375,-19.951221466064453,788.2545776367188,20.16094398498535,567,83.24514991181658,16,1.0724225044250488,91.40470886230469,2,0
Ligne,basse,552,437,532638534,48.80160140991211,-35.152706146240234,782.5559692382812,20.633222579956055,432,80.78703703703704,4,0.13059183955192566,91.9962158203125,2,2
Ligne,haute,552,437,532638534,48.88492202758789,-20.502063751220703,983.3069458007812,20.550796508789062,444,77.92792792792793,9,1.1443970203399658,92.3608627319336,1,4
Ligne,basse,122,137,1464848243,49.38835525512695,-34.71268844604492,875.3333129882812,19.217151641845703,501,84.03193612774452,14,0.8919557332992554,91.65470123291016,1,3
Ligne,haute,122,137,1464848243,49.511322021484375,-20.529006958007812,887.9302368164062,20.06331443786621,554,82.49097472924188,15,1.2899671792984009,91.5311279296875,1,0
Ligne,basse,3822,21607,1321446349,49.64333724975586,-33.187828063964844,530.4175415039062,20.681365966796875,465,81.72043010752688,22,1.9098751544952393,92.23421478271484,2,3
Ligne,haute,3822,21607,1321446349,49.72822189331055,-19.669937133789062,619.9956665039062,21.113672256469727,374,78.07486631016043,37,3.5408689975738525,93.125,2,1
Ligne,basse,2565,3706,2039633683,49.18610382080078,-34.5613899230957,891.3294067382812,19.083608627319336,572,83.91608391608392,6,0.671847939491272,90.77814483642578,2,3
Ligne,haute,2565,3706,2039633683,49.592201232910156,-21.703094482421875,885.3308715820312,19.48931884765625,537,86.03351955307262,18,1.3343020677566528,92.03162384033203,2,3
Ligne,basse,359,331,820276643,49.6849250793457,-32.215572357177734,545.0139770507812,21.32062339782715,466,80.47210300429184,15,1.0355271100997925,92.34175872802734,1,3
Ligne,haute,359,331,820276643,49.790122985839844,-19.019723892211914,506.2216796875,20.772367477416992,488,83.81147540983606,21,1.4002220630645752,91.33169555664062,1,1
Ligne,basse,132335,1895,1704637349,48.59708786010742,-36.231266021728516,808.5496215820312,19.675199508666992,447,81.20805369127517,1,0.04946238920092583,91.72236633300781,0,8
Ligne,haute,132335,1895,1704637349,48.46283721923828,-23.311899185180664,1062.2877197265625,20.29007911682129,480,80.20833333333333,4,1.1254276037216187,91.8292007446289,1,4
Ligne,basse,268,133,1903678842,49.56292724609375,-33.653221130371094,595.9015502929688,20.84539794921875,455,83.51648351648352,15,1.1549808979034424,92.7242202758789,4,6
Ligne,haute,268,133,1903678842,49.93876266479492,-15.138335227966309,757.7620239257812,20.582534790039062,433,79.44572748267899,22,3.409614086151123,93.0578384399414,5,1
Ligne,basse,139,2565,1501726364,48.810604095458984,-33.662288665771484,780.9563598632812,21.187192916870117,493,80.73022312373224,5,0.12178882956504822,91.40196990966797,0,7
Ligne,haute,139,2565,1501726364,49.09992980957031,-23.20611000061035,898.6276245117188,21.102863311767578,498,82.1285140562249,10,0.5089950561523438,92.06189727783203,2,0
Ligne,basse,7868,170,1731519511,49.393348693847656,-32.826446533203125,471.819580078125,20.654136657714844,546,80.76923076923077,12,1.4190397262573242,92.6241683959961,4,1
Ligne,haute,7868,170,1731519511,49.797237396240234,-21.536096572875977,598.2009887695312,20.52960205078125,527,82.5426944971537,16,0.92623370885849,92.87782287597656,2,0
Ligne,basse,263,256,1104652174,49.17373275756836,-34.587371826171875,769.6591186523438,20.828733444213867,519,82.08092485549133,4,0.12766776978969574,91.6298599243164,0,1
Ligne,haute,263,256,1104652174,49.33819580078125,-19.855833053588867,1035.994140625,21.476295471191406,497,77.8672032193159,6,0.5312774181365967,89.89208221435547,1,2
Ligne,basse,1895,132335,2134161410,49.46935272216797,-32.995765686035156,622.4950561523438,19.57619285583496,378,81.74603174603175,29,2.6175999641418457,92.88847351074219,2,1
Ligne,haute,1895,132335,2134161410,49.625030517578125,-17.488265991210938,537.7157592773438,20.34432029724121,406,80.54187192118226,50,4.12789249420166,93.31192016601562,6,1
Ligne,basse,143,2726,932725007,49.243446350097656,-33.901512145996094,877.6327514648438,20.136577606201172,413,81.35593220338983,8,0.529980480670929,91.47267150878906,0,4
Ligne,haute,143,2726,932725007,47.082801818847656,-22.91636085510254,775.7576293945312,21.181947708129883,441,80.27210884353741,25,1.2375918626785278,92.64248657226562,2,1
Ligne,basse,2566,146,1015490648,48.79172897338867,-35.33800506591797,826.8451538085938,21.60884666442871,398,79.39698492462311,7,0.49945876002311707,91.84222412109375,0,2
Ligne,haute,2566,146,1015490648,49.39228057861328,-17.685152053833008,741.6659545898438,20.694061279296875,435,78.62068965517241,13,0.45686376094818115,92.73536682128906,2,3
Ligne,basse,97,3751,1130118952,49.77721405029297,-33.88438034057617,567.6084594726562,19.04292106628418,647,88.25347758887172,14,1.8315541744232178,91.82487487792969,4,2
Ligne,haute,97,3751,1130118952,49.812129974365234,-22.01464080810547,557.1110229492188,19.22286033630371,673,86.77563150074295,24,2.2308170795440674,92.21702575683594,2,0
Ligne,basse,361,388,1485403625,50.18156433105469,-30.765609741210938,356.612548828125,20.078542709350586,483,82.6086956521739,22,1.164554238319397,93.02873229980469,3,2
Ligne,haute,361,388,1485403625,49.710453033447266,-18.237546920776367,603.6996459960938,20.406587600708008,403,76.1786600496278,26,1.1734819412231445,93.26763916015625,1,2
Ligne,basse,2925,105,2039758977,48.52880096435547,-34.03584671020508,969.9102172851562,20.828584671020508,338,80.4733727810651,16,1.0635137557983398,90.94354248046875,1,4
Ligne,haute,2925,105,2039758977,49.073646545410156,-20.060970306396484,840.0419311523438,20.475717544555664,403,81.14143920595534,25,2.3222897052764893,91.992919921875,2,0
Ligne,basse,170,179,1048083132,49.59053039550781,-31.586576461791992,599.0007934570312,20.82654571533203,471,83.86411889596603,15,1.1673227548599243,91.70368957519531,1,2
Ligne,haute,170,179,1048083132,50.047542572021484,-15.339945793151855,825.5454711914062,19.99949836730957,455,79.78021978021978,19,1.1737709045410156,92.5169677734375,3,1
Ligne,basse,3699,437,259488708,49.28187561035156,-34.249183654785156,713.5728149414062,20.209657669067383,451,81.81818181818181,5,0.36966899037361145,92.09442901611328,0,3
Ligne,haute,3699,437,259488708,48.901912689208984,-21.977676391601562,1251.741455078125,19.807485580444336,393,76.59033078880407,9,0.45882850885391235,91.53267669677734,0,1
Ligne,basse,90,93,669806174,48.83580780029297,-34.0068359375,715.0724487304688,21.10184097290039,438,78.99543378995433,9,1.0419255495071411,91.71524047851562,2,2
Ligne,haute,90,93,669806174,49.251094818115234,-19.13594627380371,843.8410034179688,21.09099769592285,397,76.57430730478589,12,0.36120060086250305,92.54016876220703,1,5
Ligne,basse,3746,1382,2142954714,49.50468063354492,-33.2173957824707,569.3080444335938,18.3553409576416,614,86.64495114006515,15,1.7241095304489136,91.6690673828125,2,2
Ligne,haute,3746,1382,2142954714,49.61226272583008,-20.922319412231445,628.5935668945312,20.03211212158203,575,85.73913043478261,32,2.3749911785125732,92.03981018066406,2,0
Ligne,basse,254,257,472931517,48.81974792480469,-35.833274841308594,969.5103149414062,19.652645111083984,445,80,1,0.0531776063144207,91.67718505859375,0,4
Ligne,haute,254,257,472931517,48.92192077636719,-21.418899536132812,1033.2947998046875,20.074769973754883,517,84.13926499032883,8,1.0767338275909424,91.41213989257812,0,1
Ligne,basse,362,331,921209318,49.182125091552734,-32.84992980957031,672.6828002929688,21.150423049926758,449,81.06904231625835,13,1.1166328191757202,91.79532623291016,1,4
Ligne,haute,362,331,921209318,49.32452392578125,-18.114089965820312,783.2557983398438,20.71247100830078,424,80.89622641509433,27,1.7583765983581543,92.30316925048828,0,5
Ligne,basse,7640,3019,1662778767,49.479061126708984,-34.113800048828125,701.8756713867188,19.254871368408203,555,86.12612612612612,5,0.3395145833492279,91.3538589477539,1,3
Ligne,haute,7640,3019,1662778767,48.99810791015625,-21.602245330810547,1116.574462890625,19.559988021850586,468,82.26495726495726,14,2.0213680267333984,91.74165344238281,3,1
Ligne,basse,13294,2790,1056745520,49.34601593017578,-35.599205017089844,808.1497192382812,19.123504638671875,605,87.43801652892562,4,0.2835625410079956,90.89080810546875,0,2
Ligne,haute,13294,2790,1056745520,49.284027099609375,-19.65008544921875,894.7285766601562,19.775222778320312,555,83.06306306306307,15,1.60133695602417,91.24835968017578,3,1
Ligne,basse,122,131,1008338748,49.14954376220703,-34.02294921875,843.4411010742188,21.0347900390625,424,81.83962264150944,12,0.7691382169723511,91.67855834960938,0,3
Ligne,haute,122,131,1008338748,49.324275970458984,-19.194414138793945,963.6117553710938,21.05495262145996,445,75.50561797752809,22,1.84562087059021,91.90860748291016,4,1
Ligne,basse,7911,3841,794882901,49.779850006103516,-33.52503204345703,574.3068237304688,19.21294403076172,549,87.43169398907104,21,1.5084044933319092,92.53244018554688,4,2
Ligne,haute,7911,3841,794882901,50.116600036621094,-21.113677978515625,579.3056030273438,19.234962463378906,576,84.375,23,2.7159264087677,90.6456069946289,3,0
Ligne,basse,174,2502,1796576214,49.420448303222656,-34.23826599121094,615.8966674804688,21.170223236083984,428,81.30841121495327,20,1.8089085817337036,93.06937408447266,5,4
Ligne,haute,174,2502,1796576214,49.567527770996094,-17.292705535888672,805.0504760742188,20.973207473754883,416,79.32692307692308,37,3.650197982788086,92.16931915283203,6,2
Ligne,basse,132334,6870,190797265,49.53661346435547,-34.378387451171875,819.0470581054688,18.789703369140625,722,86.28808864265928,6,0.418435275554657,89.22298431396484,0,0
Ligne,haute,132334,6870,190797265,49.90153121948242,-20.151273727416992,896.0282592773438,19.571413040161133,700,84,11,1.4296212196350098,90.93997955322266,1,0
Ligne,basse,2697,179,485266100,49.54478073120117,-33.876956939697266,632.8925170898438,20.99076271057129,478,80.1255230125523,7,0.4781660735607147,91.94639587402344,2,1
Ligne,haute,2697,179,485266100,50.149173736572266,-15.781911849975586,669.5835571289062,21.233261108398438,477,81.13207547169812,12,1.1026684045791626,92.6573257446289,2,0
Ligne,basse,254,258,645237757,48.75157928466797,-35.06730270385742,863.1362915039062,20.8991756439209,406,80.54187192118226,4,0.9311044812202454,91.8979263305664,1,4
Ligne,haute,254,258,645237757,49.22557830810547,-20.374292373657227,1056.589111328125,20.548580169677734,456,78.0701754385965,9,0.6903759241104126,91.78865051269531,0,2
Ligne,basse,388,362,796471501,49.185359954833984,-32.63031005859375,646.6891479492188,20.617586135864258,514,80.35019455252919,9,0.644480288028717,91.33251190185547,0,3
Ligne,haute,388,362,796471501,49.77568435668945,-16.789194107055664,830.7442016601562,20.976346969604492,390,71.53846153846153,11,0.7713543772697449,93.0219497680664,1,1
Ligne,basse,570,5786,1196878155,49.665382385253906,-33.933563232421875,563.3095092773438,18.21147346496582,617,87.68233387358185,18,0.9765738248825073,91.69425201416016,2,0
Ligne,haute,570,5786,1196878155,49.887943267822266,-19.679712295532227,503.1214904785156,18.504592895507812,592,86.14864864864865,34,1.458221197128296,92.45359802246094,2,0
Ligne,basse,268,131,359906493,48.913997650146484,-35.414405822753906,801.1514282226562,21.083961486816406,443,81.48984198645599,7,0.18956956267356873,92.04737091064453,1,3
Ligne,haute,268,131,359906493,49.019195556640625,-21.892250061035156,969.8102416992188,20.737760543823242,470,81.06382978723404,9,0.8836578726768494,92.1874008178711,3,1
Ligne,basse,86,2922,1617046705,49.43838882446289,-33.27406692504883,446.5180358886719,17.95701789855957,424,83.9622641509434,23,2.065941333770752,93.27293395996094,1,4
Ligne,haute,86,2922,1617046705,49.89457702636719,-15.895442962646484,383.1141662597656,19.168174743652344,545,85.13761467889908,54,3.469151496887207,92.5968017578125,3,0
Ligne,basse,393,362,1827753950,49.11277770996094,-34.935691833496094,853.2387084960938,21.644670486450195,454,80.61674008810573,12,0.9016478061676025,91.87455749511719,4,1
Ligne,haute,393,362,1827753950,49.389461517333984,-17.390472412109375,882.9314575195312,21.44965934753418,426,76.52582159624413,23,1.8295968770980835,92.37754821777344,4,0
Ligne,basse,562,7640,2113437503,49.10066604614258,-35.37921905517578,919.0226440429688,19.227083206176758,564,82.62411347517731,9,1.0472649335861206,91.01905822753906,1,2
Ligne,haute,562,7640,2113437503,49.25710678100586,-20.090383529663086,865.2357788085938,19.973356246948242,578,80.96885813148789,18,0.9347453117370605,91.21870422363281,0,1
Ligne,basse,3696,3822,1501688522,49.183773040771484,-34.090702056884766,795.9526977539062,21.18496322631836,431,81.4385150812065,4,0.06304609775543213,92.18421936035156,0,2
Ligne,haute,3696,3822,1501688522,48.89381790161133,-20.036226272583008,964.1116333007812,21.617311477661133,460,79.1304347826087,22,2.1444621086120605,91.5594482421875,3,1
Ligne,basse,18794,21846,1477521204,49.36915588378906,-33.778167724609375,787.8546752929688,21.518213272094727,522,81.60919540229885,9,0.25408491492271423,90.98120880126953,1,1
Ligne,haute,18794,21846,1477521204,49.469661712646484,-18.989479064941406,894.5286254882812,21.241682052612305,477,76.51991614255765,9,0.27951565384864807,91.91593933105469,0,0
Ligne,basse,382,349,48190158,49.80525588989258,-34.15324783325195,554.3117065429688,21.10359764099121,406,80.78817733990148,26,2.6400704383850098,92.77257537841797,3,2
Ligne,haute,382,349,48190158,50.03981018066406,-16.577472686767578,417.3162536621094,21.473215103149414,419,78.28162291169451,27,1.9852652549743652,93.39493560791016,4,1
Ligne,basse,368,359,628641533,48.8057975769043,-33.089683532714844,716.7720336914062,20.719839096069336,467,81.5845824411135,13,0.7185644507408142,91.80980682373047,0,3
Ligne,haute,368,359,628641533,49.24113082885742,-20.30651092529297,1007.0011596679688,20.368267059326172,382,82.19895287958116,18,1.2877312898635864,92.59046173095703,1,2
Ligne,basse,83,93,1988519473,50.11040115356445,-32.19205093383789,464.01910400390625,20.35985565185547,393,83.46055979643766,26,1.586759090423584,93.64744567871094,2,1
Ligne,haute,83,93,1988519473,49.930904388427734,-16.4434814453125,488.42059326171875,20.767353057861328,427,80.32786885245902,36,2.356783628463745,93.3971176147461,0,1
Ligne,basse,570,559,2138614433,49.75086212158203,-32.8178596496582,621.6952514648438,20.884262084960938,477,80.083857442348,18,1.3155864477157593,92.17291259765625,0,0
Ligne,haute,570,559,2138614433,49.73218536376953,-20.354764938354492,583.3046264648438,21.15339469909668,425,76.94117647058823,25,1.9983924627304077,93.02508544921875,4,2
Ligne,basse,388,393,1490379973,49.01190185546875,-34.32093811035156,997.1035766601562,19.79450225830078,474,81.64556962025317,7,0.7264574766159058,91.07978820800781,3,2
Ligne,haute,388,393,1490379973,49.2878303527832,-20.294357299804688,987.9058227539062,20.232473373413086,497,83.09859154929578,16,2.3288919925689697,91.74834442138672,4,1
Ligne,basse,1382,4411,683759645,49.49380874633789,-33.95331573486328,619.5957641601562,19.449710845947266,626,84.82428115015975,9,0.5943383574485779,91.49359893798828,1,3
Ligne,haute,1382,4411,683759645,49.5711669921875,-19.823068618774414,914.7236938476562,19.57427406311035,527,82.92220113851992,18,1.4152576923370361,91.59894561767578,1,0
Ligne,basse,83,86,385065937,49.37480545043945,-34.23682403564453,766.9597778320312,21.27483367919922,418,84.68899521531101,15,0.6010949015617371,92.13919830322266,0,1
Ligne,haute,83,86,385065937,49.36294174194336,-18.825210571289062,786.0551147460938,20.68902015686035,461,80.26030368763557,20,1.2839137315750122,92.40721130371094,1,3
Ligne,basse,170,2502,1366447162,49.285465240478516,-32.3006706237793,577.9059448242188,20.808738708496094,418,85.4066985645933,16,1.4054100513458252,92.50543212890625,1,2
Ligne,haute,170,2502,1366447162,49.773658752441406,-15.792654991149902,893.4288940429688,20.392532348632812,412,83.98058252427184,30,2.079186201095581,92.92127990722656,2,0
Ligne,basse,99,96,1220134124,49.183502197265625,-34.77806854248047,919.9224243164062,19.752544403076172,505,82.97029702970298,8,0.7913053631782532,90.51904296875,1,3
Ligne,haute,99,96,1220134124,49.279109954833984,-20.032394409179688,861.7366333007812,20.263277053833008,489,80.57259713701431,16,1.4127792119979858,91.57453918457031,3,1
Ligne,basse,97,85,1335149631,49.52552795410156,-33.05429458618164,569.1080932617188,20.873706817626953,446,82.0627802690583,12,0.6818574070930481,92.55094909667969,4,3
Ligne,haute,97,85,1335149631,49.77109909057617,-18.302310943603516,913.9238891601562,20.675426483154297,425,80.47058823529412,28,1.9866018295288086,92.53368377685547,3,3
Ligne,basse,21607,2994,1257437083,48.73573684692383,-35.11833953857422,927.1206665039062,19.638710021972656,398,81.4070351758794,6,0.5698361396789551,91.36004638671875,1,2
Ligne,haute,21607,2994,1257437083,49.32883834838867,-19.90404510498047,1025.396728515625,20.475923538208008,503,82.30616302186878,13,1.0737639665603638,91.55277252197266,2,0
Ligne,basse,153,152,750203086,49.688838958740234,-33.38606262207031,751.8634643554688,18.9530086517334,531,86.06403013182674,36,2.067856550216675,91.02106475830078,3,1
Ligne,haute,153,152,750203086,49.854652404785156,-19.639982223510742,797.0524291992188,19.527931213378906,407,84.76658476658477,45,3.782010316848755,92.35331726074219,4,1
Ligne,basse,147,140,2134306667,50.01968002319336,-33.31812286376953,638.9910278320312,18.823949813842773,569,90.15817223198594,32,2.1509182453155518,92.02871704101562,3,1
Ligne,haute,147,140,2134306667,49.99513244628906,-19.36919593811035,650.0883178710938,19.368690490722656,482,81.74273858921161,31,2.13973331451416,92.79896545410156,3,1
Ligne,basse,254,256,764807854,48.838462829589844,-33.73191452026367,954.1140747070312,21.241275787353516,438,78.76712328767124,4,0.3002760112285614,91.01317596435547,0,3
Ligne,haute,254,256,764807854,49.072940826416016,-19.986553192138672,1105.2772216796875,20.366498947143555,453,79.24944812362031,9,0.393693745136261,91.48413848876953,0,1
Ligne,basse,789,7914,670436716,49.77078628540039,-33.79219436645508,750.9636840820312,18.863019943237305,465,80.64516129032258,29,3.0944461822509766,91.99592590332031,3,1
Ligne,haute,789,7914,670436716,49.80902099609375,-15.341666221618652,440.41766357421875,19.40256118774414,504,85.51587301587301,53,4.682525634765625,93.0525131225586,4,1
Ligne,basse,132334,995,1013966036,48.74287033081055,-34.21965026855469,799.4518432617188,20.61203384399414,479,82.25469728601253,9,0.7562280297279358,91.40325927734375,3,3
Ligne,haute,132334,995,1013966036,49.02610397338867,-20.160717010498047,780.1565551757812,21.02536392211914,455,80,12,1.128318428993225,92.43843078613281,3,3
Ligne,basse,131,10388,1718824160,49.7404899597168,-34.633785247802734,522.9193725585938,20.937732696533203,411,81.99513381995133,16,0.9072500467300415,92.79928588867188,2,0
Ligne,haute,131,10388,1718824160,50.07786560058594,-21.060749053955078,647.7888793945312,20.996082305908203,463,78.61771058315335,22,1.4018135070800781,92.39725494384766,1,0
Ligne,basse,104,115,1709944646,50.07477951049805,-31.479156494140625,512.2219848632812,21.092575073242188,458,82.96943231441048,28,1.9602147340774536,92.68325805664062,1,1
Ligne,haute,104,115,1709944646,49.701786041259766,-19.849796295166016,550.7125854492188,20.770936965942383,428,81.07476635514018,33,2.409386157989502,93.13717651367188,2,1
Ligne,basse,2250,1929,726787874,49.32326889038086,-32.50874710083008,514.2214965820312,19.58815574645996,449,82.40534521158129,28,2.976597785949707,92.23002624511719,7,1
Ligne,haute,2250,1929,726787874,49.420597076416016,-18.467592239379883,614.2970581054688,20.202960968017578,343,80.75801749271137,65,5.0095133781433105,93.41860961914062,12,0
Ligne,basse,105,239,94993703,49.95389175415039,-33.97835159301758,559.0105590820312,18.46432113647461,675,87.4074074074074,9,0.6569063663482666,91.51771545410156,1,0
Ligne,haute,105,239,94993703,49.98748779296875,-22.748130798339844,478.5199890136719,18.755569458007812,659,85.73596358118361,17,1.677763819694519,92.15880584716797,2,2
Ligne,basse,156,3735,1849727770,49.18583679199219,-34.69215393066406,840.7417602539062,20.998998641967773,407,80.0982800982801,7,0.30590200424194336,91.99205780029297,1,4
Ligne,haute,156,3735,1849727770,49.383609771728516,-19.432065963745117,794.4530639648438,21.34136390686035,446,78.69955156950672,16,1.8600237369537354,92.20173645019531,3,0
Ligne,basse,268,7911,1384120890,49.02367401123047,-34.632144927978516,842.5413208007812,21.62689781188965,425,79.52941176470588,11,0.594675600528717,92.2044906616211,3,4
Ligne,haute,268,7911,1384120890,49.602359771728516,-18.483789443969727,906.6256713867188,21.280323028564453,500,77.8,13,0.9081664681434631,92.18958282470703,1,0
Ligne,basse,4057,110,1142969686,48.282676696777344,-36.6455078125,1124.7724609375,19.840423583984375,436,79.81651376146789,3,0.22158406674861908,90.914306640625,0,4
Ligne,haute,4057,110,1142969686,48.83171081542969,-21.417736053466797,1054.589599609375,20.27556800842285,482,81.95020746887967,8,0.7130865454673767,91.37336730957031,0,1
Ligne,basse,3307,3841,1888802919,48.88276672363281,-35.00238037109375,1016.7987670898438,20.239505767822266,482,84.43983402489627,7,0.7986364960670471,90.66447448730469,2,3
Ligne,haute,3307,3841,1888802919,49.652896881103516,-20.69248390197754,923.1216430664062,20.313627243041992,482,83.81742738589212,21,1.899418592453003,91.79669189453125,1,0
Ligne,basse,127,125,1471360990,49.36277389526367,-34.093910217285156,632.9924926757812,21.220930099487305,511,80.03913894324853,5,0.1783648431301117,91.81647491455078,1,0
Ligne,haute,127,125,1471360990,49.19283676147461,-20.782075881958008,816.2477416992188,21.363290786743164,452,80.08849557522124,22,2.249300479888916,92.18592071533203,2,0
Ligne,basse,996,9078,2102824771,49.30989456176758,-33.863037109375,813.8483276367188,21.264543533325195,453,78.1456953642384,20,1.507460594177246,91.42139434814453,1,1
Ligne,haute,996,9078,2102824771,49.23508834838867,-20.331918716430664,842.9412231445312,20.388002395629883,449,79.28730512249443,13,0.6927723288536072,91.93125915527344,2,1
Ligne,basse,127,3841,334167837,49.259464263916016,-35.287628173828125,917.1231079101562,19.810405731201172,487,84.59958932238193,10,0.7567117214202881,91.60277557373047,1,1
Ligne,haute,127,3841,334167837,49.87385940551758,-21.613435745239258,969.1104125976562,20.069984436035156,555,83.78378378378379,16,1.3369377851486206,91.18083190917969,1,0
Ligne,basse,359,367,1036349728,49.842254638671875,-32.9066276550293,453.61846923828125,21.357168197631836,524,84.35114503816794,11,0.6211220622062683,92.68385314941406,5,6
Ligne,haute,359,367,1036349728,50.501888275146484,-16.59006118774414,442.9178161621094,20.25624656677246,516,82.94573643410853,22,2.0094258785247803,93.10182189941406,2,1
Ligne,basse,996,997,948048695,48.424293518066406,-34.39898681640625,837.7424926757812,19.53554344177246,436,79.81651376146789,9,0.6382339000701904,91.67493438720703,1,4
Ligne,haute,996,997,948048695,48.96220779418945,-22.01058006286621,924.7212524414062,19.956188201904297,453,77.92494481236203,8,0.6822625994682312,92.01032257080078,2,3
Ligne,basse,9078,1895,506792090,49.11362838745117,-36.578643798828125,1045.99169921875,19.65261459350586,454,81.05726872246696,4,0.23872040212154388,91.32221221923828,0,5
Ligne,haute,9078,1895,506792090,49.079673767089844,-23.264076232910156,973.2094116210938,20.710002899169922,495,82.62626262626263,12,1.5576368570327759,91.52388763427734,1,2
Ligne,basse,7868,6997,603445893,49.2727165222168,-34.352108001708984,731.9683227539062,20.836591720581055,482,84.23236514522821,9,0.5404226779937744,92.16558074951172,0,1
Ligne,haute,7868,6997,603445893,49.27052688598633,-20.249713897705078,834.4432983398438,20.528709411621094,454,80.39647577092511,23,1.2918415069580078,92.81526184082031,1,1
Ligne,basse,13294,2790,211620115,48.936641693115234,-35.59183883666992,974.2091674804688,18.575607299804688,589,84.55008488964346,2,0.1072351336479187,90.5993881225586,1,1
Ligne,haute,13294,2790,211620115,49.10183334350586,-22.896379470825195,1006.5012817382812,19.313634872436523,554,84.11552346570397,8,0.6227565407752991,91.11091613769531,1,1
Ligne,basse,432,20070,1780414719,49.624786376953125,-32.78474807739258,562.1098022460938,18.180423736572266,522,85.24904214559388,15,0.8649757504463196,92.37942504882812,3,2
Ligne,haute,432,20070,1780414719,49.721805572509766,-21.594701766967773,597.1012573242188,18.25027084350586,603,86.89883913764511,24,1.8016750812530518,91.92272186279297,4,3
Ligne,basse,2726,145,937223518,49.252201080322266,-33.68000793457031,841.2416381835938,20.387374877929688,441,79.81859410430839,15,1.3410625457763672,91.16255950927734,2,4
Ligne,haute,2726,145,937223518,49.580841064453125,-20.60978126525879,738.4667358398438,20.806102752685547,447,81.65548098434004,29,2.068737268447876,92.54452514648438,6,1
Ligne,basse,6907,13294,776916771,49.28654098510742,-32.94399642944336,643.4899291992188,19.193756103515625,505,82.57425742574257,18,1.3839876651763916,92.05899810791016,5,2
Ligne,haute,6907,13294,776916771,49.64772415161133,-19.001705169677734,999.8029174804688,19.237733840942383,510,84.31372549019608,32,1.9597232341766357,91.82435607910156,3,1
Ligne,basse,21846,4411,883719064,49.238243103027344,-34.83073425292969,883.4313354492188,19.460350036621094,553,82.45931283905968,14,0.8357234001159668,90.86902618408203,2,0
Ligne,haute,21846,4411,883719064,49.72443389892578,-19.55657386779785,784.8554077148438,19.175710678100586,631,85.57844690966719,20,1.5479007959365845,91.26616668701172,1,1
Ligne,basse,331,382,1763330361,48.285926818847656,-35.46330261230469,902.0267944335938,21.915191650390625,404,77.47524752475248,2,0.02869863063097,91.56110382080078,0,5
Ligne,haute,331,382,1763330361,49.2717399597168,-19.967424392700195,926.7207641601562,20.67359733581543,491,80.65173116089613,15,0.975612998008728,91.6480941772461,0,7
Ligne,basse,7911,131,1097703492,49.089561462402344,-34.818511962890625,679.0812377929688,21.134262084960938,422,80.09478672985782,7,0.5909067392349243,92.57311248779297,2,2
Ligne,haute,7911,131,1097703492,47.255523681640625,-22.14682960510254,973.5093383789062,21.018104553222656,460,84.34782608695652,13,0.697563648223877,92.49464416503906,1,7
Ligne,basse,266,258,20376260,49.1746711730957,-34.56227111816406,817.5474243164062,20.29802131652832,416,82.21153846153847,5,0.29981881380081177,91.72404479980469,0,4
Ligne,haute,266,258,20376260,48.88584518432617,-20.77827262878418,1119.773681640625,21.41663360595703,416,78.84615384615384,10,1.365898847579956,91.61212158203125,1,1
Ligne,basse,104,111,1400887770,49.24964904785156,-34.94089126586914,732.3682250976562,21.41288948059082,396,84.34343434343434,12,0.6755185723304749,92.2697525024414,2,1
Ligne,haute,104,111,1400887770,49.60881042480469,-18.22258758544922,745.6649780273438,21.19713020324707,476,82.3529411764706,24,1.6819016933441162,92.23021697998047,2,1
Ligne,basse,83,87,567345045,49.66657638549805,-34.1438102722168,616.4965209960938,19.04692840576172,473,86.25792811839324,29,1.8616389036178589,92.33478546142578,5,0
Ligne,haute,83,87,567345045,49.97737121582031,-17.75027084350586,482.1202087402344,18.82280158996582,493,86.00405679513185,50,3.6151022911071777,92.83262634277344,4,0
Ligne,basse,132,3841,490794889,49.850799560546875,-30.77529525756836,437.41748046875,18.16510772705078,631,87.00475435816165,21,1.907498836517334,92.0452880859375,3,1
Ligne,haute,132,3841,490794889,49.949588775634766,-21.100704193115234,545.7138061523438,18.52865982055664,502,87.25099601593625,38,4.088499069213867,93.18834686279297,7,2
Ligne,basse,21607,3472,380953897,49.25292205810547,-35.57036209106445,980.2077026367188,19.628372192382812,584,84.76027397260275,6,0.5602251291275024,90.46337890625,1,2
Ligne,haute,21607,3472,380953897,49.347557067871094,-22.481054306030273,887.2304077148438,19.257144927978516,531,85.31073446327683,9,0.5034391283988953,90.07540130615234,1,1
Ligne,basse,3611,3610,1575844887,49.82659912109375,-32.36808776855469,474.6197509765625,18.345130920410156,571,88.09106830122592,30,1.9524576663970947,92.10208129882812,2,2
Ligne,haute,3611,3610,1575844887,49.70124053955078,-19.729469299316406,679.1812133789062,19.12435531616211,499,83.96793587174349,43,3.1980724334716797,90.69650268554688,4,0
Ligne,basse,357,364,2013425278,49.273094177246094,-34.36859893798828,704.2750854492188,19.90974998474121,548,83.21167883211679,6,0.19109174609184265,91.29735565185547,1,4
Ligne,haute,357,364,2013425278,49.300662994384766,-22.661237716674805,1007.8009643554688,19.523906707763672,579,82.90155440414507,8,0.8187925219535828,91.3455581665039,0,1
Ligne,basse,3735,140,13374071,49.367225646972656,-34.043251037597656,791.8536987304688,19.004735946655273,586,85.49488054607508,11,0.8748467564582825,91.17877960205078,2,1
Ligne,haute,3735,140,13374071,49.61884689331055,-21.601226806640625,931.5195922851562,19.90163230895996,535,85.79439252336448,13,0.9291025996208191,91.63227844238281,1,0
Ligne,basse,388,366,352111753,49.07707214355469,-34.576480865478516,846.6403198242188,20.608373641967773,469,82.72921108742004,14,1.0115361213684082,91.56006622314453,0,0
Ligne,haute,388,366,352111753,49.5993766784668,-17.472015380859375,727.1694946289062,19.653324127197266,543,83.42541436464089,38,2.933553457260132,91.79845428466797,1,0
Ligne,basse,175,6851,1049265140,48.95063400268555,-33.84942626953125,653.8873901367188,21.061445236206055,488,81.55737704918033,7,1.3852522373199463,92.0468521118164,2,3
Ligne,haute,175,6851,1049265140,49.2420654296875,-19.629283905029297,905.7258911132812,20.551984786987305,512,81.4453125,21,1.0654964447021484,91.47643280029297,1,1
Ligne,basse,3263,4007,186245157,48.7542610168457,-33.766090393066406,808.4496459960938,21.402421951293945,399,78.19548872180451,18,1.6391355991363525,91.80526733398438,4,0
Ligne,haute,3263,4007,186245157,49.254051208496094,-19.342817306518555,792.1536254882812,21.092708587646484,441,76.19047619047619,30,2.4524664878845215,92.28191375732422,2,0
Ligne,basse,3616,441,1120418230,48.94166564941406,-34.578067779541016,800.0516967773438,19.7812442779541,595,83.02521008403362,6,0.34338152408599854,90.92681121826172,0,1
Ligne,haute,3616,441,1120418230,48.97136688232422,-21.440204620361328,952.7144165039062,19.413005828857422,508,84.25196850393701,17,1.4509127140045166,91.4107666015625,3,0
Ligne,basse,349,337,85596666,49.273223876953125,-33.21073532104492,695.9771118164062,20.93604850769043,416,80.28846153846153,13,1.3470240831375122,91.9054183959961,2,3
Ligne,haute,349,337,85596666,49.308101654052734,-19.214784622192383,773.2582397460938,20.214597702026367,408,78.92156862745098,24,2.1553003787994385,92.60021209716797,2,2
Ligne,basse,366,368,1769244548,49.665531158447266,-32.19148254394531,563.2095336914062,20.16267204284668,480,84.79166666666667,21,1.317752718925476,90.1889419555664,1,2
Ligne,haute,366,368,1769244548,49.482730865478516,-17.52821159362793,941.8170776367188,20.918453216552734,409,78.239608801956,30,2.469686985015869,92.34412384033203,4,1
Ligne,basse,393,357,1313602615,48.87740707397461,-33.46276092529297,833.4435424804688,20.42047691345215,452,78.53982300884955,11,0.9735663533210754,91.00752258300781,0,1
Ligne,haute,393,357,1313602615,48.9055290222168,-22.112930297851562,864.4359741210938,20.629703521728516,469,79.53091684434968,18,2.2897446155548096,92.06493377685547,4,1
Ligne,basse,370,388,1463368591,49.3796272277832,-34.51606750488281,678.0814819335938,20.16594123840332,352,76.98863636363636,17,1.1037942171096802,93.0228500366211,2,2
Ligne,haute,370,388,1463368591,49.74038314819336,-18.0904598236084,882.9314575195312,21.187097549438477,423,78.4869976359338,16,1.304152250289917,92.3053970336914,4,0
Ligne,basse,1538,99,767019185,49.25788116455078,-33.40552520751953,812.5486450195312,21.011425018310547,508,80.70866141732283,7,0.35262757539749146,90.97663116455078,1,3
Ligne,haute,1538,99,767019185,49.63203430175781,-19.285154342651367,724.5701293945312,20.141151428222656,531,83.61581920903954,19,1.0057053565979004,92.32856750488281,1,0
Ligne,basse,170,6997,871005224,48.668582916259766,-33.919986724853516,929.1201782226562,20.596736907958984,403,77.41935483870968,11,0.6430606245994568,91.67920684814453,0,1
Ligne,haute,170,6997,871005224,49.4954719543457,-17.701183319091797,964.3115844726562,20.75734519958496,493,80.32454361054766,24,3.1283345222473145,91.91071319580078,4,0
Ligne,basse,152,140,1014651230,49.339473724365234,-34.52067184448242,868.0350952148438,18.82771110534668,660,86.96969696969697,3,0.11299534887075424,90.0675277709961,0,3
Ligne,haute,152,140,1014651230,49.35139846801758,-19.597211837768555,844.8407592773438,19.345998764038086,567,84.65608465608466,19,0.9135659337043762,89.64552307128906,2,1
Ligne,basse,172,2697,1250740141,49.35191345214844,-34.511566162109375,707.4743041992188,19.546985626220703,616,85.87662337662337,9,0.3330332636833191,91.23985290527344,1,1
Ligne,haute,172,2697,1250740141,49.33563232421875,-21.017271041870117,932.2194213867188,19.192964553833008,620,84.03225806451613,20,1.3982561826705933,90.9791488647461,1,1
Ligne,basse,142,147,2024776132,48.953941345214844,-35.029335021972656,947.5156860351562,20.450551986694336,340,76.76470588235294,10,0.5310094356536865,91.80171966552734,1,3
Ligne,haute,142,147,2024776132,49.04546356201172,-21.32475471496582,877.5327758789062,21.25603675842285,419,80.66825775656325,29,2.8672356605529785,92.148681640625,7,1
Ligne,basse,559,3616,1464793213,49.493770599365234,-34.12736511230469,706.2745971679688,19.345523834228516,525,84.76190476190476,20,1.4924207925796509,91.64115905761719,4,2
Ligne,haute,559,3616,1464793213,49.61925506591797,-21.301183700561523,665.6845092773438,19.10272789001465,425,82.11764705882354,37,2.7246744632720947,93.01225280761719,4,0
Ligne,basse,306,361,674103857,48.97776412963867,-34.254547119140625,734.9675903320312,21.173917770385742,352,79.82954545454545,20,2.092634439468384,92.77619171142578,5,3
Ligne,haute,306,361,674103857,49.14655303955078,-18.628887176513672,896.5281372070312,20.327741622924805,403,78.41191066997519,26,2.065232515335083,92.0030288696289,2,1
Ligne,basse,3822,21581,455992310,49.80198669433594,-34.39253616333008,738.9666137695312,19.243194580078125,596,87.91946308724832,9,0.9825963973999023,91.22359466552734,0,0
Ligne,haute,3822,21581,455992310,49.799583435058594,-19.779216766357422,907.0255737304688,18.91814613342285,530,86.60377358490567,13,0.6583008170127869,91.14421081542969,0,1
Ligne,basse,3706,156,411967342,49.55766296386719,-34.23418045043945,724.7700805664062,19.24231719970703,591,84.94077834179357,10,0.43457120656967163,91.61478424072266,2,1
Ligne,haute,3706,156,411967342,49.848228454589844,-21.039295196533203,605.3992309570312,18.990036010742188,550,84.18181818181819,30,2.8437483310699463,90.64364624023438,4,0
Ligne,basse,363,373,1100352984,49.601280212402344,-32.42817306518555,593.7020874023438,21.162763595581055,477,81.55136268343816,20,1.0954747200012207,91.70819091796875,2,1
Ligne,haute,363,373,1100352984,49.6813850402832,-15.398726463317871,641.8903198242188,20.795278549194336,386,72.53886010362694,28,2.557131767272949,93.00396728515625,5,0
Ligne,basse,2925,17530,1241640015,49.131160736083984,-34.634315490722656,880.4320678710938,19.29388999938965,513,85.57504873294347,8,0.5130683183670044,88.92324829101562,1,3
Ligne,haute,2925,17530,1241640015,49.513282775878906,-20.406726837158203,846.8402709960938,19.4090633392334,545,83.11926605504587,20,1.351387619972229,91.8982162475586,2,1
Ligne,basse,436,995,330066000,49.80061721801758,-31.74803924560547,461.8189697265625,20.231374740600586,454,81.71806167400881,26,2.4621729850769043,92.8870849609375,3,0
Ligne,haute,436,995,330066000,50.21725845336914,-15.938811302185059,336.9113464355469,20.904909133911133,397,79.84886649874055,42,3.0896294116973877,94.30946350097656,6,0
Ligne,basse,368,388,950415411,49.41010665893555,-33.916969299316406,609.0983276367188,21.292207717895508,435,79.77011494252874,17,1.3985564708709717,92.625,3,3
Ligne,haute,368,388,950415411,49.873172760009766,-19.473285675048828,580.7052612304688,20.533193588256836,414,77.53623188405797,26,2.285938262939453,93.29609680175781,3,1
Ligne,basse,145,147,1914605551,48.62546157836914,-34.22840881347656,910.5247192382812,21.34062957763672,424,76.88679245283019,13,0.7775198221206665,91.08487701416016,0,5
Ligne,haute,145,147,1914605551,49.212459564208984,-21.572608947753906,980.6076049804688,20.601694107055664,521,79.46257197696737,17,1.3212952613830566,91.01666259765625,1,1
Ligne,basse,176,174,1842724251,49.746829986572266,-32.77500915527344,474.7197570800781,21.723854064941406,459,80.82788671023965,19,1.0993092060089111,92.57938385009766,4,2
Ligne,haute,176,174,1842724251,49.81730270385742,-13.615372657775879,779.0568237304688,21.113489151000977,399,81.95488721804512,38,3.3077924251556396,92.76055145263672,7,0
Ligne,basse,239,4007,625984714,48.98213577270508,-32.90608215332031,829.4445190429688,20.801292419433594,438,80.36529680365297,19,1.665022850036621,91.22547912597656,1,0
Ligne,haute,239,4007,625984714,49.42131805419922,-16.89775848388672,728.3692016601562,20.933313369750977,493,80.93306288032454,35,2.83998441696167,91.83776092529297,7,0
Ligne,basse,258,264,1637070181,49.86802291870117,-32.62141036987305,519.4202270507812,20.758346557617188,445,79.32584269662921,7,0.665954053401947,92.54467010498047,1,3
Ligne,haute,258,264,1637070181,49.812801361083984,-19.608686447143555,509.9219055175781,20.615793228149414,419,79.47494033412887,20,2.3526930809020996,93.6520767211914,3,3
Ligne,basse,4405,13294,1060016884,48.787593841552734,-35.36777877807617,940.3174438476562,18.902116775512695,580,84.65517241379311,2,0.09878575801849365,91.13455200195312,0,3
Ligne,haute,4405,13294,1060016884,49.47957229614258,-21.077388763427734,1010.0004272460938,19.187992095947266,593,84.14839797639124,10,0.5424519181251526,90.93585205078125,0,0
Ligne,basse,134,2950,57829408,49.13274383544922,-33.457122802734375,734.9675903320312,21.167709350585938,384,79.6875,14,1.313232183456421,92.20622253417969,2,1
Ligne,haute,134,2950,57829408,49.03205871582031,-17.922653198242188,994.0043334960938,20.263216018676758,411,77.37226277372262,21,1.251438021659851,91.98074340820312,1,2
Ligne,basse,373,384,506153595,49.00126647949219,-35.33967590332031,928.3203735351562,19.20035171508789,507,82.84023668639053,7,0.6614933609962463,91.2890396118164,2,4
Ligne,haute,373,384,506153595,49.43932342529297,-22.00762939453125,959.9126586914062,20.26850700378418,462,83.11688311688312,19,2.1224074363708496,91.8019027709961,1,1
Ligne,basse,90,1538,1336815701,49.092933654785156,-32.77766036987305,672.3828735351562,20.97609519958496,460,80.8695652173913,23,2.510490655899048,91.5360107421875,6,0
Ligne,haute,90,1538,1336815701,49.36604309082031,-19.55559730529785,978.0082397460938,21.129560470581055,401,77.3067331670823,34,2.391974449157715,91.91104125976562,5,0
Ligne,basse,7640,11551,580634010,49.39480209350586,-34.4160041809082,939.3176879882812,19.696165084838867,474,83.96624472573839,19,1.6557841300964355,91.52639770507812,4,0
Ligne,haute,7640,11551,580634010,49.731082916259766,-17.604551315307617,785.7551879882812,19.532926559448242,511,83.56164383561644,26,2.537294864654541,92.27020263671875,5,0
Ligne,basse,172,174,810178100,49.189842224121094,-33.427337646484375,556.0112915039062,20.8120059967041,456,77.85087719298245,11,2.7560665607452393,92.46290588378906,3,4
Ligne,haute,172,174,810178100,49.6639289855957,-16.104042053222656,895.1284790039062,20.18916130065918,435,77.24137931034483,23,1.2588231563568115,92.36876678466797,3,1
Ligne,basse,4691,22269,1189255965,49.72536849975586,-33.33502197265625,703.3753051757812,20.40821075439453,494,80.16194331983806,13,1.456592082977295,91.67435455322266,2,2
Ligne,haute,4691,22269,1189255965,49.04326248168945,-17.529296875,864.7359008789062,21.317771911621094,445,75.73033707865169,22,2.733290672302246,91.53753662109375,3,1
Ligne,basse,99,2922,1358150438,49.294219970703125,-34.555484771728516,866.6354370117188,19.887962341308594,496,80.64516129032258,11,1.1896737813949585,91.39834594726562,2,2
Ligne,haute,99,2922,1358150438,49.53889846801758,-21.345796585083008,947.9155883789062,20.49444007873535,536,82.83582089552239,11,0.9501945972442627,91.81058502197266,2,1
Ligne,basse,111,113,884255354,49.218902587890625,-32.63706970214844,652.4877319335938,21.476459503173828,409,77.50611246943765,31,2.204306125640869,92.47228240966797,6,2
Ligne,haute,111,113,884255354,49.52598190307617,-17.405982971191406,462.01898193359375,20.71753692626953,421,80.52256532066508,46,3.62861704826355,93.46548461914062,7,1
Ligne,basse,133,268,612132171,49.073944091796875,-32.5357780456543,548.2131958007812,21.4803466796875,413,82.80871670702179,13,0.8255442976951599,92.26239013671875,2,5
Ligne,haute,133,268,612132171,49.79954528808594,-18.301671981811523,833.2435913085938,21.008695602416992,443,76.97516930022573,14,1.646654725074768,92.40086364746094,3,1
Ligne,basse,267,263,322750925,49.05897903442383,-35.846160888671875,1057.0889892578125,19.9726619720459,525,80.57142857142857,6,0.5570343732833862,89.17168426513672,1,1
Ligne,haute,267,263,322750925,49.11185073852539,-20.37659454345703,1129.2713623046875,20.093704223632812,527,81.59392789373814,20,1.161128282546997,90.74588012695312,0,0
Ligne,basse,22269,5786,2139222572,49.38909149169922,-34.52334976196289,628.0936889648438,18.787832260131836,690,83.91304347826087,9,1.6576168537139893,91.49440002441406,2,0
Ligne,haute,22269,5786,2139222572,49.64838409423828,-20.26275634765625,788.5545043945312,19.063079833984375,683,85.06588579795022,11,0.6066994667053223,91.6936264038086,1,3
Ligne,basse,170,174,466818611,48.876914978027344,-33.712615966796875,546.2136840820312,20.821386337280273,470,82.97872340425532,12,0.7451934218406677,92.62518310546875,1,1
Ligne,haute,170,174,466818611,49.53592300415039,-15.336033821105957,944.6163940429688,19.934293746948242,423,81.56028368794327,22,1.1958787441253662,92.64510345458984,1,2
Ligne,basse,384,367,2006222649,49.474037170410156,-33.47151184082031,630.1931762695312,21.35185432434082,451,81.1529933481153,22,1.567325234413147,91.91693115234375,6,1
Ligne,haute,384,367,2006222649,50.0145149230957,-16.287158966064453,913.9238891601562,20.62495231628418,434,83.87096774193549,38,2.6856954097747803,92.38491821289062,5,0
Ligne,basse,85,1538,1581366703,49.177608489990234,-32.77906036376953,650.2882690429688,21.19221305847168,427,77.04918032786885,18,2.451976776123047,92.07160186767578,3,4
Ligne,haute,85,1538,1581366703,49.44340515136719,-19.67806625366211,500.02130126953125,20.32338523864746,460,77.82608695652173,27,2.9902498722076416,93.03611755371094,6,0
Ligne,basse,89,93,1024494580,49.139930725097656,-33.31815719604492,678.8812866210938,20.599199295043945,472,82.83898305084746,6,0.45030084252357483,91.79601287841797,0,3
Ligne,haute,89,93,1024494580,49.60007095336914,-19.979156494140625,945.6161499023438,21.6451416015625,463,79.91360691144709,12,0.7080507874488831,91.99549865722656,0,1
Ligne,basse,3611,7879,1465685371,49.465633392333984,-32.172752380371094,612.3975219726562,21.50650405883789,461,84.1648590021692,16,0.8545591235160828,91.99092864990234,1,2
Ligne,haute,3611,7879,1465685371,50.13208770751953,-16.951374053955078,674.7822875976562,20.139944076538086,456,84.4298245614035,34,4.155396461486816,93.03057098388672,4,2
Ligne,basse,1382,2790,1615964618,49.316749572753906,-34.30598449707031,893.1289672851562,19.06437873840332,682,86.65689149560117,5,0.3217872977256775,90.36909484863281,0,0
Ligne,haute,1382,2790,1615964618,49.47641372680664,-21.24042320251465,1021.6975708007812,19.342453002929688,548,84.30656934306569,21,1.4894310235977173,91.10161590576172,0,0
Ligne,basse,85,244,1139745998,48.699161529541016,-34.20444107055664,860.8368530273438,20.867246627807617,401,80.0498753117207,18,1.7611865997314453,91.90437316894531,5,0
Ligne,haute,85,244,1139745998,49.02066421508789,-19.452348709106445,910.3247680664062,20.5156307220459,453,77.48344370860927,27,2.446964979171753,91.8310546875,4,0
Ligne,basse,263,250,2087460833,49.94581604003906,-33.119930267333984,651.8878784179688,21.074804306030273,455,80.65934065934066,10,0.6622960567474365,92.43525695800781,3,0
Ligne,haute,263,250,2087460833,49.79146957397461,-17.372562408447266,707.2743530273438,21.112031936645508,420,75,26,1.6998571157455444,92.89314270019531,6,0
Ligne,basse,3472,3696,336812851,49.14638900756836,-34.96088409423828,824.6456909179688,19.1426944732666,605,85.2892561983471,8,0.559568464756012,90.66988372802734,0,1
Ligne,haute,3472,3696,336812851,49.7896728515625,-22.364320755004883,798.4520874023438,18.450204849243164,743,86.27187079407807,13,0.866000235080719,90.91682434082031,0,2
Ligne,basse,13294,21540,487868817,49.128456115722656,-35.08332061767578,1046.3916015625,19.235736846923828,653,83.92036753445636,4,0.1698688268661499,90.0487289428711,0,0
Ligne,haute,13294,21540,487868817,49.318626403808594,-19.652767181396484,941.3171997070312,19.801664352416992,485,80.20618556701031,16,1.0249608755111694,92.0467758178711,2,1
Ligne,basse,570,936,308785032,49.2656364440918,-31.688419342041016,506.42169189453125,18.317825317382812,475,84,22,1.3407022953033447,92.33602905273438,0,2
Ligne,haute,570,936,308785032,49.59382247924805,-20.903371810913086,744.0653686523438,18.93569564819336,480,85,33,1.6593208312988281,92.30072021484375,2,0
Ligne,basse,243,94,1913070780,49.37784957885742,-34.657676696777344,635.2919311523438,19.77936363220215,568,85.03521126760563,6,0.4247300624847412,91.51922607421875,2,5
Ligne,haute,243,94,1913070780,49.469459533691406,-19.695417404174805,798.1521606445312,19.585588455200195,515,84.27184466019418,24,1.5381076335906982,91.94585418701172,0,2
Ligne,basse,382,357,1412098517,49.12848663330078,-32.917118072509766,607.9985961914062,21.06503677368164,422,76.77725118483413,18,1.4761886596679688,91.89732360839844,2,4
Ligne,haute,382,357,1412098517,49.44416046142578,-18.428966522216797,568.5082397460938,20.304794311523438,436,76.8348623853211,34,3.4575936794281006,92.89521789550781,4,3
Ligne,basse,21581,437,2133107748,48.732364654541016,-34.94908142089844,830.6442260742188,20.762313842773438,445,79.5505617977528,4,0.3257233798503876,91.88785552978516,0,7
Ligne,haute,21581,437,2133107748,48.96159362792969,-20.13392448425293,1016.7987670898438,20.43269157409668,411,78.83211678832117,10,1.096768856048584,92.12786865234375,0,4
Ligne,basse,257,262,1110783560,49.536293029785156,-33.97774124145508,622.3950805664062,18.8656005859375,684,85.52631578947368,5,0.4106754660606384,90.8742904663086,2,2
Ligne,haute,257,262,1110783560,49.63362121582031,-19.091144561767578,836.4428100585938,19.329870223999023,573,85.86387434554973,30,3.1488161087036133,91.51400756835938,4,1
Ligne,basse,3759,6907,1682151650,48.80302810668945,-34.1096305847168,841.8414916992188,21.562824249267578,441,80.95238095238095,9,0.5958304405212402,91.50957489013672,0,4
Ligne,haute,3759,6907,1682151650,49.17051696777344,-17.885772705078125,1089.381103515625,20.951379776000977,409,75.06112469437653,12,1.1240243911743164,92.44163513183594,1,2
Ligne,basse,21607,5309,302470383,49.149810791015625,-35.05364227294922,836.8427124023438,19.14923667907715,509,82.90766208251473,7,0.6871363520622253,91.631103515625,3,4
Ligne,haute,21607,5309,302470383,49.382259368896484,-18.871355056762695,853.7385864257812,19.684751510620117,538,83.64312267657992,20,1.4205982685089111,91.87506103515625,2,0
Ligne,basse,2572,112,1664014101,49.31932067871094,-32.83549118041992,770.4589233398438,21.135948181152344,464,82.75862068965517,10,0.4265657365322113,91.04058074951172,0,2
Ligne,haute,2572,112,1664014101,49.51404571533203,-18.74741554260254,736.0673217773438,20.80878257751465,420,77.85714285714286,26,1.44185471534729,92.74513244628906,2,2
Ligne,basse,118,2925,364679294,49.766395568847656,-34.44614791870117,815.8478393554688,19.181135177612305,521,85.02879078694818,8,0.6891776323318481,91.30422973632812,0,3
Ligne,haute,118,2925,364679294,49.59583282470703,-21.563047409057617,776.3574829101562,19.62093162536621,563,85.2575488454707,19,1.6085035800933838,91.90876770019531,1,1
Ligne,basse,87,1538,420943911,48.97066116333008,-33.39235305786133,771.9585571289062,20.944293975830078,442,78.95927601809954,21,1.6191160678863525,91.90171813964844,4,1
Ligne,haute,87,1538,420943911,48.95435333251953,-20.081951141357422,954.8139038085938,20.41669464111328,439,81.32118451025057,29,1.8598861694335938,91.6421127319336,2,0
Ligne,basse,559,936,330630444,49.48936462402344,-31.867416381835938,604.4994506835938,19.473466873168945,575,84.17391304347827,19,1.6323039531707764,91.61540985107422,2,0
Ligne,haute,559,936,330630444,50.22807693481445,-17.082141876220703,427.9169006347656,20.056474685668945,526,84.22053231939164,31,2.9856138229370117,92.49049377441406,5,0
Ligne,basse,2250,3696,1887936958,49.59035110473633,-32.081844329833984,528.7179565429688,17.951738357543945,577,85.78856152512998,27,2.930863618850708,91.61550903320312,4,2
Ligne,haute,2250,3696,1887936958,49.97700881958008,-18.64455795288086,464.2191162109375,18.98819923400879,488,83.19672131147541,43,3.539478063583374,93.02472686767578,1,0
Ligne,basse,2950,125,1145763051,49.3337516784668,-33.159236907958984,701.0758666992188,21.060319900512695,427,79.85948477751757,10,0.2606129050254822,90.2801513671875,0,3
Ligne,haute,2950,125,1145763051,49.369712829589844,-18.9887638092041,808.9495239257812,21.013593673706055,381,74.54068241469817,24,1.6308053731918335,92.63117218017578,1,1
Ligne,basse,9078,6870,922252038,49.17648696899414,-34.41059112548828,724.0702514648438,19.60875129699707,429,79.95337995337995,24,1.6112995147705078,91.51229858398438,1,3
Ligne,haute,9078,6870,922252038,49.86378860473633,-19.17556381225586,584.5043334960938,18.963747024536133,444,82.65765765765765,36,4.226617813110352,93.20292663574219,9,1
Ligne,basse,359,357,1411799261,49.38176345825195,-31.543170928955078,481.22015380859375,20.822710037231445,477,75.05241090146751,21,2.843160390853882,92.64971160888672,4,1
Ligne,haute,359,357,1411799261,49.12139129638672,-21.891246795654297,605.5991821289062,20.12375259399414,446,77.3542600896861,15,1.890636682510376,93.46442413330078,4,4
Ligne,basse,147,156,1700574325,49.55216598510742,-33.90496826171875,647.0890502929688,18.175819396972656,594,89.05723905723906,25,2.2123615741729736,91.35162353515625,1,2
Ligne,haute,147,156,1700574325,49.887474060058594,-21.777332305908203,544.9140014648438,18.69568634033203,651,89.24731182795699,25,2.2949485778808594,92.14483642578125,2,0
Ligne,basse,3997,113,51613704,49.06801223754883,-32.23708724975586,708.0741577148438,20.858327865600586,412,81.79611650485437,16,1.3299896717071533,91.90077209472656,3,5
Ligne,haute,3997,113,51613704,49.4938850402832,-19.316543579101562,753.9629516601562,21.17034912109375,426,76.99530516431925,22,1.5079610347747803,92.69767761230469,2,0
Ligne,basse,103,4057,702879240,50.217864990234375,-32.90748977661133,425.7167663574219,20.853965759277344,406,77.58620689655173,16,0.9866441488265991,93.3543701171875,1,0
Ligne,haute,103,4057,702879240,50.02426528930664,-16.886932373046875,509.421875,20.842788696289062,434,76.036866359447,39,2.236912965774536,92.8916015625,1,0
Ligne,basse,170,174,1435546856,49.12324905395508,-32.68669128417969,574.6067504882812,20.902624130249023,449,82.40534521158129,4,0.5176124572753906,92.54844665527344,0,3
Ligne,haute,170,174,1435546856,49.561912536621094,-18.467370986938477,981.2074584960938,19.96345329284668,441,78.91156462585035,9,0.7415971755981445,92.36267852783203,0,1
Ligne,basse,137,10388,1495203957,49.64671325683594,-34.022769927978516,578.2058715820312,20.948728561401367,396,76.26262626262626,10,0.9080011248588562,92.62226867675781,1,3
Ligne,haute,137,10388,1495203957,49.926876068115234,-21.161108016967773,609.5982055664062,20.651714324951172,467,79.44325481798715,18,1.7065669298171997,92.56755065917969,3,2
Ligne,basse,156,151,323811002,49.15850067138672,-33.929325103759766,669.7835083007812,20.825729370117188,479,81.00208768267224,16,0.880928635597229,92.07801818847656,4,0
Ligne,haute,156,151,323811002,49.31821823120117,-21.103164672851562,989.5054321289062,20.702268600463867,408,77.94117647058823,14,0.9874541759490967,92.31110382080078,2,2
Ligne,basse,118,3997,1667359241,49.111637115478516,-33.8098030090332,753.3630981445312,21.765748977661133,386,81.0880829015544,19,1.0116766691207886,92.02963256835938,1,3
Ligne,haute,118,3997,1667359241,49.4866943359375,-16.958518981933594,754.7627563476562,20.810964584350586,452,79.64601769911505,34,1.7642900943756104,92.34056091308594,2,1
Ligne,basse,995,7656,765467029,48.63849639892578,-33.90517807006836,778.8568725585938,20.3700008392334,425,79.05882352941177,12,1.7572860717773438,91.45685577392578,2,3
Ligne,haute,995,7656,765467029,49.18595886230469,-21.7294979095459,857.9375610351562,20.3561954498291,425,77.88235294117646,13,1.023303508758545,92.02882385253906,4,3
Ligne,basse,3699,21610,972949956,49.490928649902344,-34.551944732666016,740.0663452148438,19.030881881713867,598,86.95652173913044,7,0.2678857445716858,90.56260681152344,0,1
Ligne,haute,3699,21610,972949956,49.5954704284668,-19.261497497558594,850.0394897460938,19.498315811157227,523,82.98279158699809,17,1.7115191221237183,91.70403289794922,3,0
Ligne,basse,87,89,497728889,48.54959487915039,-34.924625396728516,747.3645629882812,20.676841735839844,445,83.14606741573034,4,0.24776913225650787,92.02471923828125,2,2
Ligne,haute,87,89,497728889,49.23344802856445,-19.54446792602539,938.6178588867188,20.659624099731445,469,77.18550106609808,8,0.3132554888725281,91.719970703125,1,3
Ligne,basse,151,152,2045654981,49.78767395019531,-33.96165466308594,684.2799682617188,18.98581886291504,540,82.4074074074074,4,0.07344897836446762,91.57140350341797,0,1
Ligne,haute,151,152,2045654981,49.84354019165039,-21.49810791015625,724.2702026367188,19.469297409057617,590,85.08474576271186,14,1.4738225936889648,91.63084411621094,1,0
Ligne,basse,363,366,554673974,49.504600524902344,-32.69247817993164,570.3078002929688,19.590038299560547,516,83.72093023255815,22,2.2484002113342285,91.96964263916016,3,1
Ligne,haute,363,366,554673974,49.74724578857422,-20.579465866088867,653.3875122070312,19.84476661682129,472,81.35593220338983,32,2.0553317070007324,92.63858795166016,3,3
Ligne,basse,104,3997,1784849258,50.03795623779297,-32.087894439697266,443.61785888671875,20.612337112426758,456,82.45614035087719,27,1.7948194742202759,92.9691390991211,3,2
Ligne,haute,104,3997,1784849258,49.643436431884766,-18.173282623291016,505.0216064453125,21.007652282714844,410,76.09756097560975,34,3.018871545791626,93.24301147460938,3,0
Ligne,basse,393,384,1950149415,49.34021759033203,-34.35562515258789,703.3753051757812,20.021032333374023,552,84.05797101449275,17,1.4321374893188477,91.48120880126953,3,0
Ligne,haute,393,384,1950149415,49.57504653930664,-18.10703468322754,748.7642211914062,20.290311813354492,518,84.16988416988417,24,1.5100873708724976,92.57222747802734,10,0
Ligne,basse,789,19267,1551413899,49.39864730834961,-32.84185791015625,677.0817260742188,18.793764114379883,501,84.03193612774452,31,3.018728494644165,91.58918762207031,3,0
Ligne,haute,789,19267,1551413899,49.948631286621094,-20.793310165405273,624.8944702148438,19.711795806884766,562,83.27402135231317,12,0.5975874662399292,92.07421875,2,0
Ligne,basse,85,102,1083776645,48.635066986083984,-33.92020034790039,924.8212280273438,20.743946075439453,431,79.81438515081207,13,1.139106035232544,90.82621002197266,0,3
Ligne,haute,85,102,1083776645,49.239280700683594,-21.42011260986328,853.0387573242188,20.274354934692383,434,79.95391705069125,17,1.7155669927597046,92.36132049560547,1,2
Ligne,basse,6870,432,1803412708,48.503719329833984,-34.70587921142578,826.3452758789062,20.685585021972656,435,80.6896551724138,5,0.2465461939573288,91.48597717285156,0,7
Ligne,haute,6870,432,1803412708,48.82230758666992,-22.57658576965332,916.1233520507812,20.13290786743164,419,77.32696897374701,4,0.31035250425338745,92.76995086669922,0,6
Ligne,basse,94,87,1603673735,49.44570541381836,-33.93143081665039,756.5623168945312,19.455018997192383,646,88.54489164086688,6,0.2589506208896637,90.4902572631836,0,1
Ligne,haute,94,87,1603673735,49.6693229675293,-20.114221572875977,736.9671020507812,19.64361572265625,550,85.27272727272727,21,2.0173158645629883,92.41716003417969,5,1
Ligne,basse,258,266,1241796862,48.984893798828125,-35.10649108886719,719.3713989257812,21.22246551513672,430,82.09302325581395,7,0.6615656614303589,92.18537902832031,1,1
Ligne,haute,258,266,1241796862,49.68451690673828,-19.117170333862305,745.8649291992188,20.062589645385742,476,81.72268907563026,16,1.0066297054290771,92.34281921386719,1,1
Ligne,basse,113,3997,169762054,48.8525276184082,-33.76670455932617,810.8490600585938,21.18069076538086,412,78.64077669902913,12,1.3915034532546997,90.18339538574219,1,2
Ligne,haute,113,3997,169762054,49.32801818847656,-17.58009910583496,1041.4927978515625,20.883464813232422,473,76.32135306553911,14,1.2806099653244019,91.43794250488281,0,0
Ligne,basse,3024,989,1153742415,49.29332733154297,-34.573631286621094,890.2296752929688,18.90242576599121,565,84.24778761061947,13,1.1033812761306763,90.69999694824219,1,1
Ligne,haute,3024,989,1153742415,49.45355987548828,-22.453798294067383,904.5261840820312,19.065813064575195,572,84.96503496503496,23,1.2819547653198242,91.47373962402344,1,0
Ligne,basse,359,368,1656874616,49.531455993652344,-32.71179962158203,515.3212280273438,21.55995750427246,469,83.36886993603412,27,2.7990360260009766,92.50823974609375,3,2
Ligne,haute,359,368,1656874616,50.174102783203125,-16.912761688232422,550.3126831054688,20.786420822143555,457,83.36980306345733,33,2.7979965209960938,93.56400299072266,2,0
Ligne,basse,3735,139,1891547481,49.32976531982422,-34.61769104003906,812.6486206054688,18.631662368774414,486,84.15637860082305,5,0.31553366780281067,91.99044036865234,0,1
Ligne,haute,3735,139,1891547481,49.63960647583008,-19.999801635742188,933.6190795898438,19.852642059326172,507,80.86785009861933,12,0.9287198781967163,91.7325668334961,1,0
Ligne,basse,4007,109,266353912,49.11146545410156,-32.920501708984375,718.0717163085938,21.164594650268555,398,77.1356783919598,8,0.5153563618659973,92.40352630615234,1,4
Ligne,haute,4007,109,266353912,49.56380081176758,-15.560729026794434,842.9412231445312,20.76015853881836,479,78.49686847599165,23,1.157845139503479,92.06301879882812,1,2
Ligne,basse,122,268,941325862,49.83774185180664,-31.810867309570312,535.3163452148438,20.920732498168945,478,83.26359832635983,18,1.7676756381988525,92.06900024414062,3,1
Ligne,haute,122,268,941325862,49.879913330078125,-17.88775634765625,771.7586059570312,21.157604217529297,406,81.03448275862068,25,2.7231717109680176,92.71754455566406,3,1
Ligne,basse,264,256,2070153691,48.79127502441406,-34.72260665893555,747.7644653320312,20.93250274658203,442,81.67420814479638,4,0.34653806686401367,91.94408416748047,0,5
Ligne,haute,264,256,2070153691,48.99989318847656,-21.45768165588379,874.2335815429688,20.080589294433594,443,77.87810383747178,10,0.3875512182712555,92.18162536621094,1,1
Ligne,basse,12698,3472,1368079903,49.56647491455078,-34.083343505859375,619.5957641601562,19.323974609375,535,83.92523364485982,12,1.011083722114563,91.59284210205078,3,2
Ligne,haute,12698,3472,1368079903,50.05242156982422,-19.845991134643555,659.1860961914062,20.117189407348633,523,86.4244741873805,42,3.0137038230895996,91.62950134277344,2,0
Ligne,basse,13294,1382,1589609104,48.89830017089844,-35.55880355834961,752.1633911132812,18.875133514404297,555,83.78378378378379,4,0.29412516951560974,91.27116394042969,0,1
Ligne,haute,13294,1382,1589609104,49.19473648071289,-22.839645385742188,957.4132690429688,19.367284774780273,591,83.07952622673434,9,0.5883629322052002,91.19575500488281,0,0
Ligne,basse,107,110,1437692358,49.137916564941406,-35.080692291259766,860.5369262695312,19.84745216369629,528,82.1969696969697,2,0.12288503348827362,90.97062683105469,2,3
Ligne,haute,107,110,1437692358,49.029327392578125,-21.8135986328125,836.1428833007812,19.68819808959961,494,84.21052631578948,10,1.5964539051055908,91.93433380126953,2,2
Ligne,basse,83,90,493710084,50.0313720703125,-33.16231155395508,573.1071166992188,20.524131774902344,425,83.05882352941177,18,1.6967048645019531,93.0088882446289,7,0
Ligne,haute,83,90,493710084,49.953575134277344,-18.152685165405273,554.9115600585938,21.18575668334961,410,77.3170731707317,30,2.0267722606658936,93.44794464111328,4,0
Ligne,basse,145,156,2091300775,49.319522857666016,-34.829891204833984,615.8966674804688,19.166427612304688,619,85.78352180936996,8,0.547077476978302,91.78233337402344,4,2
Ligne,haute,145,156,2091300775,49.58556365966797,-21.571378707885742,888.3301391601562,19.528045654296875,559,86.04651162790698,31,3.2428722381591797,91.42739868164062,5,0
Ligne,basse,22269,5579,601508701,49.61362838745117,-32.99216079711914,606.9988403320312,20.99109649658203,501,80.83832335329342,8,0.4121539890766144,91.66918182373047,1,3
Ligne,haute,22269,5579,601508701,49.879966735839844,-18.28389549255371,1013.9994506835938,20.985952377319336,432,78.93518518518519,24,2.349513292312622,92.20973205566406,4,2
Ligne,basse,137,3307,102919363,49.53013610839844,-33.77135467529297,834.2433471679688,20.773941040039062,446,82.51121076233184,17,1.705286979675293,91.22880554199219,2,4
Ligne,haute,137,3307,102919363,49.943660736083984,-19.42258644104004,536.9159545898438,20.505760192871094,491,81.05906313645622,25,2.075458288192749,93.08343505859375,7,1
Ligne,basse,13294,21846,1530898879,49.2033576965332,-32.48310470581055,705.5747680664062,21.930561065673828,490,76.12244897959184,7,0.2755265533924103,91.22969055175781,1,3
Ligne,haute,13294,21846,1530898879,49.535728454589844,-18.060773849487305,917.1231079101562,21.295085906982422,428,76.40186915887851,20,0.9408604502677917,92.14503479003906,0,1
Ligne,basse,12216,15784,1562387529,48.50498962402344,-34.05002212524414,886.4306030273438,20.212284088134766,446,79.14798206278027,12,0.7786003351211548,91.1993408203125,0,2
Ligne,haute,12216,15784,1562387529,48.94858169555664,-22.381702423095703,963.4118041992188,19.752220153808594,474,78.27004219409282,6,1.2424432039260864,90.21449279785156,2,2
Ligne,basse,3735,156,738370743,49.116451263427734,-34.07872772216797,771.7586059570312,19.183643341064453,507,82.05128205128206,13,0.8439159393310547,91.37164306640625,1,3
Ligne,haute,3735,156,738370743,49.822879791259766,-19.876646041870117,788.9544067382812,19.297086715698242,530,83.9622641509434,18,1.9634671211242676,92.03730773925781,2,0
Ligne,basse,268,598,1471885787,50.009334564208984,-34.05194854736328,695.1773071289062,18.886051177978516,634,84.38485804416403,8,0.4383352994918823,91.76683044433594,2,1
Ligne,haute,268,598,1471885787,49.68528366088867,-21.269390106201172,734.6676635742188,19.349315643310547,573,86.73647469458987,24,1.4108657836914062,92.12960815429688,3,0
Ligne,basse,3472,3696,835890524,49.24905776977539,-35.44721984863281,924.0214233398438,18.775928497314453,589,86.24787775891342,4,0.35653799772262573,90.88998413085938,0,1
Ligne,haute,3472,3696,835890524,49.18730926513672,-21.278301239013672,865.7356567382812,18.86507225036621,525,82.0952380952381,18,1.0892181396484375,91.6106185913086,1,2
Ligne,basse,114,112,1527410391,49.2210807800293,-34.41828155517578,564.9091186523438,20.361896514892578,425,79.76470588235294,16,1.5864659547805786,92.74435424804688,2,1
Ligne,haute,114,112,1527410391,49.55452346801758,-21.818239212036133,584.3043823242188,20.683258056640625,456,81.35964912280701,33,2.139610767364502,92.81917572021484,5,1
Ligne,basse,132335,7914,2023402780,49.08489227294922,-36.04673385620117,1001.3025512695312,20.11456871032715,468,79.27350427350427,4,0.6345126032829285,91.83409118652344,0,0
Ligne,haute,132335,7914,2023402780,49.659400939941406,-19.036426544189453,827.5449829101562,20.079837799072266,581,82.44406196213426,15,1.3309775590896606,91.23152923583984,1,0
Ligne,basse,362,306,32264918,49.95072555541992,-32.73551940917969,569.0081176757812,20.565181732177734,476,80.04201680672269,21,1.9400702714920044,92.43355560302734,2,0
Ligne,haute,362,306,32264918,50.082908630371094,-16.063636779785156,426.81683349609375,20.837675094604492,435,77.01149425287356,38,2.402517318725586,93.64807891845703,6,0
Ligne,basse,3696,3699,860321550,49.23154830932617,-32.31468963623047,706.8744506835938,21.01051902770996,507,79.28994082840237,11,1.3584398031234741,90.9179916381836,1,3
Ligne,haute,3696,3699,860321550,49.593753814697266,-17.196956634521484,783.0558471679688,21.096782684326172,481,82.53638253638253,25,1.5799165964126587,92.17400360107422,0,0
Ligne,basse,357,306,1478641587,49.52126693725586,-34.05096435546875,590.9027709960938,21.130762100219727,431,80.51044083526682,15,0.6612796187400818,92.59940338134766,3,0
Ligne,haute,357,306,1478641587,49.908226013183594,-17.57341957092285,577.0061645507812,20.883377075195312,407,78.86977886977887,31,2.6728155612945557,93.54122924804688,2,0
Ligne,basse,382,370,604641600,49.7199821472168,-35.14279556274414,633.8922729492188,18.24054527282715,527,87.4762808349146,14,0.691480278968811,90.33753967285156,3,3
Ligne,haute,382,370,604641600,49.517425537109375,-21.69367218017578,564.4092407226562,19.479230880737305,471,85.1380042462845,38,2.312387704849243,92.47026824951172,4,3
Ligne,basse,1382,3759,2002925567,49.27410125732422,-34.60211944580078,748.7642211914062,19.02834701538086,615,84.22764227642277,2,0.061340898275375366,90.81793212890625,0,3
Ligne,haute,1382,3759,2002925567,49.62738800048828,-22.171245574951172,951.8146362304688,19.19700813293457,585,84.61538461538461,9,0.5259792804718018,91.47598266601562,3,0
Ligne,basse,519,21540,28316747,49.11782455444336,-34.04383087158203,980.0077514648438,18.992626190185547,701,84.73609129814551,10,0.35993102192878723,89.94375610351562,0,0
Ligne,haute,519,21540,28316747,49.61703872680664,-18.964611053466797,783.5557250976562,19.94498062133789,553,83.00180831826401,17,1.3443735837936401,92.0425033569336,4,0
Ligne,basse,7868,6851,1017265311,48.93999099731445,-34.764404296875,881.1318969726562,21.141469955444336,425,81.88235294117646,9,0.2593541741371155,92.36318969726562,0,4
Ligne,haute,7868,6851,1017265311,49.4318733215332,-19.473983764648438,733.7678833007812,20.79996681213379,539,80.33395176252318,16,0.9454614520072937,90.81405639648438,3,2
Ligne,basse,127,134,480544626,49.01426696777344,-35.197052001953125,856.5379028320312,20.577619552612305,492,85.77235772357723,13,1.220574140548706,91.8469467163086,5,1
Ligne,haute,127,134,480544626,49.55235290527344,-19.626401901245117,773.0582885742188,21.06134796142578,444,78.37837837837837,19,1.9046547412872314,92.44288635253906,1,1
Ligne,basse,3746,4411,302910801,49.670745849609375,-34.031410217285156,732.1682739257812,19.211851119995117,578,84.2560553633218,9,0.7424559593200684,91.19805145263672,0,0
Ligne,haute,3746,4411,302910801,49.7728271484375,-20.363264083862305,563.9093627929688,19.020919799804688,608,86.01973684210526,28,3.7923951148986816,91.9200210571289,3,0
Ligne,basse,3611,3610,2101176022,49.41649627685547,-33.91106033325195,601.5001831054688,18.575084686279297,569,87.5219683655536,11,0.5779810547828674,91.58743286132812,2,4
Ligne,haute,3611,3610,2101176022,49.669761657714844,-21.633363723754883,703.7752075195312,18.932966232299805,599,85.80968280467445,17,1.1369147300720215,91.91056823730469,0,0
Ligne,basse,3024,11551,59250330,49.51465606689453,-34.10164260864258,786.1550903320312,18.11420440673828,711,86.63853727144867,8,0.7723602652549744,90.77145385742188,1,1
Ligne,haute,3024,11551,59250330,49.515140533447266,-21.746063232421875,786.1550903320312,18.739177703857422,715,86.7132867132867,11,0.45458608865737915,91.08820343017578,0,0
Largeur,étroite,87,1068,1002897798,34.15926742553711,-29.09943389892578,938.5178833007812,19.159208297729492,436,81.88073394495413,12,1.1987582445144653,92.18952178955078,1,3
Largeur,large,87,1068,1002897798,54.009437561035156,-26.846303939819336,952.9143676757812,19.75608253479004,470,84.04255319148936,12,0.9073621034622192,91.57118225097656,1,3
Largeur,étroite,3616,5579,929393559,33.59440994262695,-29.25277328491211,770.9588012695312,19.678546905517578,474,79.53586497890295,15,0.4269769489765167,92.26911926269531,0,4
Largeur,large,3616,5579,929393559,54.73527526855469,-28.709514617919922,712.3731079101562,19.588504791259766,551,83.66606170598911,15,1.128013014793396,91.50277709960938,1,2
Largeur,étroite,133,137,217468053,33.459373474121094,-29.568134307861328,1142.0682373046875,19.4952392578125,438,82.42009132420091,16,0.6546851992607117,91.66234588623047,1,1
Largeur,large,133,137,217468053,54.76948165893555,-28.35418128967285,878.3325805664062,20.14380645751953,555,85.04504504504504,10,0.884867787361145,91.72296142578125,3,0
Largeur,étroite,552,437,532638534,34.438297271728516,-28.35528564453125,1014.3993530273438,19.365737915039062,515,83.68932038834951,9,0.36013832688331604,91.15048217773438,1,2
Largeur,large,552,437,532638534,53.26307678222656,-29.089740753173828,1094.8797607421875,19.953340530395508,435,76.32183908045977,2,0.11695542186498642,91.25859069824219,0,4
Largeur,étroite,122,137,1464848243,33.88849639892578,-27.242334365844727,865.2357788085938,20.034345626831055,435,84.82758620689656,19,0.8675001263618469,92.2651596069336,1,3
Largeur,large,122,137,1464848243,54.64250564575195,-28.742464065551758,940.3174438476562,20.095937728881836,522,84.86590038314176,10,1.016344428062439,91.60235595703125,3,1
Largeur,étroite,3822,21607,1321446349,34.95439147949219,-26.48429298400879,771.5586547851562,20.577848434448242,371,78.16711590296497,40,1.4933013916015625,92.04691314697266,0,1
Largeur,large,3822,21607,1321446349,54.80055618286133,-26.532176971435547,665.6845092773438,20.64824104309082,446,74.43946188340807,20,1.540036678314209,91.89909362792969,3,2
Largeur,étroite,2565,3706,2039633683,34.10148239135742,-28.754392623901367,1075.784423828125,20.006946563720703,444,82.43243243243244,21,1.6529468297958374,92.13468933105469,2,1
Largeur,large,2565,3706,2039633683,54.22075653076172,-28.572534561157227,1147.2669677734375,20.26034927368164,424,82.0754716981132,11,0.7068824172019958,92.11243438720703,1,1
Largeur,étroite,359,331,820276643,34.90234375,-25.685518264770508,644.8895874023438,19.84172821044922,439,81.77676537585421,28,1.4968019723892212,92.3228988647461,0,1
Largeur,large,359,331,820276643,54.69990539550781,-26.1906795501709,485.22039794921875,20.439739227294922,474,82.27848101265823,16,1.6392525434494019,93.09457397460938,4,1
Largeur,étroite,132335,1895,1704637349,33.47222900390625,-29.968032836914062,1353.316650390625,20.156179428100586,432,79.16666666666667,2,0.041820771992206573,90.95757293701172,1,3
Largeur,large,132335,1895,1704637349,53.35784912109375,-29.725521087646484,1195.8551025390625,20.399446487426758,491,79.22606924643584,4,0.2503299415111542,90.7116928100586,0,1
Largeur,étroite,268,133,1903678842,34.49039077758789,-25.545995712280273,768.3594360351562,19.429122924804688,478,89.9581589958159,32,1.282720685005188,92.21641540527344,1,2
Largeur,large,268,133,1903678842,54.89299392700195,-26.614290237426758,664.3848266601562,19.46763801574707,462,85.71428571428571,16,1.103783130645752,92.63398742675781,4,0
Largeur,étroite,139,2565,1501726364,34.63462829589844,-27.628711700439453,1152.4656982421875,19.191940307617188,448,80.80357142857143,7,0.20018897950649261,91.29597473144531,0,1
Largeur,large,139,2565,1501726364,54.62302017211914,-27.806381225585938,723.9702758789062,20.932004928588867,557,80.78994614003591,8,0.43672099709510803,91.5967025756836,0,0
Largeur,étroite,7868,170,1731519511,34.49118423461914,-27.814617156982422,667.0841674804688,19.356107711791992,576,83.85416666666667,18,0.9629286527633667,92.3028335571289,3,1
Largeur,large,7868,170,1731519511,54.692630767822266,-29.082853317260742,871.1343383789062,21.059886932373047,508,82.48031496062993,11,1.2012968063354492,90.37653350830078,1,1
Largeur,étroite,263,256,1104652174,34.2961540222168,-27.107847213745117,963.7117309570312,19.237855911254883,483,82.40165631469979,15,0.7302110195159912,91.64570617675781,1,2
Largeur,large,263,256,1104652174,54.41591262817383,-27.130233764648438,816.8475952148438,20.261140823364258,477,82.80922431865828,7,0.6466734409332275,91.8648910522461,1,0
Largeur,étroite,1895,132335,2134161410,34.91917037963867,-28.091838836669922,828.5447387695312,21.042762756347656,324,79.32098765432099,45,2.682028293609619,92.91438293457031,7,0
Largeur,large,1895,132335,2134161410,54.329864501953125,-26.437725067138672,795.1528930664062,20.379663467407227,355,84.78873239436619,16,1.0530771017074585,92.83670043945312,6,0
Largeur,étroite,143,2726,932725007,33.5072021484375,-29.23670768737793,963.9116821289062,19.81505584716797,516,81.2015503875969,22,1.14591383934021,91.36273956298828,2,1
Largeur,large,143,2726,932725007,53.96266555786133,-28.595417022705078,1052.4901123046875,21.493778228759766,432,78.47222222222223,12,1.4200520515441895,91.47628784179688,1,2
Largeur,étroite,2566,146,1015490648,34.403926849365234,-27.963520050048828,912.1243286132812,19.016050338745117,416,82.45192307692308,16,0.5851260423660278,91.84661865234375,0,1
Largeur,large,2566,146,1015490648,53.5258903503418,-28.3580379486084,1100.578369140625,20.701881408691406,429,78.55477855477855,12,0.5511259436607361,90.91860961914062,0,1
Largeur,étroite,97,3751,1130118952,34.1595458984375,-28.58621597290039,605.2992553710938,19.91187286376953,456,83.33333333333333,30,1.0484811067581177,93.17888641357422,2,1
Largeur,large,97,3751,1130118952,54.72990036010742,-28.044719696044922,570.9076538085938,19.489755630493164,602,84.88372093023256,20,3.070821523666382,92.0763168334961,3,0
Largeur,étroite,361,388,1485403625,35.27476119995117,-24.292749404907227,525.7186889648438,20.07377815246582,423,80.1418439716312,39,3.0384061336517334,92.52092742919922,0,2
Largeur,large,361,388,1485403625,54.41583251953125,-26.392269134521484,624.9944458007812,21.48270034790039,395,74.9367088607595,12,0.9634778499603271,93.08013916015625,2,0
Largeur,étroite,2925,105,2039758977,33.69430923461914,-29.793916702270508,1292.4315185546875,19.795394897460938,425,82.11764705882354,14,0.8124105334281921,89.35910034179688,0,1
Largeur,large,2925,105,2039758977,53.444854736328125,-27.979204177856445,988.6056518554688,20.814451217651367,365,78.63013698630137,14,0.9520100355148315,91.86528015136719,0,1
Largeur,étroite,170,179,1048083132,34.69986343383789,-25.287946701049805,713.3728637695312,19.260387420654297,466,85.1931330472103,32,1.5551981925964355,92.22301483154297,0,1
Largeur,large,170,179,1048083132,54.8123893737793,-27.25398826599121,633.0924682617188,19.74649429321289,496,83.06451612903226,12,1.0040391683578491,92.2824935913086,0,0
Largeur,étroite,3699,437,259488708,33.978214263916016,-27.958602905273438,965.4113159179688,19.479646682739258,481,80.66528066528066,12,1.9456068277359009,91.34707641601562,2,3
Largeur,large,3699,437,259488708,54.31370544433594,-26.974193572998047,894.7285766601562,20.237966537475586,440,78.63636363636364,6,0.5895065665245056,91.79060363769531,0,1
Largeur,étroite,90,93,669806174,34.388824462890625,-28.3679141998291,706.7744750976562,18.753490447998047,446,85.65022421524664,21,0.733454167842865,92.80494689941406,1,2
Largeur,large,90,93,669806174,54.35042190551758,-28.061307907104492,942.1170043945312,20.96225929260254,466,82.61802575107296,15,0.8987919688224792,89.29841613769531,1,3
Largeur,étroite,3746,1382,2142954714,34.04385757446289,-27.731657028198242,930.5198364257812,20.023109436035156,479,84.34237995824634,38,1.7011175155639648,91.37066650390625,2,1
Largeur,large,3746,1382,2142954714,54.47170639038086,-28.97312355041504,1011.5000610351562,19.586170196533203,535,83.17757009345794,15,0.5801321268081665,91.00981140136719,2,0
Largeur,étroite,254,257,472931517,33.77016830444336,-28.767181396484375,1221.14892578125,19.51900863647461,496,84.0725806451613,10,0.37505489587783813,90.91378021240234,0,2
Largeur,large,254,257,472931517,53.850555419921875,-29.67154884338379,1347.1181640625,19.913209915161133,476,81.30252100840336,3,0.19848564267158508,90.72749328613281,0,1
Largeur,étroite,362,331,921209318,34.50584411621094,-27.560779571533203,905.4259643554688,19.4884033203125,434,83.6405529953917,16,0.586764395236969,92.09794616699219,1,1
Largeur,large,362,331,921209318,54.392799377441406,-25.61435890197754,842.6412963867188,20.870777130126953,470,80.63829787234043,17,1.5315566062927246,91.45482635498047,0,4
Largeur,étroite,7640,3019,1662778767,33.94290542602539,-29.2159481048584,1387.308349609375,20.17620086669922,387,79.06976744186046,6,0.16207045316696167,92.17212677001953,0,1
Largeur,large,7640,3019,1662778767,54.29561996459961,-28.301116943359375,1210.6514892578125,19.995506286621094,440,82.27272727272727,3,0.08914477378129959,91.59214782714844,2,0
Largeur,étroite,13294,2790,1056745520,34.20177459716797,-28.59619140625,1002.5022583007812,19.978879928588867,488,82.78688524590164,22,0.9798870086669922,91.20817565917969,0,0
Largeur,large,13294,2790,1056745520,53.904441833496094,-28.795190811157227,1416.901123046875,20.128257751464844,417,78.8968824940048,4,0.3202553391456604,90.90653991699219,2,0
Largeur,étroite,122,131,1008338748,34.42450714111328,-27.68204689025879,1010.3003540039062,19.304018020629883,373,81.76943699731903,22,1.1291481256484985,92.30552673339844,0,1
Largeur,large,122,131,1008338748,54.37113952636719,-28.452651977539062,956.9133911132812,20.871341705322266,453,79.47019867549669,13,1.3808033466339111,91.29459381103516,2,0
Largeur,étroite,7911,3841,794882901,34.23839569091797,-27.192211151123047,722.6705932617188,20.2657413482666,459,86.49237472766885,35,1.5686184167861938,92.50574493408203,1,1
Largeur,large,7911,3841,794882901,55.023738861083984,-26.697067260742188,723.3704223632812,19.729860305786133,479,84.13361169102296,30,1.7513437271118164,92.37261199951172,1,0
Largeur,étroite,174,2502,1796576214,35.2624397277832,-25.908578872680664,703.7752075195312,19.634660720825195,383,83.81201044386422,43,1.94175386428833,92.36608123779297,1,2
Largeur,large,174,2502,1796576214,54.861061096191406,-25.2167911529541,626.1941528320312,19.830337524414062,493,81.947261663286,25,2.061704635620117,90.09732818603516,0,2
Largeur,étroite,132334,6870,190797265,34.110862731933594,-28.21405601501465,1119.773681640625,20.26536750793457,451,78.7139689578714,21,0.9558593034744263,91.65550231933594,3,1
Largeur,large,132334,6870,190797265,54.5936164855957,-28.74606704711914,1058.188720703125,19.252517700195312,518,82.23938223938224,7,0.3636620044708252,91.89785766601562,1,0
Largeur,étroite,2697,179,485266100,34.56196975708008,-25.924482345581055,814.3482055664062,19.355648040771484,469,86.35394456289978,17,1.0654473304748535,92.30976867675781,1,2
Largeur,large,2697,179,485266100,54.6142692565918,-27.046611785888672,779.9566040039062,19.57268524169922,449,79.9554565701559,9,0.3511066436767578,92.18113708496094,0,0
Largeur,étroite,254,258,645237757,34.334285736083984,-27.415292739868164,1113.0753173828125,18.4816837310791,495,83.03030303030303,8,0.18346145749092102,91.13964080810547,0,1
Largeur,large,254,258,645237757,53.58967208862305,-27.651994705200195,1009.8004760742188,20.33112907409668,419,78.75894988066825,5,0.1947493553161621,91.39559173583984,0,1
Largeur,étroite,388,362,796471501,34.60993576049805,-27.220073699951172,900.2272338867188,19.21322250366211,497,81.69014084507042,16,0.6010975241661072,91.62396240234375,2,0
Largeur,large,388,362,796471501,54.44245910644531,-26.530292510986328,847.0402221679688,20.764925003051758,451,80.04434589800444,12,0.9131652116775513,92.04537963867188,4,1
Largeur,étroite,570,5786,1196878155,34.29951095581055,-28.603044509887695,800.4515991210938,20.9851016998291,344,83.43023255813954,49,3.0886688232421875,93.10560607910156,2,1
Largeur,large,570,5786,1196878155,54.54911422729492,-25.17213249206543,584.7042846679688,19.13250160217285,475,83.78947368421052,33,1.9600586891174316,92.6029052734375,2,1
Largeur,étroite,268,131,359906493,34.324886322021484,-28.64323616027832,880.8319702148438,18.95801544189453,599,84.47412353923205,11,0.5886416435241699,91.31656646728516,0,0
Largeur,large,268,131,359906493,53.727630615234375,-28.08901596069336,1304.6285400390625,21.182971954345703,452,80.75221238938053,4,0.3177667260169983,90.39122009277344,0,1
Largeur,étroite,86,2922,1617046705,34.08404541015625,-29.36087989807129,809.0494995117188,20.699949264526367,338,83.72781065088758,47,2.777036428451538,92.8773422241211,4,1
Largeur,large,86,2922,1617046705,54.605682373046875,-26.610637664794922,603.7996215820312,19.03693962097168,375,83.73333333333333,38,2.9762327671051025,93.27257537841797,0,1
Largeur,étroite,393,362,1827753950,34.79702377319336,-28.02996063232422,1054.3896484375,20.147626876831055,494,83.19838056680162,29,1.7561854124069214,87.78251647949219,1,0
Largeur,large,393,362,1827753950,54.463985443115234,-27.498477935791016,907.4254760742188,21.42450523376465,487,80.69815195071868,11,1.1579201221466064,91.81773376464844,2,1
Largeur,étroite,562,7640,2113437503,33.753082275390625,-29.17792320251465,1243.4434814453125,19.322053909301758,447,82.32662192393737,14,0.5436168909072876,91.27013397216797,0,2
Largeur,large,562,7640,2113437503,54.39864730834961,-28.273113250732422,1148.8665771484375,19.046966552734375,506,82.21343873517786,5,1.1888939142227173,90.94515228271484,2,2
Largeur,étroite,3696,3822,1501688522,34.67742156982422,-27.279773712158203,1109.376220703125,19.589988708496094,416,80.76923076923077,16,1.3509645462036133,91.00145721435547,0,1
Largeur,large,3696,3822,1501688522,53.78501510620117,-26.947141647338867,994.1043090820312,20.922231674194336,433,80.36951501154735,14,0.7000988125801086,89.2252197265625,0,1
Largeur,étroite,18794,21846,1477521204,34.45235824584961,-26.649219512939453,889.7297973632812,19.323184967041016,510,85.09803921568627,27,0.904753565788269,91.4109115600586,0,1
Largeur,large,18794,21846,1477521204,54.309879302978516,-28.381174087524414,850.3394165039062,20.6646785736084,516,81.5891472868217,8,0.44612881541252136,91.05667114257812,1,1
Largeur,étroite,382,349,48190158,34.893672943115234,-27.710256576538086,636.3916625976562,20.3049259185791,376,81.91489361702128,31,1.81619393825531,92.7868423461914,6,3
Largeur,large,382,349,48190158,55.03484344482422,-28.287744522094727,592.1024780273438,20.961977005004883,431,83.52668213457076,20,1.2169911861419678,92.82080078125,5,0
Largeur,étroite,368,359,628641533,33.967350006103516,-27.728605270385742,841.5415649414062,18.600656509399414,560,85.17857142857143,18,0.8717222809791565,91.41092681884766,0,0
Largeur,large,368,359,628641533,54.03458786010742,-28.0943660736084,899.9273071289062,20.194252014160156,470,83.61702127659575,16,1.170589804649353,91.52296447753906,1,2
Largeur,étroite,83,93,1988519473,34.35490036010742,-27.204261779785156,714.1726684570312,18.86391258239746,438,86.3013698630137,43,2.9696736335754395,92.48969268798828,3,3
Largeur,large,83,93,1988519473,54.79937744140625,-27.328540802001953,599.1007690429688,20.054325103759766,459,80.3921568627451,25,1.5458225011825562,92.55062866210938,2,0
Largeur,étroite,570,559,2138614433,34.93424987792969,-27.55242919921875,598.4009399414062,20.183246612548828,430,83.72093023255815,32,1.4202197790145874,92.69361114501953,3,0
Largeur,large,570,559,2138614433,55.056434631347656,-26.659454345703125,577.5060424804688,20.296613693237305,463,82.50539956803456,31,2.1698100566864014,90.97772216796875,3,1
Largeur,étroite,388,393,1490379973,33.86817169189453,-28.601402282714844,1183.758056640625,19.9968318939209,522,84.67432950191571,13,0.43860241770744324,90.70001220703125,1,0
Largeur,large,388,393,1490379973,54.12705993652344,-28.7594051361084,1042.592529296875,20.35825538635254,451,83.37028824833703,9,0.8612117171287537,91.50021362304688,2,1
Largeur,étroite,1382,4411,683759645,34.31067657470703,-29.28594207763672,1094.6798095703125,19.809324264526367,417,82.25419664268586,10,0.5537741184234619,91.85233306884766,1,0
Largeur,large,1382,4411,683759645,54.21682357788086,-28.614246368408203,1269.537109375,19.889938354492188,460,81.30434782608695,12,0.8952209949493408,91.01294708251953,0,0
Largeur,étroite,83,86,385065937,34.4556999206543,-28.568254470825195,864.4359741210938,19.734920501708984,492,83.130081300813,22,1.1195942163467407,91.4223861694336,1,0
Largeur,large,83,86,385065937,54.48942184448242,-26.14305877685547,792.8534545898438,20.344484329223633,474,83.12236286919831,24,1.4999414682388306,92.12901306152344,0,4
Largeur,étroite,170,2502,1366447162,34.786678314208984,-26.98642349243164,731.5684204101562,18.647476196289062,377,83.55437665782493,23,1.5862072706222534,93.20520782470703,2,2
Largeur,large,170,2502,1366447162,54.73326110839844,-25.57784080505371,546.3136596679688,18.837482452392578,465,83.2258064516129,20,1.3127583265304565,92.89759826660156,1,2
Largeur,étroite,99,96,1220134124,34.07551574707031,-28.564279556274414,1201.95361328125,20.188549041748047,436,86.0091743119266,25,1.5464168787002563,91.16716003417969,0,0
Largeur,large,99,96,1220134124,54.61380386352539,-28.32560920715332,990.8051147460938,20.3938045501709,466,84.12017167381974,7,0.6676791906356812,89.98893737792969,0,0
Largeur,étroite,97,85,1335149631,34.15970230102539,-27.369972229003906,762.1609497070312,19.183446884155273,460,87.82608695652173,27,1.110034465789795,92.24090576171875,0,4
Largeur,large,97,85,1335149631,54.233116149902344,-27.159954071044922,802.3511352539062,20.222654342651367,475,79.78947368421052,3,0.2991127669811249,91.75521850585938,1,6
Largeur,étroite,21607,2994,1257437083,34.07468032836914,-27.690845489501953,1297.5302734375,19.66762924194336,455,84.17582417582418,24,0.9162259101867676,90.71765899658203,1,0
Largeur,large,21607,2994,1257437083,53.21078872680664,-27.066774368286133,1340.519775390625,21.680442810058594,402,80.09950248756219,18,1.4949661493301392,90.72114562988281,2,1
Largeur,étroite,153,152,750203086,34.61546325683594,-28.70763397216797,764.2604370117188,21.31767463684082,334,79.94011976047904,36,1.9212616682052612,93.0787582397461,2,1
Largeur,large,153,152,750203086,54.618499755859375,-27.792301177978516,972.5095825195312,19.585159301757812,414,81.64251207729468,24,1.634204387664795,91.70677185058594,1,1
Largeur,étroite,147,140,2134306667,34.10578155517578,-28.036775588989258,900.6271362304688,20.250747680664062,402,82.83582089552239,41,2.6046791076660156,92.20155334472656,3,0
Largeur,large,147,140,2134306667,54.90633773803711,-26.482587814331055,764.1604614257812,19.738035202026367,462,83.33333333333333,23,2.08634090423584,92.32821655273438,3,0
Largeur,étroite,254,256,764807854,34.40842056274414,-26.641685485839844,1062.0877685546875,19.785831451416016,527,78.74762808349146,9,0.41019585728645325,90.76278686523438,0,3
Largeur,large,254,256,764807854,54.16471481323242,-25.76453399658203,835.4430541992188,19.86947250366211,502,80.67729083665338,5,0.2340688854455948,91.44786834716797,0,2
Largeur,étroite,789,7914,670436716,34.74970245361328,-25.701725006103516,706.6744995117188,20.624479293823242,367,86.10354223433242,66,3.8167500495910645,93.03654479980469,5,0
Largeur,large,789,7914,670436716,54.49845886230469,-26.035400390625,802.1511840820312,19.984405517578125,467,82.86937901498929,36,3.8220322132110596,91.60523223876953,5,0
Largeur,étroite,132334,995,1013966036,34.31959915161133,-26.73921775817871,970.9099731445312,18.85203742980957,488,81.55737704918033,9,0.2216021716594696,91.44642639160156,0,6
Largeur,large,132334,995,1013966036,54.38911437988281,-27.543973922729492,863.8361206054688,20.5385684967041,534,80.1498127340824,7,0.5110277533531189,89.62200164794922,1,0
Largeur,étroite,131,10388,1718824160,34.815467834472656,-25.563922882080078,504.1215515136719,20.619375228881836,419,80.90692124105011,39,3.02941632270813,92.85464477539062,2,2
Largeur,large,131,10388,1718824160,54.895206451416016,-27.22429656982422,629.8932495117188,20.96746063232422,507,83.03747534516765,22,1.8253661394119263,91.68307495117188,2,2
Largeur,étroite,104,115,1709944646,34.78241729736328,-27.444608688354492,656.2868041992188,20.551834106445312,369,79.94579945799458,45,2.940946340560913,93.22989654541016,2,0
Largeur,large,104,115,1709944646,54.972068786621094,-27.204675674438477,691.5781860351562,20.693574905395508,440,81.36363636363636,37,3.262711763381958,92.63676452636719,1,0
Largeur,étroite,2250,1929,726787874,34.6358642578125,-27.13157081604004,791.0538940429688,21.359222412109375,320,83.4375,63,4.483479022979736,92.93319702148438,5,0
Largeur,large,2250,1929,726787874,54.49738693237305,-27.132020950317383,760.6613159179688,19.943706512451172,334,82.93413173652695,23,1.6015334129333496,92.86093139648438,4,1
Largeur,étroite,105,239,94993703,34.183292388916016,-30.36457061767578,846.8402709960938,20.5613956451416,400,80.5,18,1.0363670587539673,92.8648452758789,3,2
Largeur,large,105,239,94993703,54.38615036010742,-30.25406265258789,915.2235717773438,19.197006225585938,513,83.82066276803118,13,1.495610237121582,91.52888488769531,1,1
Largeur,étroite,156,3735,1849727770,34.430389404296875,-28.44049644470215,812.8485717773438,18.918277740478516,465,84.94623655913979,16,0.5487234592437744,91.91658782958984,0,0
Largeur,large,156,3735,1849727770,54.1900634765625,-27.960628509521484,826.5452270507812,21.055856704711914,478,78.03347280334728,9,0.5543813705444336,91.59088134765625,0,0
Largeur,étroite,268,7911,1384120890,34.298072814941406,-27.205551147460938,1099.378662109375,18.64534568786621,404,83.91089108910892,8,0.43658995628356934,92.17724609375,0,4
Largeur,large,268,7911,1384120890,54.45977783203125,-28.002132415771484,1057.98876953125,20.616378784179688,464,79.95689655172414,8,0.22103168070316315,91.5220947265625,1,1
Largeur,étroite,4057,110,1142969686,33.899436950683594,-29.806224822998047,1208.951904296875,19.764907836914062,406,82.75862068965517,10,0.40628814697265625,91.6589584350586,0,1
Largeur,large,4057,110,1142969686,53.786155700683594,-29.18998146057129,1105.377197265625,20.429447174072266,389,80.20565552699229,5,0.28414809703826904,92.24458312988281,2,3
Largeur,étroite,3307,3841,1888802919,34.19437026977539,-27.906526565551758,1036.7939453125,19.808673858642578,474,82.70042194092827,19,0.8924433588981628,91.59980773925781,1,0
Largeur,large,3307,3841,1888802919,53.82960891723633,-28.477542877197266,1100.4783935546875,20.650306701660156,386,83.16062176165804,16,0.9020454287528992,92.00659942626953,1,0
Largeur,étroite,127,125,1471360990,34.59549331665039,-28.413604736328125,883.1314086914062,19.22334098815918,461,82.646420824295,17,0.5583624839782715,91.61976623535156,1,2
Largeur,large,127,125,1471360990,54.133975982666016,-27.713510513305664,902.1267700195312,20.77444839477539,434,80.18433179723502,14,0.8234841227531433,91.7504653930664,0,2
Largeur,étroite,996,9078,2102824771,34.12089157104492,-29.270793914794922,1279.8345947265625,20.318090438842773,335,80.8955223880597,22,0.7356058955192566,91.767333984375,1,4
Largeur,large,996,9078,2102824771,53.7298469543457,-30.254657745361328,1180.6588134765625,20.4822940826416,378,79.62962962962963,15,1.5730763673782349,92.07628631591797,6,2
Largeur,étroite,127,3841,334167837,34.062747955322266,-29.239990234375,1180.2589111328125,19.89356231689453,385,84.93506493506493,21,1.9317424297332764,91.60707092285156,3,0
Largeur,large,127,3841,334167837,54.30056381225586,-28.732820510864258,1199.754150390625,20.68861198425293,459,81.91721132897604,13,0.7753270864486694,91.0010757446289,1,1
Largeur,étroite,359,367,1036349728,34.46464920043945,-27.942153930664062,580.8052368164062,20.19707679748535,464,84.48275862068965,29,1.5566953420639038,92.84957885742188,2,2
Largeur,large,359,367,1036349728,54.8531379699707,-26.8277587890625,605.8991088867188,19.33136558532715,552,85.68840579710145,18,1.4890989065170288,92.44882202148438,3,1
Largeur,étroite,996,997,948048695,33.51554870605469,-30.995574951171875,1333.0216064453125,19.6385440826416,396,77.52525252525253,5,0.11536847800016403,91.39688110351562,0,7
Largeur,large,996,997,948048695,54.217010498046875,-27.9359130859375,909.8248901367188,20.554264068603516,398,77.8894472361809,5,0.5010585188865662,92.26407623291016,1,2
Largeur,étroite,9078,1895,506792090,33.4837760925293,-31.594524383544922,1066.6866455078125,19.674646377563477,380,79.47368421052632,9,0.4437764585018158,92.43624877929688,1,0
Largeur,large,9078,1895,506792090,54.27705764770508,-29.02764129638672,1089.6810302734375,20.032602310180664,482,83.40248962655602,2,0.04761975258588791,91.40980529785156,0,1
Largeur,étroite,7868,6997,603445893,34.71896743774414,-28.525253295898438,822.6461791992188,19.65001106262207,471,79.40552016985139,23,0.918729305267334,92.33077239990234,0,1
Largeur,large,7868,6997,603445893,53.68977737426758,-28.447086334228516,750.5637817382812,20.584684371948242,419,81.14558472553699,9,0.3447498083114624,92.69467163085938,0,1
Largeur,étroite,13294,2790,211620115,33.89191436767578,-29.815427780151367,967.1109008789062,19.511871337890625,527,84.0607210626186,9,1.1405699253082275,91.61832427978516,1,0
Largeur,large,13294,2790,211620115,53.167903900146484,-27.996610641479492,1291.2318115234375,19.981739044189453,482,80.49792531120332,7,0.5125555396080017,90.07830047607422,1,2
Largeur,étroite,432,20070,1780414719,33.95005416870117,-29.436304092407227,653.4874877929688,20.731239318847656,385,81.81818181818181,36,2.3435206413269043,92.92196655273438,2,1
Largeur,large,432,20070,1780414719,54.73824691772461,-27.72577667236328,655.1870727539062,19.228240966796875,503,84.8906560636183,29,1.7931095361709595,92.390380859375,3,1
Largeur,étroite,2726,145,937223518,33.843814849853516,-30.180728912353516,1182.158447265625,19.838775634765625,451,81.81818181818181,5,0.20187048614025116,91.3560791015625,1,2
Largeur,large,2726,145,937223518,54.15666580200195,-28.38029670715332,1035.6942138671875,20.247940063476562,423,79.19621749408984,16,1.1708823442459106,91.92205047607422,5,0
Largeur,étroite,6907,13294,776916771,33.90104293823242,-28.005807876586914,999.6029663085938,19.742982864379883,403,82.87841191066998,25,1.0754592418670654,92.08186340332031,0,3
Largeur,large,6907,13294,776916771,54.33406448364258,-27.011877059936523,973.4093627929688,19.658893585205078,558,84.05017921146954,14,0.7520530819892883,91.29248809814453,2,0
Largeur,étroite,21846,4411,883719064,34.31544494628906,-27.441139221191406,990.0053100585938,20.047731399536133,484,82.23140495867769,18,0.6977816820144653,89.90800476074219,2,0
Largeur,large,21846,4411,883719064,54.54897689819336,-27.3581600189209,1152.4656982421875,20.393321990966797,460,80,16,1.82774019241333,91.3121109008789,2,1
Largeur,étroite,331,382,1763330361,34.610450744628906,-27.352888107299805,800.2516479492188,18.429615020751953,436,83.4862385321101,13,0.3418469727039337,92.54273986816406,0,4
Largeur,large,331,382,1763330361,53.2734260559082,-29.35993003845215,947.4157104492188,20.831701278686523,438,77.85388127853881,9,0.6374220848083496,91.69884490966797,1,3
Largeur,étroite,7911,131,1097703492,34.27509689331055,-27.69584083557129,902.4266967773438,19.149843215942383,527,83.49146110056925,23,1.5803622007369995,91.26786804199219,0,2
Largeur,large,7911,131,1097703492,54.02228927612305,-29.080320358276367,872.4340209960938,20.4674129486084,473,81.18393234672304,10,0.8423067331314087,91.92829132080078,2,6
Largeur,étroite,266,258,20376260,34.468265533447266,-28.507244110107422,962.9119262695312,19.214616775512695,435,80.6896551724138,10,0.7229888439178467,91.81485748291016,2,1
Largeur,large,266,258,20376260,54.60810470581055,-27.701791763305664,866.1355590820312,20.000240325927734,442,83.4841628959276,4,0.25493916869163513,92.07598114013672,0,4
Largeur,étroite,104,111,1400887770,35.17063903808594,-27.004901885986328,774.3579711914062,19.15342140197754,446,84.52914798206278,27,1.7088186740875244,92.47015380859375,2,1
Largeur,large,104,111,1400887770,54.83805847167969,-26.352325439453125,815.9478149414062,20.87627410888672,485,83.50515463917526,22,0.8527000546455383,91.49775695800781,0,1
Largeur,étroite,83,87,567345045,34.303672790527344,-28.451581954956055,707.7742309570312,20.7762508392334,342,84.21052631578948,52,2.787534236907959,93.28778076171875,8,0
Largeur,large,83,87,567345045,54.363834381103516,-27.320222854614258,668.1838989257812,19.31366729736328,408,84.55882352941177,26,1.1922308206558228,93.01058197021484,2,0
Largeur,étroite,132,3841,490794889,34.36334991455078,-28.30942726135254,762.5608520507812,19.9765682220459,443,83.7471783295711,30,2.7352840900421143,92.73385620117188,4,3
Largeur,large,132,3841,490794889,54.936119079589844,-28.116867065429688,718.9714965820312,19.514965057373047,491,84.5213849287169,22,1.8165867328643799,92.64702606201172,5,0
Largeur,étroite,21607,3472,380953897,33.82468032836914,-30.10940933227539,1141.4683837890625,20.814001083374023,458,79.6943231441048,16,0.7830278277397156,91.32205963134766,1,0
Largeur,large,21607,3472,380953897,54.08415603637695,-29.783496856689453,1161.4635009765625,19.679166793823242,482,80.91286307053942,6,0.3946991264820099,91.16658020019531,1,0
Largeur,étroite,3611,3610,1575844887,34.00453567504883,-28.82059097290039,857.1377563476562,19.504253387451172,408,87.00980392156863,35,1.2252761125564575,92.78619384765625,2,2
Largeur,large,3611,3610,1575844887,55.380775451660156,-26.676998138427734,645.3894653320312,18.570743560791016,542,85.23985239852398,23,1.735917091369629,90.68456268310547,4,1
Largeur,étroite,357,364,2013425278,33.93039321899414,-28.658679962158203,1002.5022583007812,19.6536922454834,441,81.17913832199547,10,0.8053387403488159,92.01922607421875,0,3
Largeur,large,357,364,2013425278,54.08763122558594,-29.1815128326416,1045.19189453125,19.990222930908203,432,81.01851851851852,9,0.5789510011672974,92.10210418701172,1,2
Largeur,étroite,3735,140,13374071,34.0547981262207,-26.98975372314453,1128.971435546875,19.787015914916992,456,83.7719298245614,20,0.8560981750488281,91.30718994140625,0,1
Largeur,large,3735,140,13374071,54.491397857666016,-27.98575782775879,1142.968017578125,19.79497528076172,450,81.33333333333333,14,0.9869402647018433,91.08062744140625,1,0
Largeur,étroite,388,366,352111753,34.29246520996094,-28.499250411987305,934.2189331054688,20.2468204498291,446,84.08071748878923,21,0.9385219216346741,92.10588073730469,1,0
Largeur,large,388,366,352111753,53.94542694091797,-28.66362190246582,1132.8704833984375,21.002878189086914,384,80.20833333333333,15,1.0306938886642456,91.83207702636719,1,0
Largeur,étroite,175,6851,1049265140,34.23332214355469,-27.297849655151367,888.6300659179688,19.007543563842773,440,82.5,13,0.5473541021347046,92.09040069580078,0,3
Largeur,large,175,6851,1049265140,53.91040802001953,-28.18967056274414,911.8244018554688,20.476924896240234,457,77.89934354485777,9,0.9626528024673462,91.8782958984375,1,6
Largeur,étroite,3263,4007,186245157,33.9811897277832,-29.4461612701416,1137.6693115234375,20.7708797454834,421,83.3729216152019,30,1.5166409015655518,91.4585189819336,3,3
Largeur,large,3263,4007,186245157,53.46794891357422,-29.021278381347656,1121.2733154296875,21.991708755493164,377,76.92307692307692,19,1.717334508895874,91.9910888671875,3,0
Largeur,étroite,3616,441,1120418230,34.141780853271484,-28.728872299194336,1262.2388916015625,20.764328002929688,406,78.32512315270937,17,0.626853883266449,91.12149810791016,1,1
Largeur,large,3616,441,1120418230,54.319976806640625,-29.117708206176758,1345.0186767578125,19.648269653320312,471,82.59023354564756,7,0.7358230948448181,90.4727783203125,1,0
Largeur,étroite,349,337,85596666,34.934165954589844,-26.907567977905273,902.5266723632812,19.73868179321289,381,79.00262467191601,18,1.072153091430664,92.2911148071289,4,4
Largeur,large,349,337,85596666,54.554901123046875,-25.622150421142578,802.0512084960938,21.44794464111328,481,80.66528066528066,19,1.2401902675628662,91.67281341552734,3,3
Largeur,étroite,366,368,1769244548,34.7515869140625,-24.62212562561035,682.8803100585938,19.69500732421875,388,82.73195876288659,28,1.35986328125,92.67537689208984,1,2
Largeur,large,366,368,1769244548,54.515010833740234,-26.110122680664062,828.6447143554688,19.903230667114258,469,79.53091684434968,16,1.1860196590423584,91.56571960449219,2,2
Largeur,étroite,393,357,1313602615,33.71257400512695,-29.313474655151367,998.5032348632812,20.19145965576172,441,86.16780045351474,16,1.229042887687683,92.2425308227539,1,1
Largeur,large,393,357,1313602615,53.144649505615234,-29.160675048828125,1027.796142578125,20.67588233947754,394,78.68020304568527,9,0.8014102578163147,92.31949615478516,2,0
Largeur,étroite,370,388,1463368591,34.978153228759766,-26.746644973754883,822.2462768554688,19.572601318359375,447,81.65548098434004,25,1.3843430280685425,91.65574645996094,1,2
Largeur,large,370,388,1463368591,54.40563201904297,-26.803665161132812,833.4435424804688,20.905141830444336,461,78.9587852494577,12,0.7933341860771179,91.8675308227539,2,2
Largeur,étroite,1538,99,767019185,34.29933166503906,-27.272321701049805,786.1550903320312,19.159828186035156,489,82.61758691206543,24,0.9561071991920471,92.2990493774414,1,1
Largeur,large,1538,99,767019185,54.68711471557617,-27.165267944335938,747.9644165039062,20.771541595458984,554,83.2129963898917,19,1.902641773223877,91.71388244628906,2,0
Largeur,étroite,170,6997,871005224,34.80998611450195,-26.10468864440918,932.5193481445312,19.142349243164062,413,83.05084745762711,30,2.067556142807007,91.9186019897461,1,2
Largeur,large,170,6997,871005224,54.34539031982422,-26.052322387695312,892.6290893554688,20.335433959960938,476,82.3529411764706,18,0.8086021542549133,91.61207580566406,1,0
Largeur,étroite,152,140,1014651230,34.03989028930664,-27.969327926635742,1164.36279296875,19.784000396728516,489,82.61758691206543,13,0.615494430065155,90.97309875488281,0,1
Largeur,large,152,140,1014651230,53.8463249206543,-27.630043029785156,1233.5458984375,20.09214973449707,478,82.42677824267783,10,0.6965988278388977,90.93769836425781,1,2
Largeur,étroite,172,2697,1250740141,34.57910919189453,-29.399763107299805,1184.157958984375,20.179359436035156,383,77.80678851174935,21,1.0214024782180786,91.5234146118164,2,0
Largeur,large,172,2697,1250740141,54.729122161865234,-27.582609176635742,841.2416381835938,20.93778419494629,456,81.14035087719299,17,1.0920740365982056,92.29720306396484,2,1
Largeur,étroite,142,147,2024776132,32.897361755371094,-31.05529022216797,787.1548461914062,19.29624366760254,509,84.08644400785855,18,0.9573938846588135,90.90606689453125,2,0
Largeur,large,142,147,2024776132,54.133583068847656,-29.263734817504883,934.1189575195312,21.21013832092285,391,78.00511508951406,17,2.2100746631622314,92.3566665649414,3,2
Largeur,étroite,559,3616,1464793213,34.14321517944336,-28.989521026611328,1111.8756103515625,20.973052978515625,320,82.5,46,1.827767252922058,90.5252456665039,1,1
Largeur,large,559,3616,1464793213,54.695823669433594,-27.83847427368164,837.5425415039062,19.972515106201172,424,81.13207547169812,17,0.7890982627868652,92.24825286865234,0,0
Largeur,étroite,306,361,674103857,34.24934387207031,-28.140953063964844,932.8192749023438,20.073984146118164,384,81.77083333333333,27,1.0458937883377075,92.10385131835938,1,1
Largeur,large,306,361,674103857,53.666072845458984,-28.364778518676758,1130.37109375,20.935327529907227,396,82.07070707070707,30,1.7050368785858154,91.19959259033203,1,0
Largeur,étroite,3822,21581,455992310,34.38082504272461,-28.628599166870117,1004.4017944335938,20.51547622680664,447,85.23489932885906,17,0.7288026809692383,91.5494613647461,1,1
Largeur,large,3822,21581,455992310,54.95481872558594,-28.716108322143555,1123.372802734375,18.9847412109375,513,82.45614035087719,7,0.7788503170013428,90.88825225830078,1,1
Largeur,étroite,3706,156,411967342,34.30437469482422,-28.5556697845459,591.4026489257812,19.874631881713867,457,84.68271334792122,43,2.1006693840026855,93.01397705078125,0,0
Largeur,large,3706,156,411967342,54.6729850769043,-28.225078582763672,719.0714721679688,19.121864318847656,496,84.2741935483871,15,0.8173915147781372,92.51387023925781,2,2
Largeur,étroite,363,373,1100352984,34.66996765136719,-26.42595863342285,715.0724487304688,20.028114318847656,421,83.8479809976247,41,2.321732759475708,92.10719299316406,2,0
Largeur,large,363,373,1100352984,54.64328384399414,-26.518320083618164,727.7693481445312,21.53779411315918,380,77.10526315789474,20,1.8070957660675049,92.66091918945312,3,1
Largeur,étroite,2925,17530,1241640015,33.96550369262695,-26.778594970703125,957.2133178710938,20.318037033081055,422,83.17535545023696,29,1.2205685377120972,91.84735870361328,1,2
Largeur,large,2925,17530,1241640015,54.258033752441406,-28.40117645263672,1117.0743408203125,20.93160057067871,497,80.0804828973843,17,1.385053277015686,90.79403686523438,2,0
Largeur,étroite,436,995,330066000,34.672996520996094,-26.46742057800293,545.6138305664062,20.36289405822754,388,83.50515463917526,48,3.2451541423797607,93.25712585449219,5,1
Largeur,large,436,995,330066000,54.98757553100586,-24.633346557617188,634.9920043945312,21.550554275512695,429,76.92307692307692,32,2.9161462783813477,92.84375,2,0
Largeur,étroite,368,388,950415411,35.167083740234375,-26.780868530273438,824.6456909179688,20.170331954956055,419,78.04295942720763,20,1.1293152570724487,90.43077087402344,0,1
Largeur,large,368,388,950415411,54.71223831176758,-26.78725242614746,601.4002075195312,20.57187843322754,504,79.36507936507937,12,0.41892552375793457,92.37623596191406,1,1
Largeur,étroite,145,147,1914605551,33.511810302734375,-29.500524520874023,1355.916015625,19.200660705566406,433,83.60277136258661,11,0.33152228593826294,91.1200942993164,0,1
Largeur,large,145,147,1914605551,53.513336181640625,-28.893882751464844,1259.739501953125,20.235191345214844,379,79.68337730870712,18,1.0075868368148804,91.33917999267578,0,2
Largeur,étroite,176,174,1842724251,35.030582427978516,-23.82957649230957,646.4891967773438,19.55988121032715,404,79.20792079207921,29,1.265445351600647,92.58999633789062,1,1
Largeur,large,176,174,1842724251,54.77589797973633,-25.854248046875,667.8839721679688,19.58924674987793,464,81.89655172413794,19,2.0018973350524902,90.12493133544922,1,2
Largeur,étroite,239,4007,625984714,33.71297073364258,-29.76799201965332,1003.9019165039062,19.50950813293457,458,84.27947598253274,25,0.9699679017066956,91.6090087890625,1,0
Largeur,large,239,4007,625984714,53.62005615234375,-29.701902389526367,1054.189697265625,20.36520767211914,391,81.07416879795396,21,2.0997557640075684,91.67898559570312,1,1
Largeur,étroite,258,264,1637070181,34.58673858642578,-27.104433059692383,575.6065063476562,19.861576080322266,491,81.26272912423626,22,0.9631171822547913,92.45968627929688,1,0
Largeur,large,258,264,1637070181,55.0455207824707,-24.820486068725586,480.42010498046875,20.338037490844727,542,79.33579335793358,9,0.8398475646972656,92.17958068847656,0,1
Largeur,étroite,4405,13294,1060016884,33.87084197998047,-29.41031265258789,1249.741943359375,20.03044891357422,444,80.85585585585585,10,0.607319176197052,91.07127380371094,0,0
Largeur,large,4405,13294,1060016884,54.52179718017578,-27.458070755004883,1010.9002075195312,19.588703155517578,565,82.83185840707965,8,0.5278274416923523,91.24301147460938,0,1
Largeur,étroite,134,2950,57829408,33.7114372253418,-31.4803524017334,1048.8909912109375,19.411449432373047,400,80.5,8,0.30494236946105957,92.13585662841797,1,3
Largeur,large,134,2950,57829408,53.78116989135742,-28.492631912231445,1229.0469970703125,20.34198570251465,372,80.91397849462365,10,1.0949082374572754,91.82247924804688,0,4
Largeur,étroite,373,384,506153595,34.37453079223633,-27.843595504760742,785.1553344726562,20.21435546875,428,82.94392523364486,27,1.4767155647277832,92.5732192993164,0,1
Largeur,large,373,384,506153595,54.26165008544922,-27.89269256591797,888.9299926757812,19.719833374023438,446,82.0627802690583,16,1.8591936826705933,92.13704681396484,0,3
Largeur,étroite,90,1538,1336815701,34.08370590209961,-27.8438720703125,1104.8773193359375,20.041568756103516,395,83.54430379746836,31,1.6621664762496948,91.70154571533203,1,1
Largeur,large,90,1538,1336815701,53.834007263183594,-26.88722801208496,1035.4942626953125,20.290088653564453,408,79.90196078431373,26,1.642392873764038,91.486328125,0,1
Largeur,étroite,7640,11551,580634010,34.1721305847168,-28.391176223754883,1281.2342529296875,19.947952270507812,408,85.7843137254902,32,1.270058274269104,91.94048309326172,2,0
Largeur,large,7640,11551,580634010,54.532405853271484,-28.67926025390625,1357.6156005859375,20.15660858154297,450,84.88888888888889,14,1.265199899673462,91.19916534423828,0,0
Largeur,étroite,172,174,810178100,34.38747024536133,-26.502683639526367,755.5625610351562,19.199377059936523,431,80.97447795823666,27,2.272911787033081,92.22535705566406,1,5
Largeur,large,172,174,810178100,54.56477737426758,-25.377071380615234,773.7581176757812,19.30344009399414,434,81.79723502304148,18,2.028289556503296,92.07276916503906,3,4
Largeur,étroite,4691,22269,1189255965,34.74335479736328,-26.493793487548828,762.6608276367188,18.579193115234375,460,82.17391304347827,23,0.7539603114128113,92.11772155761719,2,1
Largeur,large,4691,22269,1189255965,53.74617004394531,-28.608516693115234,997.6034545898438,21.560434341430664,411,78.83211678832117,12,0.8937292695045471,91.8712387084961,4,0
Largeur,étroite,99,2922,1358150438,33.78570556640625,-29.489835739135742,1030.4954833984375,19.876794815063477,461,79.17570498915401,18,0.897523045539856,91.433349609375,1,0
Largeur,large,99,2922,1358150438,53.714115142822266,-28.809722900390625,1107.6766357421875,19.960559844970703,447,79.19463087248322,6,0.9544949531555176,91.48057556152344,2,0
Largeur,étroite,111,113,884255354,34.35322570800781,-28.7539119720459,885.5308227539062,20.28624153137207,379,81.79419525065963,46,2.2470948696136475,92.56305694580078,2,0
Largeur,large,111,113,884255354,53.9572868347168,-27.75718879699707,849.9395141601562,21.309368133544922,453,79.02869757174393,28,1.8864173889160156,92.0408935546875,2,0
Largeur,étroite,133,268,612132171,34.57525634765625,-25.575538635253906,773.8580932617188,19.061710357666016,417,83.21342925659472,23,0.9305633306503296,92.4266357421875,1,5
Largeur,large,133,268,612132171,54.384132385253906,-27.08004379272461,757.7620239257812,19.384193420410156,459,81.04575163398692,8,0.5142998695373535,92.12738800048828,0,4
Largeur,étroite,267,263,322750925,33.60563659667969,-29.668682098388672,1440.495361328125,19.949935913085938,411,80.04866180048661,10,0.30422207713127136,91.16532897949219,0,0
Largeur,large,267,263,322750925,54.21446990966797,-28.522706985473633,1166.8621826171875,20.001678466796875,449,80.62360801781738,9,0.6211878061294556,91.45388793945312,1,0
Largeur,étroite,22269,5786,2139222572,33.86116409301758,-27.82888412475586,899.7273559570312,19.319446563720703,573,84.29319371727749,19,1.1331382989883423,91.47164916992188,1,0
Largeur,large,22269,5786,2139222572,54.4788932800293,-29.29671287536621,991.8048706054688,19.22963523864746,538,85.13011152416357,15,1.1891050338745117,91.67201232910156,2,1
Largeur,étroite,170,174,466818611,34.5360221862793,-27.489397048950195,820.1467895507812,19.469282150268555,420,80.95238095238095,20,0.69162517786026,92.4447021484375,0,0
Largeur,large,170,174,466818611,53.75569152832031,-26.856096267700195,678.8812866210938,19.56503677368164,449,82.62806236080178,14,0.8889020085334778,92.56449127197266,0,2
Largeur,étroite,384,367,2006222649,34.16962814331055,-27.11067771911621,776.5574340820312,19.139690399169922,423,83.92434988179669,31,1.8056652545928955,92.21659851074219,2,2
Largeur,large,384,367,2006222649,54.60914611816406,-28.37044906616211,757.1621704101562,19.9848690032959,480,84.58333333333333,16,1.0736511945724487,91.93734741210938,3,1
Largeur,étroite,85,1538,1581366703,34.128135681152344,-29.33085823059082,678.8812866210938,20.131668090820312,448,86.16071428571429,27,1.4278252124786377,92.45065307617188,1,1
Largeur,large,85,1538,1581366703,54.234947204589844,-28.369213104248047,824.9456176757812,20.496578216552734,464,80.60344827586206,18,1.6371954679489136,92.14540100097656,2,1
Largeur,étroite,89,93,1024494580,34.4421501159668,-25.728086471557617,878.1326293945312,19.567750930786133,459,81.69934640522875,19,1.020417332649231,91.6523666381836,0,3
Largeur,large,89,93,1024494580,54.21891403198242,-28.089311599731445,854.6383666992188,21.371564865112305,440,80.22727272727273,11,0.7213557362556458,92.39048767089844,1,2
Largeur,étroite,3611,7879,1465685371,34.587928771972656,-27.420724868774414,738.1668090820312,19.887802124023438,439,80.6378132118451,24,0.8134384155273438,92.71194458007812,1,1
Largeur,large,3611,7879,1465685371,54.633846282958984,-27.627460479736328,698.6764526367188,19.953113555908203,497,83.90342052313883,12,0.8813217878341675,90.52888488769531,2,1
Largeur,étroite,1382,2790,1615964618,33.94400405883789,-27.409469604492188,1089.2811279296875,20.066640853881836,567,85.89065255731923,24,1.0495389699935913,90.23043060302734,0,0
Largeur,large,1382,2790,1615964618,54.082115173339844,-27.947368621826172,995.0040893554688,19.38814353942871,472,82.20338983050847,7,0.49996548891067505,91.53851318359375,0,1
Largeur,étroite,85,244,1139745998,33.621307373046875,-30.304981231689453,973.5093383789062,19.813243865966797,477,84.90566037735849,20,1.038435459136963,91.71145629882812,3,1
Largeur,large,85,244,1139745998,54.40238952636719,-28.153488159179688,842.9412231445312,20.964569091796875,440,75.9090909090909,14,1.0706413984298706,92.75952911376953,2,0
Largeur,étroite,263,250,2087460833,34.83264923095703,-25.90642738342285,570.8076782226562,19.841907501220703,527,84.25047438330171,28,1.9339537620544434,92.31838989257812,0,0
Largeur,large,263,250,2087460833,55.165863037109375,-26.020524978637695,610.2980346679688,21.347396850585938,506,79.64426877470356,12,1.0070616006851196,92.42000579833984,0,0
Largeur,étroite,3472,3696,336812851,34.38923263549805,-30.757633209228516,1207.0523681640625,20.74412727355957,349,77.07736389684814,10,0.3228979706764221,91.82164764404297,1,1
Largeur,large,3472,3696,336812851,54.60712432861328,-29.05766487121582,906.3257446289062,18.759273529052734,505,82.37623762376238,5,0.37095320224761963,91.58697509765625,1,0
Largeur,étroite,13294,21540,487868817,34.27833938598633,-26.592193603515625,963.6117553710938,20.244810104370117,500,82,22,1.327378511428833,91.24556732177734,3,2
Largeur,large,13294,21540,487868817,54.20452117919922,-27.570941925048828,965.6112670898438,20.292375564575195,456,80.04385964912281,13,0.5602616667747498,91.73986053466797,1,0
Largeur,étroite,570,936,308785032,34.4333381652832,-27.87522315979004,787.1548461914062,21.434980392456055,350,80.57142857142857,38,2.3034191131591797,92.92630004882812,4,0
Largeur,large,570,936,308785032,54.6794319152832,-26.49286651611328,539.9152221679688,18.31991195678711,522,85.82375478927203,19,1.550182819366455,92.52361297607422,2,0
Largeur,étroite,243,94,1913070780,34.08121109008789,-27.786266326904297,954.1140747070312,20.003189086914062,432,82.4074074074074,24,0.9549266695976257,92.0328140258789,0,1
Largeur,large,243,94,1913070780,54.01852798461914,-28.54569435119629,846.5403442382812,20.33915901184082,454,79.51541850220265,15,1.4840134382247925,92.09967803955078,3,0
Largeur,étroite,382,357,1412098517,34.27234649658203,-29.63608169555664,632.2926635742188,20.373939514160156,420,84.04761904761905,36,2.0395913124084473,92.72620391845703,2,1
Largeur,large,382,357,1412098517,54.27260208129883,-27.596590042114258,814.9480590820312,20.460817337036133,409,79.70660146699267,17,1.2747886180877686,92.60909271240234,1,2
Largeur,étroite,21581,437,2133107748,34.22724914550781,-28.901931762695312,1187.2572021484375,19.126583099365234,426,80.98591549295774,5,0.19453676044940948,91.10787200927734,0,1
Largeur,large,21581,437,2133107748,54.36420440673828,-28.089412689208984,979.5078735351562,19.418838500976562,507,82.64299802761342,12,0.7107617855072021,91.11408996582031,0,1
Largeur,étroite,257,262,1110783560,34.00534439086914,-27.567642211914062,942.5169067382812,20.010509490966797,450,83.11111111111111,38,1.962343692779541,91.24748229980469,0,1
Largeur,large,257,262,1110783560,54.20927047729492,-29.465484619140625,1140.968505859375,20.01336669921875,431,80.97447795823666,19,1.294613242149353,91.12966918945312,1,1
Largeur,étroite,3759,6907,1682151650,34.17890930175781,-28.561004638671875,921.1221313476562,18.999353408813477,514,84.63035019455253,11,0.30536043643951416,91.64529418945312,2,1
Largeur,large,3759,6907,1682151650,54.425865173339844,-26.91324806213379,870.5344848632812,21.13194465637207,484,77.89256198347107,11,0.7935846447944641,91.467529296875,0,1
Largeur,étroite,21607,5309,302470383,33.70442581176758,-27.78270149230957,1152.0657958984375,20.188034057617188,475,84.42105263157895,21,0.9579946994781494,91.07988739013672,2,0
Largeur,large,21607,5309,302470383,54.321449279785156,-27.864641189575195,1033.6947021484375,19.77519989013672,498,80.92369477911646,15,0.745003342628479,91.29367065429688,3,0
Largeur,étroite,2572,112,1664014101,34.514427185058594,-25.582727432250977,775.3577270507812,19.428739547729492,475,84.63157894736842,30,1.804783821105957,91.64483642578125,0,0
Largeur,large,2572,112,1664014101,54.24502944946289,-25.57154655456543,852.4389038085938,21.336153030395508,414,80.19323671497584,20,1.3546124696731567,91.86827850341797,0,1
Largeur,étroite,118,2925,364679294,34.18944549560547,-29.68805694580078,1098.77880859375,19.783288955688477,414,83.81642512077295,23,0.8871598839759827,92.4622573852539,1,1
Largeur,large,118,2925,364679294,54.40752029418945,-28.43028450012207,876.2330932617188,19.4399356842041,477,83.85744234800839,20,1.5894684791564941,91.90223693847656,0,1
Largeur,étroite,87,1538,420943911,33.93109130859375,-29.304262161254883,1238.0447998046875,19.9584903717041,381,79.5275590551181,21,0.69375079870224,91.26141357421875,1,2
Largeur,large,87,1538,420943911,53.7573127746582,-28.409452438354492,1183.0582275390625,20.51811981201172,411,78.83211678832117,18,1.6403042078018188,91.44506072998047,3,3
Largeur,étroite,559,936,330630444,34.37674331665039,-27.714651107788086,851.5391235351562,20.37879753112793,413,82.80871670702179,39,1.5667932033538818,92.02359008789062,1,0
Largeur,large,559,936,330630444,54.79595947265625,-26.986955642700195,755.5625610351562,19.265195846557617,487,81.51950718685832,12,0.8098716735839844,92.06322479248047,0,0
Largeur,étroite,2250,3696,1887936958,34.48556900024414,-27.49248695373535,723.2704467773438,20.45781135559082,357,85.43417366946778,55,3.618441343307495,92.95166015625,8,0
Largeur,large,2250,3696,1887936958,54.55847930908203,-27.624208450317383,768.9592895507812,18.26390266418457,460,87.6086956521739,27,2.079031229019165,91.94778442382812,2,0
Largeur,étroite,2950,125,1145763051,34.97385787963867,-26.827106475830078,833.8434448242188,20.161447525024414,405,85.67901234567901,33,2.057499647140503,92.33341979980469,1,0
Largeur,large,2950,125,1145763051,52.15705490112305,-28.988407135009766,778.0570678710938,21.674985885620117,398,81.4070351758794,18,1.6549561023712158,93.13343811035156,3,0
Largeur,étroite,9078,6870,922252038,34.60999298095703,-28.98248291015625,835.1431274414062,20.824453353881836,325,82.46153846153847,42,2.233530044555664,93.04907989501953,3,1
Largeur,large,9078,6870,922252038,54.609893798828125,-28.283254623413086,816.8475952148438,19.865123748779297,476,84.03361344537815,33,2.2982850074768066,92.01712036132812,3,0
Largeur,étroite,359,357,1411799261,33.79990768432617,-28.63165283203125,656.8866577148438,20.149694442749023,466,85.1931330472103,22,1.324902892112732,92.77943420410156,2,3
Largeur,large,359,357,1411799261,53.33895492553711,-29.73588752746582,699.9761352539062,19.68416976928711,458,79.47598253275109,15,1.1251792907714844,92.6428451538086,2,2
Largeur,étroite,147,156,1700574325,34.343475341796875,-29.3198299407959,944.8163452148438,19.642412185668945,387,85.27131782945736,35,2.632664680480957,90.73628997802734,9,2
Largeur,large,147,156,1700574325,54.673221588134766,-26.993471145629883,613.5972290039062,19.269718170166016,512,81.4453125,23,1.5095936059951782,92.50640869140625,3,2
Largeur,étroite,3997,113,51613704,33.67052459716797,-28.506162643432617,1220.7490234375,20.339397430419922,420,83.0952380952381,23,1.142911434173584,91.78450012207031,0,2
Largeur,large,3997,113,51613704,53.59403610229492,-28.89707374572754,1138.8690185546875,21.357986450195312,395,76.20253164556962,12,0.6682317852973938,89.67790985107422,1,0
Largeur,étroite,103,4057,702879240,34.929725646972656,-27.348421096801758,763.3606567382812,20.255706787109375,402,76.61691542288557,40,2.5936217308044434,92.08426666259766,1,1
Largeur,large,103,4057,702879240,54.87220001220703,-25.60456657409668,528.5180053710938,20.75701904296875,437,80.09153318077803,24,2.1230578422546387,92.61954498291016,1,1
Largeur,étroite,170,174,1435546856,34.666969299316406,-25.15611457824707,694.8773803710938,18.99001121520996,429,79.72027972027972,15,0.658926784992218,92.75267028808594,3,4
Largeur,large,170,174,1435546856,53.74002456665039,-26.865928649902344,850.6393432617188,19.728349685668945,479,83.29853862212944,5,0.3072017431259155,91.44954681396484,0,1
Largeur,étroite,137,10388,1495203957,35.01255416870117,-28.64295768737793,573.5070190429688,19.72922706604004,420,77.38095238095238,20,0.6551154255867004,93.13524627685547,3,1
Largeur,large,137,10388,1495203957,54.76824951171875,-26.983259201049805,703.4752807617188,20.849411010742188,463,80.99352051835854,27,2.236358880996704,92.02478790283203,1,1
Largeur,étroite,156,151,323811002,34.63735580444336,-28.0482234954834,866.3355102539062,19.440860748291016,454,80.61674008810573,23,1.5834543704986572,92.06487274169922,3,1
Largeur,large,156,151,323811002,54.19792556762695,-27.236642837524414,950.5149536132812,20.961196899414062,424,75.47169811320755,10,0.6649090647697449,91.42141723632812,0,0
Largeur,étroite,118,3997,1667359241,35.091827392578125,-27.016986846923828,778.3569946289062,19.75309944152832,418,79.90430622009569,27,1.0992298126220703,92.43562316894531,4,1
Largeur,large,118,3997,1667359241,54.46144104003906,-26.763648986816406,836.4428100585938,21.183870315551758,473,80.33826638477801,14,0.9926137924194336,91.41029357910156,1,0
Largeur,étroite,995,7656,765467029,34.17673873901367,-29.141414642333984,1070.6856689453125,19.981225967407227,391,79.02813299232737,12,0.4975023567676544,92.13652801513672,0,1
Largeur,large,995,7656,765467029,54.030517578125,-27.817535400390625,1043.6922607421875,20.447511672973633,422,82.93838862559242,16,1.1991405487060547,91.48635864257812,2,1
Largeur,étroite,3699,21610,972949956,34.055660247802734,-27.3791561126709,941.7171020507812,19.840627670288086,465,84.08602150537635,27,0.9843634963035583,91.69930267333984,1,0
Largeur,large,3699,21610,972949956,54.65839767456055,-28.320852279663086,1290.4320068359375,19.681053161621094,417,83.93285371702638,10,0.9340755939483643,91.62663269042969,0,1
Largeur,étroite,87,89,497728889,34.42113494873047,-27.676759719848633,1083.782470703125,19.275218963623047,457,81.83807439824945,10,0.4547007083892822,91.11054229736328,1,2
Largeur,large,87,89,497728889,53.737796783447266,-27.17108726501465,1035.994140625,20.778888702392578,400,80.75,6,0.38602375984191895,91.5069808959961,1,2
Largeur,étroite,151,152,2045654981,34.36769104003906,-29.47612190246582,795.2528686523438,20.510610580444336,437,83.75286041189932,19,0.6094636917114258,92.51978302001953,1,0
Largeur,large,151,152,2045654981,54.25621032714844,-27.659679412841797,886.6305541992188,19.75923728942871,416,81.25,19,0.883790910243988,92.13054656982422,1,1
Largeur,étroite,363,366,554673974,34.1806526184082,-28.11827278137207,880.1321411132812,20.51809310913086,408,83.57843137254902,33,1.6069434881210327,92.06846618652344,1,0
Largeur,large,363,366,554673974,54.693748474121094,-27.46388816833496,831.0441284179688,19.275775909423828,475,84,20,1.3950141668319702,92.21923828125,2,2
Largeur,étroite,104,3997,1784849258,34.84278869628906,-28.778797149658203,593.7020874023438,20.038116455078125,385,81.03896103896103,38,2.10701847076416,93.06696319580078,3,0
Largeur,large,104,3997,1784849258,54.4827766418457,-26.87846565246582,690.3784790039062,21.29096031188965,477,77.77777777777777,22,1.3456403017044067,91.61820983886719,3,0
Largeur,étroite,393,384,1950149415,34.101009368896484,-27.689191818237305,901.3269653320312,20.101051330566406,487,85.01026694045174,26,0.9781168103218079,92.03833770751953,1,0
Largeur,large,393,384,1950149415,54.58003616333008,-28.58136749267578,1054.0897216796875,19.826780319213867,450,83.77777777777777,18,1.4044634103775024,91.99630737304688,4,0
Largeur,étroite,789,19267,1551413899,34.179256439208984,-28.206544876098633,698.4765014648438,20.465709686279297,398,84.17085427135679,55,2.928217649459839,92.74325561523438,3,0
Largeur,large,789,19267,1551413899,54.717586517333984,-27.042991638183594,745.4650268554688,20.205623626708984,514,84.24124513618678,25,1.8650418519973755,91.70361328125,2,0
Largeur,étroite,85,102,1083776645,33.7318229675293,-29.718280792236328,1012.5997924804688,19.676616668701172,464,83.40517241379311,20,1.0027161836624146,89.9493179321289,1,4
Largeur,large,85,102,1083776645,53.736236572265625,-30.033226013183594,1025.6966552734375,20.99185562133789,429,80.88578088578089,13,2.801724433898926,91.57613372802734,3,3
Largeur,étroite,6870,432,1803412708,33.74889373779297,-30.629417419433594,1175.8599853515625,19.65375328063965,394,79.94923857868021,3,0.3091789782047272,91.73284149169922,0,4
Largeur,large,6870,432,1803412708,53.091861724853516,-28.84364128112793,1205.95263671875,19.194744110107422,395,78.9873417721519,5,0.40610548853874207,89.699462890625,0,4
Largeur,étroite,94,87,1603673735,34.25079345703125,-29.01749038696289,1078.583740234375,19.632551193237305,430,82.55813953488372,20,0.795348048210144,91.82060241699219,1,2
Largeur,large,94,87,1603673735,54.25345230102539,-29.288305282592773,1250.541748046875,19.320968627929688,443,82.16704288939052,10,0.44231098890304565,91.21356201171875,0,1
Largeur,étroite,258,266,1241796862,34.62409210205078,-27.888416290283203,829.5444946289062,20.549734115600586,437,81.92219679633867,21,0.6093835234642029,91.717041015625,0,1
Largeur,large,258,266,1241796862,54.18619155883789,-28.384681701660156,865.8356323242188,20.115964889526367,445,81.57303370786516,6,1.2134661674499512,91.97251892089844,1,1
Largeur,étroite,113,3997,169762054,34.51335906982422,-28.078054428100586,914.6237182617188,19.35499382019043,426,77.2300469483568,14,0.34037095308303833,91.75719451904297,0,0
Largeur,large,113,3997,169762054,53.769126892089844,-27.404855728149414,1032.994873046875,20.83247947692871,396,76.26262626262626,12,0.4403234124183655,89.79449462890625,0,1
Largeur,étroite,3024,989,1153742415,34.05707550048828,-28.55877685546875,850.4393920898438,20.054031372070312,494,84.41295546558705,27,0.8116103410720825,91.91645050048828,3,1
Largeur,large,3024,989,1153742415,54.26706314086914,-28.42967987060547,966.5110473632812,19.081104278564453,561,83.06595365418895,12,1.0026085376739502,89.506103515625,0,0
Largeur,étroite,359,368,1656874616,34.814125061035156,-25.789718627929688,528.2180786132812,19.976755142211914,478,85.77405857740585,49,2.281080961227417,92.66646575927734,2,1
Largeur,large,359,368,1656874616,54.72132873535156,-26.353296279907227,589.2031860351562,20.512765884399414,487,83.36755646817248,33,2.5004138946533203,92.31775665283203,2,1
Largeur,étroite,3735,139,1891547481,34.24594497680664,-28.500703811645508,1156.2647705078125,19.91635513305664,443,82.61851015801355,18,0.6568502187728882,91.48118591308594,0,0
Largeur,large,3735,139,1891547481,54.45257568359375,-27.71337127685547,1035.8941650390625,19.31386375427246,451,81.1529933481153,10,0.7737097144126892,91.9870834350586,1,0
Largeur,étroite,4007,109,266353912,34.83610153198242,-28.04799461364746,876.8329467773438,19.49836540222168,409,77.75061124694376,15,0.7182396054267883,92.63955688476562,1,1
Largeur,large,4007,109,266353912,54.62757873535156,-27.116378784179688,1025.796630859375,21.65367317199707,424,78.5377358490566,10,0.33237722516059875,91.79440307617188,2,1
Largeur,étroite,122,268,941325862,34.70814514160156,-24.8145694732666,713.5728149414062,19.32229995727539,462,86.7965367965368,32,1.7076646089553833,91.96527099609375,0,1
Largeur,large,122,268,941325862,54.879947662353516,-26.56705093383789,610.1980590820312,20.586252212524414,528,83.52272727272727,21,1.7963680028915405,90.28942108154297,2,1
Largeur,étroite,264,256,2070153691,34.4455680847168,-28.000085830688477,974.6090698242188,18.696014404296875,490,80.40816326530613,15,1.030869483947754,91.16096496582031,1,1
Largeur,large,264,256,2070153691,53.62189865112305,-27.679019927978516,974.1091918945312,20.024072647094727,461,78.52494577006507,4,0.2270309180021286,91.47111511230469,0,1
Largeur,étroite,12698,3472,1368079903,34.304927825927734,-28.1064395904541,954.7139282226562,20.161991119384766,393,81.42493638676845,39,3.008899688720703,91.96324157714844,1,1
Largeur,large,12698,3472,1368079903,54.50754928588867,-28.76728057861328,889.6298217773438,19.526695251464844,447,85.68232662192393,25,2.3199572563171387,91.85192108154297,2,0
Largeur,étroite,13294,1382,1589609104,33.999881744384766,-27.452058792114258,1121.97314453125,19.786540985107422,507,82.24852071005917,19,0.9922269582748413,90.96571350097656,0,0
Largeur,large,13294,1382,1589609104,54.164974212646484,-27.907588958740234,1266.4378662109375,20.471988677978516,420,83.33333333333333,9,0.9642720818519592,91.20169830322266,0,1
Largeur,étroite,107,110,1437692358,33.49214172363281,-30.65953254699707,1090.78076171875,20.222745895385742,396,85.1010101010101,15,1.1081855297088623,92.34373474121094,1,1
Largeur,large,107,110,1437692358,53.31102752685547,-29.588499069213867,1437.1961669921875,20.16759490966797,421,81.94774346793349,13,0.9271961450576782,90.51370239257812,0,1
Largeur,étroite,83,90,493710084,34.970088958740234,-25.93333625793457,679.4811401367188,19.796689987182617,421,85.74821852731591,51,3.158684015274048,92.45568084716797,2,2
Largeur,large,83,90,493710084,54.84847640991211,-25.888996124267578,495.62103271484375,21.076751708984375,404,79.70297029702971,28,1.5231208801269531,93.34881591796875,4,1
Largeur,étroite,145,156,2091300775,34.49098587036133,-27.880632400512695,965.7112426757812,20.3724308013916,434,84.7926267281106,30,1.3693000078201294,91.90715026855469,1,2
Largeur,large,145,156,2091300775,54.75172805786133,-28.01117515563965,868.1350708007812,18.688507080078125,551,85.2994555353902,15,0.7203629612922668,91.60124206542969,0,1
Largeur,étroite,22269,5579,601508701,34.60137176513672,-25.400157928466797,735.2675170898438,18.95551300048828,531,85.31073446327683,32,2.0995404720306396,91.86742401123047,1,5
Largeur,large,22269,5579,601508701,54.706085205078125,-28.783550262451172,742.8656616210938,19.981826782226562,530,80.75471698113208,14,0.9891750812530518,91.6966552734375,3,0
Largeur,étroite,137,3307,102919363,33.84152603149414,-29.24921417236328,770.2589721679688,20.21269989013672,515,84.27184466019418,24,1.4497277736663818,91.79774475097656,2,2
Largeur,large,137,3307,102919363,53.8631706237793,-28.80030059814453,970.4100952148438,21.185447692871094,474,78.27004219409282,10,0.8377685546875,91.11221313476562,1,1
Largeur,étroite,13294,21846,1530898879,34.590431213378906,-26.24701690673828,856.3379516601562,19.18808937072754,451,82.92682926829268,15,0.6649854183197021,91.77314758300781,1,2
Largeur,large,13294,21846,1530898879,54.23088073730469,-26.5560359954834,774.5579223632812,20.96994400024414,498,82.3293172690763,17,1.7999472618103027,91.55200958251953,2,1
Largeur,étroite,12216,15784,1562387529,33.69111633300781,-31.28821563720703,1170.961181640625,19.544105529785156,514,82.87937743190662,3,0.08214838802814484,91.25537109375,0,1
Largeur,large,12216,15784,1562387529,53.85141372680664,-29.42038917541504,1306.0281982421875,19.66880226135254,394,79.18781725888324,6,0.6197754144668579,91.55333709716797,1,3
Largeur,étroite,3735,156,738370743,33.88045883178711,-28.43319320678711,961.6122436523438,20.324676513671875,463,83.15334773218143,19,1.410500407218933,92.0478515625,4,3
Largeur,large,3735,156,738370743,54.08887481689453,-27.891468048095703,1077.783935546875,20.109933853149414,445,83.14606741573034,17,0.8530909419059753,91.57373046875,1,1
Largeur,étroite,268,598,1471885787,33.91184997558594,-28.167089462280273,1062.0877685546875,19.634084701538086,422,88.15165876777252,26,0.911868691444397,91.9735107421875,1,1
Largeur,large,268,598,1471885787,54.181671142578125,-28.16423988342285,1076.7841796875,19.24597930908203,516,86.24031007751938,15,1.2019603252410889,91.48835754394531,1,1
Largeur,étroite,3472,3696,835890524,34.09083557128906,-28.613115310668945,1061.4879150390625,19.882923126220703,462,84.19913419913419,19,0.71512770652771,91.18433380126953,0,0
Largeur,large,3472,3696,835890524,54.62015914916992,-28.479694366455078,852.9387817382812,19.17548942565918,577,85.96187175043327,7,0.7067475318908691,89.78980255126953,0,1
Largeur,étroite,114,112,1527410391,35.00468444824219,-26.91640281677246,568.5082397460938,19.8469181060791,476,83.19327731092437,35,1.9963979721069336,92.50456237792969,5,1
Largeur,large,114,112,1527410391,54.64854049682617,-27.628528594970703,660.3858032226562,20.652490615844727,445,80,28,1.937831997871399,92.40652465820312,3,1
Largeur,étroite,132335,7914,2023402780,34.35307693481445,-27.619382858276367,1012.9996948242188,19.977436065673828,503,82.90258449304174,17,0.4012129306793213,91.15034484863281,1,0
Largeur,large,132335,7914,2023402780,54.748924255371094,-26.965778350830078,731.0685424804688,19.712907791137695,561,80.3921568627451,7,0.5135704874992371,91.34370422363281,2,1
Largeur,étroite,362,306,32264918,35.114288330078125,-25.793909072875977,645.4894409179688,20.722373962402344,416,78.36538461538461,43,3.023494005203247,92.58953094482422,1,0
Largeur,large,362,306,32264918,54.743656158447266,-24.906646728515625,527.9181518554688,20.895164489746094,419,75.17899761336515,27,1.75291109085083,93.55375671386719,4,0
Largeur,étroite,3696,3699,860321550,35.200843811035156,-25.407724380493164,769.0592651367188,20.020109176635742,389,76.86375321336762,19,0.6855040788650513,92.42195129394531,0,1
Largeur,large,3696,3699,860321550,54.458099365234375,-27.376195907592773,876.4330444335938,20.52460479736328,481,81.4968814968815,12,0.681918740272522,91.56962585449219,2,1
Largeur,étroite,357,306,1478641587,35.38943099975586,-26.710832595825195,651.4879760742188,20.671123504638672,405,79.50617283950618,32,1.508107304573059,93.07490539550781,1,1
Largeur,large,357,306,1478641587,54.49446105957031,-27.16742515563965,695.6771850585938,21.26539421081543,428,77.33644859813084,13,1.2037665843963623,92.52110290527344,2,1
Largeur,étroite,382,370,604641600,34.21498489379883,-27.888341903686523,759.8615112304688,19.7933349609375,410,84.63414634146342,46,2.5245461463928223,92.34424591064453,2,2
Largeur,large,382,370,604641600,54.45036697387695,-27.358097076416016,779.1567993164062,18.967164993286133,469,85.50106609808103,10,0.3963261842727661,91.89777374267578,1,3
Largeur,étroite,1382,3759,2002925567,33.73080825805664,-28.485645294189453,1101.8780517578125,19.479888916015625,554,81.76895306859205,10,0.4228704869747162,91.1213150024414,0,0
Largeur,large,1382,3759,2002925567,54.218414306640625,-27.783672332763672,1069.785888671875,20.359403610229492,533,82.5515947467167,6,0.4128800630569458,91.11326599121094,2,0
Largeur,étroite,519,21540,28316747,34.54365158081055,-27.65492057800293,1194.155517578125,20.259910583496094,397,78.08564231738035,17,0.9018927216529846,91.77043151855469,3,0
Largeur,large,519,21540,28316747,54.87767791748047,-27.634855270385742,1028.7958984375,20.211885452270508,523,83.36520076481835,11,0.9307252764701843,91.38059997558594,2,1
Largeur,étroite,7868,6851,1017265311,33.68678283691406,-28.474346160888672,734.7676391601562,18.614704132080078,597,86.59966499162479,23,0.7525363564491272,92.31980895996094,1,2
Largeur,large,7868,6851,1017265311,54.525150299072266,-28.69619369506836,871.0343627929688,21.421411514282227,447,78.97091722595079,13,0.480114221572876,92.5735855102539,1,2
Largeur,étroite,127,134,480544626,34.3314208984375,-26.907320022583008,1052.4901123046875,20.096282958984375,416,77.64423076923077,23,1.1462860107421875,91.66032409667969,0,1
Largeur,large,127,134,480544626,54.53874969482422,-28.155241012573242,994.7041625976562,20.903409957885742,475,83.15789473684211,18,1.625605583190918,91.49299621582031,2,0
Largeur,étroite,3746,4411,302910801,34.03923797607422,-28.079809188842773,1050.590576171875,20.152408599853516,409,85.08557457212714,26,1.634284496307373,92.1454849243164,0,2
Largeur,large,3746,4411,302910801,54.546730041503906,-26.671297073364258,715.1724243164062,19.371822357177734,518,82.62548262548262,13,0.8075745701789856,92.17622375488281,2,4
Largeur,étroite,3611,3610,2101176022,34.98094940185547,-27.902557373046875,752.2633666992188,20.392358779907227,380,84.21052631578948,35,1.5478322505950928,89.4398193359375,0,0
Largeur,large,3611,3610,2101176022,54.62444305419922,-27.880592346191406,795.6527709960938,18.409364700317383,588,85.37414965986395,8,0.9157659411430359,91.33206939697266,1,0
Largeur,étroite,3024,11551,59250330,33.901206970214844,-28.767597198486328,1176.0599365234375,19.82318687438965,459,84.53159041394335,19,0.6114187240600586,91.57015991210938,1,1
Largeur,large,3024,11551,59250330,54.527374267578125,-26.68419075012207,776.0575561523438,19.63299560546875,583,84.56260720411663,13,0.43830373883247375,91.86582946777344,1,0
Rythme,patient,87,1068,1002897798,48.93636703491211,-28.758604049682617,1113.0753173828125,20.83680534362793,432,81.71296296296296,7,0.44883254170417786,91.34062957763672,0,2
Rythme,rapide,87,1068,1002897798,49.09787368774414,-26.73381996154785,991.5049438476562,20.59989356994629,503,81.51093439363817,5,0.3271411061286926,91.25572967529297,0,2
Rythme,patient,3616,5579,929393559,49.5123176574707,-27.488492965698242,756.7622680664062,20.59778594970703,500,81.2,16,1.1604026556015015,91.59091186523438,2,1
Rythme,rapide,3616,5579,929393559,49.57732391357422,-27.215347290039062,860.8368530273438,20.447067260742188,423,76.35933806146572,11,0.9384326934814453,91.80094146728516,3,5
Rythme,patient,133,137,217468053,49.519710540771484,-28.70930290222168,1132.2706298828125,19.84821319580078,611,85.59738134206219,7,0.4348298907279968,90.31647491455078,0,0
Rythme,rapide,133,137,217468053,49.25434112548828,-28.80869483947754,1234.345703125,20.370834350585938,449,82.62806236080178,7,0.3795104920864105,91.48641204833984,1,1
Rythme,patient,552,437,532638534,49.03364562988281,-28.294797897338867,924.3213500976562,20.831195831298828,441,81.40589569160997,2,0.15706470608711243,92.10039520263672,1,5
Rythme,rapide,552,437,532638534,49.075706481933594,-27.888635635375977,1068.186279296875,20.476415634155273,434,82.94930875576037,5,0.2816333770751953,91.99397277832031,1,4
Rythme,patient,122,137,1464848243,49.79314041137695,-28.24905014038086,796.5525512695312,18.909587860107422,681,87.66519823788546,12,0.8694144487380981,91.19227600097656,1,0
Rythme,rapide,122,137,1464848243,49.83325958251953,-28.972259521484375,950.4149780273438,19.290645599365234,516,84.10852713178295,10,0.579403281211853,92.34764862060547,1,1
Rythme,patient,3822,21607,1321446349,50.131221771240234,-23.93593978881836,496.82110595703125,20.472808837890625,455,80.21978021978022,20,0.9514366984367371,92.71649932861328,1,0
Rythme,rapide,3822,21607,1321446349,49.83510971069336,-26.846406936645508,673.5825805664062,20.635574340820312,473,77.58985200845666,26,1.5935012102127075,92.07106018066406,2,1
Rythme,patient,2565,3706,2039633683,49.353919982910156,-28.588727951049805,1053.98974609375,20.141555786132812,506,84.78260869565217,14,1.0713474750518799,91.62290954589844,2,1
Rythme,rapide,2565,3706,2039633683,49.662288665771484,-28.986371994018555,1152.36572265625,19.28045082092285,520,84.03846153846153,13,0.896821141242981,91.78300476074219,2,2
Rythme,patient,359,331,820276643,49.704647064208984,-26.318830490112305,481.7201843261719,20.38617706298828,479,84.13361169102296,20,0.9521515965461731,92.65140533447266,1,0
Rythme,rapide,359,331,820276643,49.5057373046875,-28.28948211669922,614.4970092773438,20.661680221557617,494,81.37651821862349,12,0.8915292024612427,92.43951416015625,1,1
Rythme,patient,132335,1895,1704637349,48.97578430175781,-30.78396987915039,1060.0882568359375,19.78943634033203,444,82.65765765765765,0,0,92.47555541992188,0,10
Rythme,rapide,132335,1895,1704637349,48.16560745239258,-30.751523971557617,1179.6590576171875,19.785160064697266,483,83.02277432712215,1,0.21469533443450928,91.27325439453125,0,5
Rythme,patient,268,133,1903678842,50.007957458496094,-26.462055206298828,713.4728393554688,21.311613082885742,489,84.04907975460122,20,1.3505511283874512,92.24932098388672,1,1
Rythme,rapide,268,133,1903678842,49.9879035949707,-25.867883682250977,660.3858032226562,20.495765686035156,453,85.20971302428256,20,1.2220772504806519,92.57806396484375,0,1
Rythme,patient,139,2565,1501726364,49.1898193359375,-27.991687774658203,980.1077270507812,20.4195613861084,547,82.44972577696527,3,0.2029285728931427,90.753662109375,1,0
Rythme,rapide,139,2565,1501726364,49.52016067504883,-29.60771942138672,1054.3896484375,20.459423065185547,518,83.97683397683397,7,0.4144902229309082,91.23040771484375,1,1
Rythme,patient,7868,170,1731519511,49.67610549926758,-27.28835105895996,561.5099487304688,20.950305938720703,530,80.56603773584905,9,0.4541955590248108,92.50542449951172,2,1
Rythme,rapide,7868,170,1731519511,49.82432556152344,-27.507360458374023,629.0934448242188,21.174104690551758,540,82.5925925925926,14,0.5190768837928772,92.66569519042969,4,0
Rythme,patient,263,256,1104652174,48.99496841430664,-28.62484359741211,830.0443725585938,20.675439834594727,420,80.47619047619048,3,0.08305606245994568,92.22378540039062,0,4
Rythme,rapide,263,256,1104652174,49.130348205566406,-27.583337783813477,975.2089233398438,20.42121696472168,528,80.68181818181819,9,0.7891665697097778,91.27400207519531,1,3
Rythme,patient,1895,132335,2134161410,50.00792694091797,-26.781946182250977,831.7439575195312,18.923053741455078,379,86.2796833773087,35,2.4760892391204834,92.76839447021484,7,0
Rythme,rapide,1895,132335,2134161410,49.46746826171875,-26.775066375732422,771.9585571289062,20.378190994262695,401,79.30174563591022,36,2.985729694366455,90.91606903076172,6,0
Rythme,patient,143,2726,932725007,49.27620315551758,-28.53467559814453,1027.99609375,20.708425521850586,461,81.77874186550976,18,1.4925572872161865,91.04010009765625,1,0
Rythme,rapide,143,2726,932725007,48.90541076660156,-28.834810256958008,801.1514282226562,21.245418548583984,421,77.19714964370546,14,0.803234338760376,92.24734497070312,1,1
Rythme,patient,2566,146,1015490648,49.64731979370117,-27.588451385498047,860.1370239257812,20.70232582092285,496,82.66129032258064,12,0.818767249584198,91.18858337402344,2,0
Rythme,rapide,2566,146,1015490648,49.3534049987793,-28.258413314819336,932.9192504882812,20.73203468322754,470,79.14893617021276,8,1.3492625951766968,91.5296630859375,1,1
Rythme,patient,97,3751,1130118952,50.05571365356445,-29.45892333984375,609.7981567382812,18.692333221435547,636,87.26415094339623,9,1.1208486557006836,92.20642852783203,3,1
Rythme,rapide,97,3751,1130118952,49.52294158935547,-29.298669815063477,863.2362670898438,19.42928123474121,550,86.18181818181819,17,1.2576448917388916,91.60991668701172,0,0
Rythme,patient,361,388,1485403625,50.1367301940918,-26.06389808654785,543.6143188476562,20.788097381591797,404,80.44554455445545,23,1.8550604581832886,92.9771728515625,1,1
Rythme,rapide,361,388,1485403625,49.94765090942383,-26.508625030517578,645.1895141601562,20.084909439086914,462,79.65367965367966,20,2.1619887351989746,92.5467758178711,2,0
Rythme,patient,2925,105,2039758977,49.147605895996094,-28.597576141357422,1054.189697265625,20.81342315673828,428,80.60747663551402,19,2.2810781002044678,89.57449340820312,2,1
Rythme,rapide,2925,105,2039758977,49.13758850097656,-27.759981155395508,889.0299682617188,21.455575942993164,394,76.6497461928934,12,1.0289891958236694,92.08595275878906,1,0
Rythme,patient,170,179,1048083132,49.70985794067383,-24.971534729003906,753.5630493164062,20.87854766845703,476,80.88235294117646,18,1.142615556716919,91.45853424072266,1,2
Rythme,rapide,170,179,1048083132,49.80605697631836,-25.7049617767334,663.9849243164062,20.560401916503906,471,83.01486199575372,19,1.5355149507522583,91.94837188720703,1,0
Rythme,patient,3699,437,259488708,49.0245361328125,-28.609697341918945,1018.4983520507812,19.81150245666504,394,78.93401015228426,7,1.5806719064712524,91.92337036132812,1,2
Rythme,rapide,3699,437,259488708,47.88268280029297,-29.167085647583008,973.1094360351562,20.41313362121582,393,78.62595419847328,8,0.31780147552490234,92.50355529785156,0,4
Rythme,patient,90,93,669806174,49.45650863647461,-27.398391723632812,817.0475463867188,20.873043060302734,431,82.13457076566125,17,1.4120688438415527,92.02650451660156,1,1
Rythme,rapide,90,93,669806174,49.017513275146484,-28.796072006225586,913.5239868164062,20.857812881469727,446,80.4932735426009,7,0.5044025182723999,91.95983123779297,1,2
Rythme,patient,3746,1382,2142954714,49.717350006103516,-27.613195419311523,837.6425170898438,18.955488204956055,585,86.15384615384616,16,0.8492288589477539,91.376708984375,0,0
Rythme,rapide,3746,1382,2142954714,49.581993103027344,-27.666362762451172,878.3325805664062,18.776323318481445,548,83.94160583941606,18,2.1076478958129883,91.8766860961914,1,1
Rythme,patient,254,257,472931517,49.37847137451172,-28.989818572998047,1041.792724609375,19.578107833862305,519,83.04431599229287,7,0.39080727100372314,91.01822662353516,0,2
Rythme,rapide,254,257,472931517,48.39106750488281,-29.22438621520996,1235.0455322265625,19.80399513244629,515,81.16504854368932,7,0.5340960621833801,90.98851013183594,0,1
Rythme,patient,362,331,921209318,49.110836029052734,-27.365949630737305,934.6188354492188,20.53246307373047,393,79.89821882951654,11,1.1696516275405884,91.56336212158203,1,4
Rythme,rapide,362,331,921209318,49.274757385253906,-27.810630798339844,878.8324584960938,20.703571319580078,456,81.57894736842105,14,1.4957774877548218,91.85560607910156,1,1
Rythme,patient,7640,3019,1662778767,49.34435272216797,-28.842628479003906,1281.13427734375,19.119144439697266,556,84.53237410071942,5,0.36609581112861633,90.29904174804688,0,0
Rythme,rapide,7640,3019,1662778767,49.62022399902344,-29.038284301757812,1305.0284423828125,19.424840927124023,532,81.39097744360902,1,0.03612437844276428,90.93988800048828,1,1
Rythme,patient,13294,2790,1056745520,49.18611526489258,-29.141014099121094,1015.6990356445312,19.141176223754883,501,83.43313373253493,9,0.6684259176254272,91.24864196777344,1,0
Rythme,rapide,13294,2790,1056745520,49.335445404052734,-28.086097717285156,1128.571533203125,19.66506004333496,536,80.97014925373135,6,0.27421820163726807,91.08404541015625,0,1
Rythme,patient,122,131,1008338748,49.447418212890625,-27.669267654418945,934.5188598632812,20.42940902709961,428,82.4766355140187,12,0.8676459193229675,91.72809600830078,3,2
Rythme,rapide,122,131,1008338748,49.26267623901367,-27.493820190429688,1011.0001831054688,20.760147094726562,509,79.56777996070727,17,0.8567536473274231,91.10955810546875,2,0
Rythme,patient,7911,3841,794882901,49.990379333496094,-27.979570388793945,731.9683227539062,19.716449737548828,528,88.63636363636364,23,2.972130060195923,91.9224624633789,3,0
Rythme,rapide,7911,3841,794882901,49.90184783935547,-28.374881744384766,706.2745971679688,19.84465980529785,449,82.40534521158129,24,1.590888500213623,92.87442016601562,3,1
Rythme,patient,174,2502,1796576214,49.73641586303711,-26.81009292602539,621.3953247070312,21.00939178466797,479,84.34237995824634,32,2.693544626235962,91.78797912597656,6,0
Rythme,rapide,174,2502,1796576214,49.96139907836914,-25.945323944091797,623.9946899414062,19.98201560974121,512,83.203125,29,2.548889636993408,91.83687591552734,1,1
Rythme,patient,132334,6870,190797265,49.468841552734375,-27.9468994140625,945.2162475585938,19.40468978881836,623,86.19582664526484,9,0.3925102651119232,91.10496520996094,1,0
Rythme,rapide,132334,6870,190797265,49.61444854736328,-28.02890396118164,936.8182983398438,19.183250427246094,690,84.34782608695652,8,0.500399112701416,91.28642272949219,2,0
Rythme,patient,2697,179,485266100,49.94504165649414,-27.01512908935547,685.0797729492188,20.35530662536621,442,81.90045248868778,9,0.6030285358428955,92.74666595458984,1,1
Rythme,rapide,2697,179,485266100,49.5225944519043,-26.308242797851562,746.0648803710938,21.04361343383789,472,77.33050847457628,5,0.623581051826477,91.91696166992188,0,1
Rythme,patient,254,258,645237757,49.055030822753906,-28.709720611572266,1043.0924072265625,20.137245178222656,360,81.38888888888889,4,0.8412817120552063,92.14653015136719,1,2
Rythme,rapide,254,258,645237757,48.808597564697266,-28.774343490600586,885.8307495117188,20.14127540588379,506,77.66798418972331,4,0.30051136016845703,91.75431823730469,0,1
Rythme,patient,388,362,796471501,49.3763427734375,-27.199064254760742,1100.7783203125,20.073549270629883,416,81.25,13,0.6069006323814392,90.95600891113281,1,2
Rythme,rapide,388,362,796471501,49.402347564697266,-27.5123348236084,985.0065307617188,20.923030853271484,499,79.95991983967936,11,0.689439594745636,91.2055435180664,0,0
Rythme,patient,570,5786,1196878155,49.85149002075195,-27.5264835357666,643.9898071289062,18.08549690246582,524,90.07633587786259,29,1.6121728420257568,92.7010498046875,3,2
Rythme,rapide,570,5786,1196878155,49.82231521606445,-28.453266143798828,680.2809448242188,18.268308639526367,530,87.16981132075472,22,1.3438904285430908,92.48456573486328,5,2
Rythme,patient,268,131,359906493,49.01406478881836,-28.375226974487305,964.1116333007812,21.428226470947266,479,81.419624217119,11,0.6910035610198975,91.46382141113281,0,3
Rythme,rapide,268,131,359906493,48.56296920776367,-28.67546272277832,1115.57470703125,21.135957717895508,456,79.3859649122807,3,0.13139542937278748,91.22628784179688,0,4
Rythme,patient,86,2922,1617046705,49.67664337158203,-27.54267120361328,801.2514038085938,18.749441146850586,473,89.4291754756871,44,3.048644781112671,91.73860931396484,5,1
Rythme,rapide,86,2922,1617046705,49.594608306884766,-28.16698455810547,702.3755493164062,19.557151794433594,396,84.0909090909091,25,1.1970734596252441,93.25704956054688,2,2
Rythme,patient,393,362,1827753950,49.4724006652832,-27.306753158569336,911.8244018554688,20.2032413482666,434,82.48847926267281,16,0.9314655661582947,92.29122161865234,3,0
Rythme,rapide,393,362,1827753950,49.48111343383789,-25.456497192382812,856.4379272460938,20.796131134033203,485,79.38144329896907,15,1.244757890701294,92.01887512207031,2,0
Rythme,patient,562,7640,2113437503,49.51952362060547,-28.471357345581055,875.7332153320312,20.21426010131836,563,84.19182948490231,3,0.30628150701522827,91.23857116699219,2,1
Rythme,rapide,562,7640,2113437503,49.27535629272461,-30.611385345458984,1433.5970458984375,19.850479125976562,553,82.64014466546112,3,0.11280594766139984,90.35818481445312,0,0
Rythme,patient,3696,3822,1501688522,49.67750549316406,-27.248525619506836,794.3530883789062,20.24639129638672,467,82.44111349036403,15,1.6028971672058105,91.97062683105469,2,1
Rythme,rapide,3696,3822,1501688522,49.2818603515625,-29.257915496826172,940.4174194335938,20.600521087646484,440,79.77272727272727,12,0.47986650466918945,91.93093872070312,0,0
Rythme,patient,18794,21846,1477521204,49.50942611694336,-26.46095085144043,891.5293579101562,20.290760040283203,439,80.18223234624146,3,0.10544641315937042,91.55260467529297,0,2
Rythme,rapide,18794,21846,1477521204,48.968631744384766,-28.549413681030273,943.9165649414062,20.621353149414062,535,80.74766355140187,7,0.46320730447769165,91.12635803222656,1,0
Rythme,patient,382,349,48190158,49.90208053588867,-26.256845474243164,632.5925903320312,20.303468704223633,402,81.34328358208955,19,1.5976873636245728,92.94416809082031,1,2
Rythme,rapide,382,349,48190158,50.07379913330078,-25.044546127319336,524.2190551757812,20.814674377441406,405,82.96296296296296,24,1.573404312133789,93.25358581542969,1,1
Rythme,patient,368,359,628641533,49.30866241455078,-29.646818161010742,955.6137084960938,20.353740692138672,437,79.17620137299771,7,1.2013754844665527,91.89524841308594,2,0
Rythme,rapide,368,359,628641533,48.911808013916016,-28.459489822387695,919.2225952148438,20.749248504638672,431,82.36658932714617,2,0.07757101207971573,91.96887969970703,0,1
Rythme,patient,83,93,1988519473,49.892662048339844,-26.862674713134766,619.6957397460938,20.28620147705078,435,83.2183908045977,34,2.0167341232299805,92.25695037841797,2,2
Rythme,rapide,83,93,1988519473,49.6200065612793,-27.08856201171875,622.2951049804688,20.720495223999023,493,81.54158215010142,26,1.4304336309432983,92.59526062011719,1,1
Rythme,patient,570,559,2138614433,50.187713623046875,-27.379663467407227,658.8861694335938,19.900859832763672,447,80.98434004474272,16,1.1011894941329956,92.66779327392578,0,0
Rythme,rapide,570,559,2138614433,49.62335968017578,-28.242473602294922,618.8959350585938,20.5822811126709,445,76.85393258426966,27,2.2395529747009277,92.85218811035156,3,1
Rythme,patient,388,393,1490379973,48.335208892822266,-28.48453140258789,1055.0894775390625,20.828712463378906,446,81.16591928251121,10,1.0134241580963135,91.83682250976562,1,3
Rythme,rapide,388,393,1490379973,49.230377197265625,-28.127151489257812,1095.779541015625,20.53583335876465,520,82.11538461538461,14,1.234476923942566,90.9847412109375,1,0
Rythme,patient,1382,4411,683759645,48.246212005615234,-27.08151626586914,920.2223510742188,20.4049129486084,454,83.70044052863436,16,0.9288763403892517,92.16503143310547,0,1
Rythme,rapide,1382,4411,683759645,49.89114761352539,-28.66012954711914,983.3069458007812,18.892303466796875,560,84.82142857142857,4,0.14948031306266785,91.44554901123047,1,1
Rythme,patient,83,86,385065937,49.360450744628906,-27.834949493408203,865.1358032226562,20.30599594116211,439,83.82687927107061,16,1.2903224229812622,91.71966552734375,1,3
Rythme,rapide,83,86,385065937,49.446651458740234,-27.892845153808594,770.3589477539062,20.806856155395508,482,79.87551867219916,15,0.9598990082740784,92.0884017944336,2,0
Rythme,patient,170,2502,1366447162,49.82185745239258,-26.82299041748047,677.4816284179688,20.32219696044922,440,83.86363636363636,13,1.238232135772705,92.69689178466797,2,2
Rythme,rapide,170,2502,1366447162,49.59601593017578,-27.14344596862793,817.9473266601562,20.465312957763672,437,81.46453089244851,25,2.470101833343506,92.21310424804688,2,1
Rythme,patient,99,96,1220134124,49.51082229614258,-28.441204071044922,1209.351806640625,20.66094398498535,444,82.43243243243244,8,0.5741149187088013,91.03421783447266,1,1
Rythme,rapide,99,96,1220134124,49.55788040161133,-28.399248123168945,1062.8875732421875,20.30048942565918,469,79.317697228145,6,0.5373295545578003,91.56849670410156,1,0
Rythme,patient,97,85,1335149631,49.4521484375,-25.99811553955078,939.3176879882812,21.138980865478516,437,81.00686498855835,11,1.6089231967926025,91.24776458740234,1,3
Rythme,rapide,97,85,1335149631,49.55955505371094,-25.583621978759766,797.0524291992188,20.161670684814453,478,80.3347280334728,15,1.3036068677902222,91.84654998779297,1,2
Rythme,patient,21607,2994,1257437083,49.23602294921875,-27.30145835876465,1028.0960693359375,20.383544921875,461,84.1648590021692,19,1.2093005180358887,91.43952941894531,1,2
Rythme,rapide,21607,2994,1257437083,48.90864562988281,-28.229549407958984,1184.8577880859375,21.167020797729492,410,79.26829268292683,16,1.0133328437805176,91.49285888671875,3,2
Rythme,patient,153,152,750203086,49.88528823852539,-26.27957534790039,907.1255493164062,19.664369583129883,443,84.87584650112866,44,2.8309574127197266,91.74129486083984,3,0
Rythme,rapide,153,152,750203086,49.46014404296875,-27.180803298950195,840.5418090820312,20.1829891204834,450,83.11111111111111,32,2.7554636001586914,91.96128845214844,2,0
Rythme,patient,147,140,2134306667,49.94905471801758,-25.8463077545166,611.3977661132812,18.70967674255371,596,84.39597315436242,28,2.501589775085449,91.63369750976562,2,0
Rythme,rapide,147,140,2134306667,49.9035530090332,-27.904125213623047,934.5188598632812,19.167621612548828,491,85.94704684317719,19,1.3437836170196533,92.71159362792969,2,2
Rythme,patient,254,256,764807854,49.01530075073242,-29.195419311523438,928.3203735351562,20.207202911376953,491,83.29938900203666,5,0.19264528155326843,91.31996154785156,0,2
Rythme,rapide,254,256,764807854,48.52946853637695,-30.002927780151367,1121.8731689453125,20.140050888061523,460,81.95652173913044,2,0.05671970546245575,92.05785369873047,1,0
Rythme,patient,789,7914,670436716,49.898990631103516,-26.547517776489258,802.4511108398438,20.342214584350586,463,83.58531317494601,26,2.2466697692871094,92.73927307128906,3,0
Rythme,rapide,789,7914,670436716,49.54842758178711,-29.369766235351562,1088.78125,20.1339168548584,358,80.72625698324022,18,1.0356193780899048,92.78337097167969,2,1
Rythme,patient,132334,995,1013966036,49.16449737548828,-27.00904083251953,986.0062866210938,20.760986328125,546,82.05128205128206,10,0.3222530484199524,90.81751251220703,0,1
Rythme,rapide,132334,995,1013966036,49.236412048339844,-28.168283462524414,948.2155151367188,20.8150634765625,498,80.32128514056225,6,0.522771418094635,91.51597595214844,0,3
Rythme,patient,131,10388,1718824160,49.95350646972656,-27.509361267089844,589.0032348632812,21.01016616821289,463,79.6976241900648,26,2.152284860610962,92.45220184326172,5,1
Rythme,rapide,131,10388,1718824160,49.70551681518555,-24.01218032836914,446.01800537109375,20.8439884185791,481,81.4968814968815,28,2.2176477909088135,92.68878173828125,2,2
Rythme,patient,104,115,1709944646,49.983768463134766,-25.94252586364746,541.6148071289062,21.073667526245117,407,83.29238329238329,35,1.8161656856536865,93.16423797607422,6,2
Rythme,rapide,104,115,1709944646,49.4510498046875,-26.887277603149414,667.2841186523438,21.064634323120117,372,80.3763440860215,42,3.4379031658172607,93.02164459228516,2,1
Rythme,patient,2250,1929,726787874,49.818031311035156,-25.54789161682129,598.9008178710938,19.5167236328125,400,85.25,37,2.9163577556610107,93.03852844238281,8,0
Rythme,rapide,2250,1929,726787874,49.48136901855469,-25.73386001586914,623.7947387695312,19.335010528564453,388,86.34020618556701,48,4.606693744659424,92.74370574951172,3,0
Rythme,patient,105,239,94993703,50.032413482666016,-29.226890563964844,645.7893676757812,18.615280151367188,628,85.98726114649682,9,0.5948877930641174,91.6544418334961,0,0
Rythme,rapide,105,239,94993703,49.84742736816406,-29.075387954711914,714.8724975585938,19.987443923950195,583,85.5917667238422,18,1.3374356031417847,92.56316375732422,3,1
Rythme,patient,156,3735,1849727770,49.57871627807617,-27.883150100708008,841.6415405273438,20.642253875732422,558,82.61648745519713,10,0.5304043889045715,91.12747955322266,1,1
Rythme,rapide,156,3735,1849727770,49.256778717041016,-30.08766746520996,1007.7009887695312,20.596837997436523,449,79.28730512249443,10,0.6456007957458496,91.86833190917969,1,1
Rythme,patient,268,7911,1384120890,49.495880126953125,-27.971534729003906,1034.79443359375,20.789871215820312,487,81.3141683778234,4,0.13520433008670807,91.46842956542969,0,1
Rythme,rapide,268,7911,1384120890,49.26708221435547,-27.189167022705078,946.9158325195312,21.55715560913086,464,77.15517241379311,6,0.30682456493377686,91.97149658203125,0,2
Rythme,patient,4057,110,1142969686,49.42972183227539,-30.050920486450195,1104.4774169921875,19.906190872192383,466,84.54935622317596,7,0.40674981474876404,91.6498031616211,2,1
Rythme,rapide,4057,110,1142969686,48.719444274902344,-30.646461486816406,1247.8424072265625,19.445301055908203,485,83.29896907216495,5,0.22073999047279358,91.46611022949219,1,1
Rythme,patient,3307,3841,1888802919,49.30012130737305,-29.315767288208008,1409.0030517578125,20.386720657348633,346,79.76878612716763,11,1.2478704452514648,91.66968536376953,0,0
Rythme,rapide,3307,3841,1888802919,49.208824157714844,-29.250337600708008,1409.90283203125,19.786602020263672,419,79.47494033412887,7,0.5033067464828491,91.32637786865234,1,1
Rythme,patient,127,125,1471360990,49.136383056640625,-29.90524673461914,1045.6917724609375,20.583044052124023,408,81.12745098039215,12,1.9011766910552979,91.73088073730469,3,0
Rythme,rapide,127,125,1471360990,49.56629180908203,-27.982343673706055,1036.7939453125,20.83617401123047,441,79.81859410430839,5,0.8942550420761108,91.55672454833984,1,2
Rythme,patient,996,9078,2102824771,49.058013916015625,-27.865962982177734,993.3045043945312,20.60852813720703,386,74.87046632124353,16,1.2616528272628784,91.9415054321289,2,3
Rythme,rapide,996,9078,2102824771,48.85496139526367,-28.149192810058594,1074.4847412109375,20.466623306274414,378,79.62962962962963,21,1.3209351301193237,91.74267578125,1,2
Rythme,patient,127,3841,334167837,49.6797981262207,-29.361907958984375,1304.2286376953125,19.932645797729492,469,82.94243070362474,6,0.3144775927066803,90.82976531982422,2,1
Rythme,rapide,127,3841,334167837,49.560546875,-28.548307418823242,833.3435668945312,19.0417537689209,451,82.26164079822617,12,0.7139576077461243,92.55049133300781,2,2
Rythme,patient,359,367,1036349728,50.06169891357422,-26.480836868286133,495.7210388183594,20.804868698120117,492,84.7560975609756,21,2.5017011165618896,92.91654968261719,7,2
Rythme,rapide,359,367,1036349728,49.972572326660156,-26.46304702758789,520.6199340820312,20.702680587768555,518,81.85328185328186,15,1.0986032485961914,92.7208251953125,3,1
Rythme,patient,996,997,948048695,48.87910842895508,-29.01873779296875,1166.6622314453125,20.353071212768555,457,77.24288840262582,8,0.46609827876091003,91.00439453125,0,5
Rythme,rapide,996,997,948048695,48.426753997802734,-28.666515350341797,1222.4486083984375,20.28013801574707,433,77.13625866050808,7,0.5118522644042969,91.27619171142578,1,8
Rythme,patient,9078,1895,506792090,49.19967269897461,-28.142236709594727,894.1287231445312,20.000198364257812,545,83.11926605504587,7,0.7332555055618286,91.39634704589844,0,1
Rythme,rapide,9078,1895,506792090,49.10431671142578,-30.74209213256836,1181.0587158203125,20.31930160522461,567,83.95061728395062,2,0.20476281642913818,91.11268615722656,1,1
Rythme,patient,7868,6997,603445893,49.46372985839844,-26.903486251831055,867.0353393554688,20.906963348388672,515,82.9126213592233,7,0.1632726490497589,91.52780151367188,0,3
Rythme,rapide,7868,6997,603445893,49.46088790893555,-27.058513641357422,859.4371948242188,20.807889938354492,534,79.7752808988764,12,0.6187314391136169,91.84811401367188,0,2
Rythme,patient,13294,2790,211620115,49.34555435180664,-28.433151245117188,1096.179443359375,18.743797302246094,568,84.85915492957747,5,0.48629310727119446,90.99845123291016,0,2
Rythme,rapide,13294,2790,211620115,49.36469650268555,-29.330455780029297,1204.2530517578125,18.753660202026367,492,83.53658536585365,3,0.20755831897258759,91.44647216796875,1,1
Rythme,patient,432,20070,1780414719,49.778846740722656,-27.919679641723633,617.5962524414062,18.19265365600586,501,87.02594810379242,27,1.8856598138809204,92.1090087890625,6,3
Rythme,rapide,432,20070,1780414719,49.62466812133789,-27.554445266723633,646.6891479492188,18.620847702026367,456,87.5,20,1.7151751518249512,92.92899322509766,3,4
Rythme,patient,2726,145,937223518,49.080650329589844,-30.133806228637695,1223.4483642578125,21.186412811279297,377,79.3103448275862,15,1.4762825965881348,91.71609497070312,6,1
Rythme,rapide,2726,145,937223518,48.948848724365234,-29.373281478881836,1125.372314453125,20.634140014648438,424,79.71698113207547,12,0.8572123050689697,91.7407455444336,2,0
Rythme,patient,6907,13294,776916771,49.63534927368164,-27.856002807617188,1013.6995239257812,19.336584091186523,548,87.95620437956204,15,0.592157781124115,91.19780731201172,0,0
Rythme,rapide,6907,13294,776916771,49.58620834350586,-28.006479263305664,1074.384765625,18.92537498474121,545,86.97247706422019,13,0.935405433177948,91.49856567382812,2,0
Rythme,patient,21846,4411,883719064,49.781707763671875,-27.976091384887695,1116.974365234375,19.038909912109375,560,85.71428571428571,11,1.196112036705017,90.91323852539062,0,0
Rythme,rapide,21846,4411,883719064,49.14821243286133,-28.72959327697754,1050.190673828125,19.88155746459961,514,83.65758754863813,12,1.141842007637024,91.57479858398438,3,1
Rythme,patient,331,382,1763330361,49.052677154541016,-27.864681243896484,822.5462036132812,21.19955825805664,483,82.19461697722568,8,0.28384697437286377,91.85086822509766,0,2
Rythme,rapide,331,382,1763330361,48.888328552246094,-28.844419479370117,893.2289428710938,21.169418334960938,476,81.72268907563026,8,0.3871961534023285,91.97510528564453,1,5
Rythme,patient,7911,131,1097703492,49.061405181884766,-29.35988998413086,958.7129516601562,20.23111343383789,461,80.26030368763557,4,0.4605424404144287,91.54800415039062,0,2
Rythme,rapide,7911,131,1097703492,48.48899459838867,-29.436355590820312,821.2465209960938,20.796998977661133,483,84.88612836438924,8,0.3804106116294861,92.66803741455078,1,3
Rythme,patient,266,258,20376260,49.18998718261719,-29.159015655517578,717.1719360351562,20.508621215820312,475,80.42105263157895,4,0.8371239304542542,92.31192779541016,2,1
Rythme,rapide,266,258,20376260,48.97824478149414,-29.1444149017334,987.8058471679688,20.756574630737305,482,78.63070539419087,6,0.7172958850860596,91.623779296875,2,0
Rythme,patient,104,111,1400887770,49.46916580200195,-26.897531509399414,916.8231811523438,20.339740753173828,419,82.10023866348449,17,0.8890612721443176,91.51648712158203,1,2
Rythme,rapide,104,111,1400887770,49.19978332519531,-26.932022094726562,824.9456176757812,20.407974243164062,472,83.89830508474576,16,0.480522096157074,92.12960052490234,3,0
Rythme,patient,83,87,567345045,49.84563446044922,-27.619659423828125,749.0641479492188,19.48615837097168,398,86.18090452261306,30,2.480055332183838,92.66777801513672,7,0
Rythme,rapide,83,87,567345045,49.69190979003906,-26.922218322753906,623.5947875976562,19.528491973876953,416,82.45192307692308,26,2.772099733352661,92.85452270507812,4,1
Rythme,patient,132,3841,490794889,49.85438919067383,-27.429180145263672,529.9176635742188,19.557666778564453,551,86.38838475499092,22,1.4724719524383545,92.05670166015625,5,1
Rythme,rapide,132,3841,490794889,49.73387908935547,-26.754228591918945,690.1785278320312,19.594676971435547,518,85.13513513513513,25,2.0434350967407227,92.22159576416016,2,0
Rythme,patient,21607,3472,380953897,49.3790397644043,-28.568227767944336,1058.988525390625,19.032657623291016,501,83.83233532934132,11,0.5876777172088623,90.99922180175781,0,1
Rythme,rapide,21607,3472,380953897,48.93891525268555,-29.908891677856445,978.7080688476562,20.104843139648438,485,81.85567010309278,10,0.6051936745643616,89.84172058105469,1,1
Rythme,patient,3611,3610,1575844887,49.916168212890625,-28.285356521606445,869.8346557617188,18.9278621673584,477,84.90566037735849,28,2.656449794769287,91.87496185302734,2,1
Rythme,rapide,3611,3610,1575844887,49.928070068359375,-27.806568145751953,852.2389526367188,18.891887664794922,563,84.19182948490231,20,1.0224637985229492,91.59542846679688,2,0
Rythme,patient,357,364,2013425278,49.400901794433594,-29.47319221496582,979.8078002929688,19.93698501586914,483,83.02277432712215,1,0.047004200518131256,91.72025299072266,0,2
Rythme,rapide,357,364,2013425278,49.056766510009766,-28.989320755004883,1111.9755859375,20.164691925048828,581,83.64888123924268,8,0.44065746665000916,91.07540130615234,2,4
Rythme,patient,3735,140,13374071,49.70005798339844,-28.337841033935547,1093.380126953125,19.237802505493164,542,88.00738007380073,14,0.9163541197776794,90.87338256835938,0,0
Rythme,rapide,3735,140,13374071,49.12681579589844,-29.756637573242188,1344.6187744140625,19.626127243041992,442,82.12669683257919,8,0.2811677157878876,91.19127655029297,0,0
Rythme,patient,388,366,352111753,49.39972686767578,-28.940296173095703,1002.2023315429688,20.757164001464844,416,80.28846153846153,10,0.5204085111618042,91.9063491821289,2,1
Rythme,rapide,388,366,352111753,49.26308822631836,-29.060062408447266,1221.4488525390625,20.21933364868164,380,81.3157894736842,12,0.8988402485847473,91.81388854980469,1,0
Rythme,patient,175,6851,1049265140,49.08170700073242,-28.341535568237305,917.5230102539062,21.070236206054688,484,79.75206611570248,16,0.8933930993080139,91.1251220703125,1,1
Rythme,rapide,175,6851,1049265140,49.087608337402344,-29.87053680419922,836.7427368164062,20.353967666625977,465,79.78494623655914,13,0.8154954314231873,92.44062042236328,2,1
Rythme,patient,3263,4007,186245157,49.10480880737305,-28.651517868041992,950.2150268554688,20.72844886779785,375,77.33333333333333,17,1.6917624473571777,92.320068359375,4,3
Rythme,rapide,3263,4007,186245157,49.24068832397461,-27.447038650512695,1001.6024780273438,21.40463638305664,398,76.38190954773869,21,1.6839714050292969,91.88626098632812,2,2
Rythme,patient,3616,441,1120418230,49.882137298583984,-28.322668075561523,1153.96533203125,18.901813507080078,596,86.24161073825503,5,0.22149758040905,90.21517944335938,0,0
Rythme,rapide,3616,441,1120418230,49.50123596191406,-29.275794982910156,1297.93017578125,19.390352249145508,499,83.56713426853707,9,0.5952292680740356,90.66886138916016,1,0
Rythme,patient,349,337,85596666,49.33869552612305,-27.045330047607422,833.3435668945312,21.169008255004883,401,79.30174563591022,13,0.9405757188796997,91.94857788085938,1,1
Rythme,rapide,349,337,85596666,49.36398696899414,-28.74807357788086,840.8417358398438,20.460542678833008,421,79.57244655581948,13,0.6020313501358032,92.61030578613281,3,2
Rythme,patient,366,368,1769244548,49.6245231628418,-26.520414352416992,1000.2028198242188,20.311397552490234,409,81.66259168704157,12,0.6807369589805603,91.3259048461914,0,2
Rythme,rapide,366,368,1769244548,49.7310676574707,-27.519189834594727,773.3582153320312,21.136110305786133,538,82.71375464684014,14,0.6494372487068176,91.49851989746094,3,0
Rythme,patient,393,357,1313602615,49.13899230957031,-29.051074981689453,947.3157348632812,20.724647521972656,455,80,18,1.2585557699203491,90.02070617675781,3,0
Rythme,rapide,393,357,1313602615,48.98113250732422,-28.411561965942383,1104.4774169921875,20.938833236694336,396,77.77777777777777,9,0.9730794429779053,91.85273742675781,0,1
Rythme,patient,370,388,1463368591,49.50907897949219,-26.851795196533203,736.9671020507812,20.402437210083008,407,82.55528255528256,18,1.2122094631195068,92.94623565673828,1,0
Rythme,rapide,370,388,1463368591,49.56525421142578,-25.950443267822266,783.6557006835938,21.096960067749023,474,80.59071729957806,23,2.284656286239624,91.90010070800781,4,1
Rythme,patient,1538,99,767019185,49.79298400878906,-27.33916664123535,1016.0989379882812,20.2463436126709,447,84.3400447427293,13,0.7064956426620483,91.44239807128906,0,1
Rythme,rapide,1538,99,767019185,49.27995300292969,-29.24317741394043,922.1218872070312,21.00618553161621,522,81.4176245210728,12,0.8214409947395325,91.42277526855469,2,1
Rythme,patient,170,6997,871005224,49.55152893066406,-25.95072364807129,797.7522583007812,19.912109375,449,81.29175946547885,26,1.962448239326477,92.22529602050781,1,0
Rythme,rapide,170,6997,871005224,49.569942474365234,-27.15594482421875,884.8309936523438,20.72743797302246,447,79.19463087248322,18,0.9586499929428101,92.39735412597656,3,0
Rythme,patient,152,140,1014651230,49.62610626220703,-28.848817825317383,1128.4715576171875,19.044387817382812,586,84.30034129692832,4,0.23713363707065582,89.16297149658203,0,0
Rythme,rapide,152,140,1014651230,48.977962493896484,-28.758358001708984,1231.346435546875,20.493289947509766,474,82.48945147679325,6,0.13665643334388733,91.12632751464844,2,1
Rythme,patient,172,2697,1250740141,48.494808197021484,-29.246078491210938,957.8131713867188,18.787187576293945,458,85.58951965065502,12,0.8712220788002014,92.2474365234375,1,5
Rythme,rapide,172,2697,1250740141,49.447967529296875,-28.308225631713867,888.5300903320312,19.729339599609375,506,85.7707509881423,10,0.992653489112854,92.04834747314453,1,0
Rythme,patient,142,147,2024776132,49.10165786743164,-29.14089012145996,1035.8941650390625,21.729351043701172,420,77.85714285714286,25,2.2099177837371826,91.73773193359375,2,0
Rythme,rapide,142,147,2024776132,49.2781982421875,-28.67339324951172,625.2943725585938,21.00102424621582,302,81.78807947019868,14,0.7698899507522583,94.49368286132812,3,0
Rythme,patient,559,3616,1464793213,49.85134506225586,-27.33409309387207,626.3941040039062,19.44060516357422,559,86.22540250447227,15,0.9604198932647705,91.891845703125,4,1
Rythme,rapide,559,3616,1464793213,49.908973693847656,-28.83574676513672,852.8388061523438,19.364572525024414,516,83.33333333333333,18,0.915276288986206,92.0162124633789,2,0
Rythme,patient,306,361,674103857,49.19318389892578,-28.423248291015625,1144.767578125,21.7242374420166,355,76.61971830985915,19,1.3671448230743408,89.91105651855469,2,0
Rythme,rapide,306,361,674103857,47.2481803894043,-29.59333610534668,1221.8487548828125,21.33558464050293,356,78.37078651685393,19,1.0929936170578003,90.25169372558594,1,3
Rythme,patient,3822,21581,455992310,49.92596435546875,-26.983078002929688,927.5205688476562,18.986101150512695,462,85.4978354978355,11,0.561176598072052,91.67041015625,0,1
Rythme,rapide,3822,21581,455992310,49.66286849975586,-28.366474151611328,1156.964599609375,19.80579376220703,545,84.22018348623853,9,0.5238293409347534,90.99866485595703,1,1
Rythme,patient,3706,156,411967342,49.79180908203125,-26.62360954284668,501.7214050292969,19.2332763671875,599,84.97495826377296,20,1.3612841367721558,92.31560516357422,1,0
Rythme,rapide,3706,156,411967342,49.15291213989258,-28.57326316833496,686.9793090820312,19.4548282623291,561,81.99643493761141,21,1.256725788116455,92.39222717285156,0,0
Rythme,patient,363,373,1100352984,49.8431282043457,-24.388277053833008,544.3141479492188,20.957216262817383,396,77.02020202020202,27,1.6011582612991333,92.9212875366211,3,0
Rythme,rapide,363,373,1100352984,50.12860870361328,-25.949228286743164,525.4187622070312,21.078611373901367,421,77.19714964370546,22,1.7299777269363403,93.06842041015625,3,0
Rythme,patient,2925,17530,1241640015,49.254486083984375,-29.78717041015625,1154.565185546875,19.777286529541016,482,84.02489626556017,20,2.348205804824829,90.9155502319336,3,1
Rythme,rapide,2925,17530,1241640015,49.231292724609375,-29.235395431518555,961.2123413085938,19.9186954498291,526,80.79847908745248,10,0.43475478887557983,91.55231475830078,2,1
Rythme,patient,436,995,330066000,49.99434280395508,-25.090787887573242,473.7196960449219,21.12009048461914,394,77.66497461928934,34,2.7592523097991943,93.37979888916016,7,0
Rythme,rapide,436,995,330066000,49.910953521728516,-24.447668075561523,524.1190795898438,20.90972328186035,406,76.10837438423646,25,2.1919679641723633,93.38905334472656,4,1
Rythme,patient,368,388,950415411,49.824951171875,-25.100479125976562,649.4884643554688,20.625425338745117,480,80.83333333333333,21,1.77486252784729,92.16197967529297,1,3
Rythme,rapide,368,388,950415411,49.71110153198242,-27.320858001708984,689.1787719726562,20.89801025390625,444,80.4054054054054,20,1.1635355949401855,92.5287857055664,0,0
Rythme,patient,145,147,1914605551,49.032691955566406,-29.260086059570312,1160.4637451171875,20.90091323852539,431,79.58236658932715,10,0.5165805816650391,91.31600189208984,0,0
Rythme,rapide,145,147,1914605551,48.885528564453125,-29.294532775878906,1341.0196533203125,20.026613235473633,454,80.1762114537445,8,0.7681829333305359,90.92239379882812,1,3
Rythme,patient,176,174,1842724251,49.83068084716797,-26.541414260864258,708.5740356445312,21.42603874206543,445,79.7752808988764,21,1.1352485418319702,91.8310546875,2,0
Rythme,rapide,176,174,1842724251,49.68990707397461,-25.01641273498535,775.0578002929688,20.676395416259766,397,79.5969773299748,16,1.0561872720718384,92.04344940185547,1,3
Rythme,patient,239,4007,625984714,49.09007263183594,-29.666452407836914,951.4147338867188,21.26068878173828,397,80.10075566750629,23,1.6261248588562012,91.83851623535156,7,1
Rythme,rapide,239,4007,625984714,48.97274398803711,-29.046554565429688,965.9111938476562,20.550771713256836,429,79.95337995337995,17,1.6784543991088867,91.924072265625,5,5
Rythme,patient,258,264,1637070181,49.96963882446289,-27.360965728759766,661.7854614257812,20.428775787353516,446,81.83856502242152,22,1.5371474027633667,92.41462707519531,1,2
Rythme,rapide,258,264,1637070181,49.575782775878906,-28.5340518951416,643.8898315429688,20.150188446044922,498,79.51807228915662,12,1.0601866245269775,92.259521484375,0,1
Rythme,patient,4405,13294,1060016884,49.35003662109375,-28.211753845214844,1074.0848388671875,19.131221771240234,512,84.1796875,5,0.40403562784194946,90.78730773925781,0,2
Rythme,rapide,4405,13294,1060016884,49.34073257446289,-28.66742515563965,1252.541259765625,18.616626739501953,494,82.5910931174089,7,0.3717597723007202,91.56558227539062,1,2
Rythme,patient,134,2950,57829408,48.54233169555664,-29.563983917236328,1156.2647705078125,21.503307342529297,360,77.22222222222223,12,1.1159241199493408,91.74988555908203,0,0
Rythme,rapide,134,2950,57829408,48.657814025878906,-28.263341903686523,1112.975341796875,20.633079528808594,386,83.93782383419689,18,1.7504557371139526,91.54010009765625,1,1
Rythme,patient,373,384,506153595,49.506526947021484,-28.621492385864258,993.5044555664062,19.825763702392578,483,83.64389233954451,18,1.901401162147522,91.47113037109375,2,3
Rythme,rapide,373,384,506153595,49.55100631713867,-28.620235443115234,989.5054321289062,19.93138313293457,468,80.76923076923077,10,0.5285331010818481,92.01314544677734,0,2
Rythme,patient,90,1538,1336815701,49.450408935546875,-27.163434982299805,922.8217163085938,21.092575073242188,423,78.25059101654847,23,2.0983498096466064,91.63025665283203,4,0
Rythme,rapide,90,1538,1336815701,49.16450119018555,-27.671483993530273,967.5108032226562,21.08458709716797,382,80.89005235602095,29,2.0556185245513916,92.10566711425781,3,0
Rythme,patient,7640,11551,580634010,49.239891052246094,-28.022258758544922,1105.5771484375,20.58685302734375,422,83.17535545023696,21,1.7280715703964233,91.43167114257812,5,0
Rythme,rapide,7640,11551,580634010,49.69685363769531,-27.739093780517578,997.2035522460938,19.864585876464844,536,82.46268656716418,18,1.6853634119033813,91.87568664550781,5,0
Rythme,patient,172,174,810178100,49.694854736328125,-26.75503921508789,727.6693725585938,20.827672958374023,461,82.646420824295,18,2.018500566482544,91.917724609375,3,2
Rythme,rapide,172,174,810178100,49.57126235961914,-26.991897583007812,805.7503051757812,20.34612464904785,422,80.33175355450237,9,0.5882967710494995,90.49537658691406,0,2
Rythme,patient,4691,22269,1189255965,49.487030029296875,-26.527009963989258,866.8353881835938,20.682567596435547,421,83.1353919239905,20,1.4434322118759155,91.45668029785156,1,0
Rythme,rapide,4691,22269,1189255965,49.08600616455078,-26.175453186035156,777.0573120117188,20.558237075805664,479,80.37578288100208,20,1.7677150964736938,91.33082580566406,5,0
Rythme,patient,99,2922,1358150438,49.59043884277344,-27.872907638549805,1064.787109375,19.99800682067871,482,82.98755186721992,7,0.590232253074646,87.57240295410156,1,2
Rythme,rapide,99,2922,1358150438,49.565025329589844,-28.7508544921875,1149.0665283203125,20.210424423217773,531,83.2391713747646,9,0.7461663484573364,91.05961608886719,0,0
Rythme,patient,111,113,884255354,49.53965377807617,-27.772939682006836,788.6544799804688,20.86262321472168,439,78.13211845102505,37,2.9201576709747314,92.40205383300781,8,0
Rythme,rapide,111,113,884255354,49.555908203125,-28.239158630371094,964.2116088867188,21.40496063232422,391,78.51662404092072,35,2.633129119873047,92.3631362915039,5,1
Rythme,patient,133,268,612132171,49.5865592956543,-27.476442337036133,712.0731811523438,20.314512252807617,411,80.7785888077859,15,1.2102024555206299,92.52532958984375,2,2
Rythme,rapide,133,268,612132171,49.70201873779297,-26.915719985961914,739.5664672851562,20.49729347229004,459,81.26361655773421,14,1.463445782661438,92.15237426757812,1,4
Rythme,patient,267,263,322750925,49.23008728027344,-29.104679107666016,1424.899169921875,20.301782608032227,421,82.6603325415677,7,0.5490837097167969,89.14374542236328,0,0
Rythme,rapide,267,263,322750925,49.40208435058594,-28.872699737548828,1327.9228515625,20.198354721069336,495,81.21212121212122,7,0.6043863296508789,90.83366394042969,1,0
Rythme,patient,22269,5786,2139222572,49.570674896240234,-28.629146575927734,957.4132690429688,19.311927795410156,594,85.6902356902357,6,0.2409915179014206,91.2375259399414,1,0
Rythme,rapide,22269,5786,2139222572,49.26892852783203,-30.206785202026367,972.5095825195312,19.632427215576172,573,83.24607329842932,9,1.3691438436508179,91.70254516601562,2,1
Rythme,patient,170,174,466818611,49.42485046386719,-25.724586486816406,858.3374633789062,20.573543548583984,440,83.63636363636364,16,1.1390193700790405,90.06983184814453,1,3
Rythme,rapide,170,174,466818611,49.42850875854492,-26.43248176574707,765.3601684570312,20.67037582397461,466,82.18884120171674,13,0.8754921555519104,92.3348159790039,2,2
Rythme,patient,384,367,2006222649,49.87519073486328,-25.147705078125,606.2990112304688,20.124176025390625,427,84.07494145199063,29,2.729236125946045,92.6558609008789,5,0
Rythme,rapide,384,367,2006222649,49.5689697265625,-27.48754119873047,781.1563110351562,20.92353057861328,451,80.93126385809313,23,1.3906172513961792,91.99957275390625,2,1
Rythme,patient,85,1538,1581366703,49.238834381103516,-28.507923126220703,736.0673217773438,20.704158782958984,450,83.11111111111111,23,2.5195939540863037,92.45540618896484,5,0
Rythme,rapide,85,1538,1581366703,48.92057800292969,-29.345672607421875,906.6256713867188,20.751251220703125,473,79.9154334038055,20,1.2861076593399048,91.7010726928711,0,0
Rythme,patient,89,93,1024494580,49.21733093261719,-27.468996047973633,839.3421020507812,20.641098022460938,453,83.00220750551877,14,0.7606728076934814,91.81253814697266,0,1
Rythme,rapide,89,93,1024494580,48.91081237792969,-28.53023910522461,904.5261840820312,20.14373779296875,438,83.10502283105023,9,0.40139687061309814,91.7518310546875,2,4
Rythme,patient,3611,7879,1465685371,49.794193267822266,-27.3216609954834,726.7695922851562,20.43014144897461,468,83.97435897435898,21,2.3151659965515137,92.02587890625,0,2
Rythme,rapide,3611,7879,1465685371,49.26285171508789,-27.7551212310791,770.1589965820312,20.647817611694336,461,81.99566160520607,13,0.4112693667411804,91.9071044921875,1,2
Rythme,patient,1382,2790,1615964618,49.5772705078125,-27.761545181274414,954.7139282226562,19.520977020263672,511,81.99608610567515,7,0.21878699958324432,91.4408187866211,0,1
Rythme,rapide,1382,2790,1615964618,49.62565994262695,-27.308307647705078,972.7095336914062,19.335826873779297,550,82.18181818181819,12,0.6382617950439453,91.28231811523438,0,1
Rythme,patient,85,244,1139745998,48.89921569824219,-27.763256072998047,1296.930419921875,21.62806510925293,376,73.40425531914893,13,1.0614110231399536,90.96378326416016,0,2
Rythme,rapide,85,244,1139745998,48.86547088623047,-29.113874435424805,1049.5908203125,20.71279525756836,423,78.72340425531915,15,1.2286958694458008,92.07782745361328,4,1
Rythme,patient,263,250,2087460833,50.230865478515625,-24.722747802734375,552.7120971679688,20.46516227722168,495,82.62626262626263,19,1.2718299627304077,92.65264892578125,1,0
Rythme,rapide,263,250,2087460833,49.97080993652344,-26.26044464111328,694.4774780273438,21.215133666992188,483,76.19047619047619,14,1.1998311281204224,92.41449737548828,1,0
Rythme,patient,3472,3696,336812851,49.61765670776367,-30.526216506958008,1038.8934326171875,18.812328338623047,494,84.61538461538461,7,0.952478289604187,91.54031372070312,1,1
Rythme,rapide,3472,3696,336812851,49.270755767822266,-29.455942153930664,1098.37890625,19.15641975402832,527,82.73244781783681,7,1.246962070465088,91.35034942626953,1,1
Rythme,patient,13294,21540,487868817,49.41189956665039,-26.282211303710938,836.6427612304688,19.515125274658203,556,84.89208633093526,23,1.2377471923828125,91.292236328125,2,0
Rythme,rapide,13294,21540,487868817,49.451332092285156,-27.02837562561035,950.8148803710938,19.567481994628906,617,84.11669367909238,18,2.2960729598999023,91.18241882324219,3,0
Rythme,patient,570,936,308785032,49.738948822021484,-28.3262939453125,777.5571899414062,18.12177276611328,477,88.46960167714884,20,1.242404818534851,92.38327026367188,0,1
Rythme,rapide,570,936,308785032,49.71722412109375,-27.29194450378418,815.1480102539062,18.88405990600586,544,84.375,24,1.982733130455017,91.83307647705078,3,0
Rythme,patient,243,94,1913070780,49.56548309326172,-28.886999130249023,957.2133178710938,20.607975006103516,494,82.99595141700405,14,1.9900085926055908,91.32681274414062,1,0
Rythme,rapide,243,94,1913070780,49.27031707763672,-29.271869659423828,1050.990478515625,19.66901969909668,476,83.61344537815125,3,0.17815044522285461,91.864013671875,2,3
Rythme,patient,382,357,1412098517,49.7770881652832,-27.175676345825195,678.7813110351562,20.84122657775879,443,81.941309255079,21,2.1010143756866455,92.54496765136719,8,4
Rythme,rapide,382,357,1412098517,49.33549880981445,-28.079898834228516,785.7551879882812,20.85546112060547,419,80.90692124105011,23,2.06727933883667,92.5738525390625,7,1
Rythme,patient,21581,437,2133107748,48.849365234375,-27.25092315673828,1023.9970092773438,20.607839584350586,400,80.5,7,0.4846770763397217,91.80118560791016,0,1
Rythme,rapide,21581,437,2133107748,49.010414123535156,-27.099910736083984,957.6132202148438,20.610918045043945,511,82.58317025440313,5,0.20092104375362396,91.19701385498047,0,1
Rythme,patient,257,262,1110783560,49.57246780395508,-27.79943084716797,966.0111694335938,19.68172836303711,554,86.28158844765343,18,1.6792298555374146,90.87310791015625,1,0
Rythme,rapide,257,262,1110783560,49.189910888671875,-28.456703186035156,1112.8753662109375,19.83403205871582,498,81.32530120481928,13,1.1528562307357788,91.17782592773438,0,1
Rythme,patient,3759,6907,1682151650,49.087127685546875,-27.868947982788086,947.2157592773438,20.438016891479492,514,83.07392996108949,5,0.23400621116161346,90.8914794921875,0,0
Rythme,rapide,3759,6907,1682151650,48.859554290771484,-28.593149185180664,986.5061645507812,20.57782554626465,466,79.6137339055794,5,0.17134888470172882,91.50765228271484,1,2
Rythme,patient,21607,5309,302470383,49.26555633544922,-29.288841247558594,1264.538330078125,19.780492782592773,550,85.0909090909091,8,0.3718765377998352,88.86592864990234,1,1
Rythme,rapide,21607,5309,302470383,49.20444869995117,-28.551441192626953,1059.788330078125,20.129737854003906,524,83.20610687022901,14,0.7516729831695557,91.6780776977539,2,0
Rythme,patient,2572,112,1664014101,49.77210998535156,-25.327560424804688,740.1663208007812,20.36760711669922,437,83.29519450800915,15,0.758562445640564,92.15150451660156,2,3
Rythme,rapide,2572,112,1664014101,49.58194351196289,-27.793596267700195,923.7214965820312,20.724552154541016,465,82.36559139784946,13,1.012618064880371,91.69203186035156,3,1
Rythme,patient,118,2925,364679294,49.8670654296875,-28.96085548400879,850.6393432617188,18.6328067779541,549,84.15300546448087,8,1.0685231685638428,91.584228515625,1,1
Rythme,rapide,118,2925,364679294,49.23828887939453,-29.999500274658203,1042.2926025390625,19.115310668945312,498,81.12449799196787,9,0.6527017951011658,91.5328369140625,1,0
Rythme,patient,87,1538,420943911,49.17387008666992,-28.20789909362793,1047.9912109375,20.680185317993164,379,79.68337730870712,23,2.6861045360565186,92.216064453125,4,3
Rythme,rapide,87,1538,420943911,49.0219612121582,-28.18422508239746,1032.594970703125,20.9439640045166,425,80.47058823529412,23,1.666901707649231,91.6600570678711,2,1
Rythme,patient,559,936,330630444,49.716758728027344,-28.563077926635742,798.7520141601562,19.78195571899414,500,85.2,24,1.8774830102920532,91.37189483642578,1,1
Rythme,rapide,559,936,330630444,49.80170440673828,-28.307897567749023,826.9451293945312,19.058488845825195,491,81.26272912423626,17,0.7295969724655151,92.10696411132812,0,0
Rythme,patient,2250,3696,1887936958,49.54798126220703,-27.014631271362305,765.3601684570312,19.772846221923828,442,85.52036199095022,37,2.997339963912964,92.04344177246094,5,0
Rythme,rapide,2250,3696,1887936958,49.93082809448242,-27.47130584716797,533.1168823242188,18.434221267700195,486,86.62551440329219,34,3.0623388290405273,92.87557983398438,3,0
Rythme,patient,2950,125,1145763051,49.65700912475586,-25.451570510864258,728.9690551757812,20.813018798828125,474,81.22362869198312,24,2.4941658973693848,92.03890991210938,1,0
Rythme,rapide,2950,125,1145763051,49.34745407104492,-26.995601654052734,898.0277709960938,20.486186981201172,466,82.61802575107296,22,1.446459412574768,91.56104278564453,1,0
Rythme,patient,9078,6870,922252038,49.522560119628906,-28.129669189453125,846.6403198242188,19.492734909057617,473,82.02959830866807,27,2.144387722015381,91.86082458496094,1,0
Rythme,rapide,9078,6870,922252038,49.72019958496094,-28.311786651611328,657.6864624023438,18.960609436035156,497,86.31790744466801,23,1.9892284870147705,92.84379577636719,2,0
Rythme,patient,359,357,1411799261,49.42270278930664,-26.697851181030273,607.9985961914062,20.41333770751953,510,80.3921568627451,21,2.4238815307617188,92.3014907836914,0,3
Rythme,rapide,359,357,1411799261,49.08211135864258,-28.3369197845459,781.1563110351562,20.180843353271484,458,76.63755458515284,14,1.9542523622512817,92.47412109375,2,2
Rythme,patient,147,156,1700574325,49.807044982910156,-29.85306739807129,906.1257934570312,18.13530158996582,626,86.26198083067092,12,0.8392286896705627,90.84510803222656,3,0
Rythme,rapide,147,156,1700574325,49.562782287597656,-29.04233169555664,608.3984985351562,18.43136215209961,612,85.7843137254902,14,0.8101415634155273,92.11862182617188,2,0
Rythme,patient,3997,113,51613704,49.015987396240234,-28.296056747436523,1131.0709228515625,20.909128189086914,366,80.32786885245902,21,2.0542173385620117,91.85022735595703,2,2
Rythme,rapide,3997,113,51613704,48.82676696777344,-28.441211700439453,1111.17578125,21.43583869934082,419,75.41766109785203,10,0.34796905517578125,91.51006317138672,0,1
Rythme,patient,103,4057,702879240,49.68880844116211,-27.425567626953125,615.1968383789062,20.79494285583496,429,81.81818181818181,24,1.7120550870895386,90.72615814208984,2,0
Rythme,rapide,103,4057,702879240,50.069950103759766,-26.408531188964844,538.5155639648438,21.00951385498047,455,80.87912087912088,27,2.064605951309204,92.87924194335938,1,0
Rythme,patient,170,174,1435546856,49.61900329589844,-26.42923927307129,621.5952758789062,20.248699188232422,463,83.36933045356372,14,1.2269655466079712,91.08171844482422,0,5
Rythme,rapide,170,174,1435546856,48.88563537597656,-26.81782341003418,886.8305053710938,20.242338180541992,413,80.38740920096852,8,0.4406118094921112,92.01107788085938,0,3
Rythme,patient,137,10388,1495203957,50.00918197631836,-27.285755157470703,636.5916137695312,20.832223892211914,476,83.19327731092437,25,1.5565341711044312,92.19071960449219,0,2
Rythme,rapide,137,10388,1495203957,49.78481674194336,-26.378223419189453,682.2804565429688,20.9188232421875,488,81.14754098360656,19,1.9064626693725586,91.9722900390625,0,1
Rythme,patient,156,151,323811002,49.66950607299805,-27.978103637695312,939.2177124023438,20.45789909362793,442,81.90045248868778,11,0.5180243253707886,91.59504699707031,1,1
Rythme,rapide,156,151,323811002,48.910526275634766,-27.34675407409668,879.2323608398438,20.854232788085938,411,75.4257907542579,5,0.1349319964647293,91.73434448242188,0,0
Rythme,patient,118,3997,1667359241,49.38508605957031,-27.235353469848633,1006.7012329101562,20.570249557495117,419,81.62291169451073,15,0.7480918169021606,91.06988525390625,0,0
Rythme,rapide,118,3997,1667359241,49.29634094238281,-26.353918075561523,735.9673461914062,20.198833465576172,436,80.73394495412845,16,0.9726966023445129,92.23511505126953,1,0
Rythme,patient,995,7656,765467029,48.887874603271484,-29.05918312072754,1093.580078125,21.478473663330078,414,81.15942028985508,19,1.1713457107543945,91.31197357177734,2,0
Rythme,rapide,995,7656,765467029,48.91440200805664,-29.439422607421875,990.5051879882812,20.828876495361328,427,79.62529274004685,13,1.3197797536849976,91.84752655029297,4,1
Rythme,patient,3699,21610,972949956,49.60389709472656,-28.124923706054688,828.8446655273438,19.32933807373047,605,86.11570247933884,15,1.7141749858856201,91.1224365234375,1,0
Rythme,rapide,3699,21610,972949956,49.33204650878906,-28.22437858581543,1145.8673095703125,19.698139190673828,440,81.5909090909091,12,1.1736059188842773,91.65067291259766,2,0
Rythme,patient,87,89,497728889,49.19331359863281,-27.746728897094727,881.6317749023438,20.18489646911621,447,82.77404921700224,9,0.665123701095581,91.37820434570312,0,3
Rythme,rapide,87,89,497728889,49.02079391479492,-27.1763858795166,920.0223999023438,20.054697036743164,435,79.54022988505747,15,0.7686247825622559,91.78926086425781,1,3
Rythme,patient,151,152,2045654981,50.119449615478516,-28.88307762145996,895.7283325195312,18.454002380371094,595,88.40336134453781,8,0.35754457116127014,91.42182922363281,1,1
Rythme,rapide,151,152,2045654981,50.002506256103516,-28.717561721801758,931.2196655273438,19.559980392456055,536,84.32835820895522,8,1.4938163757324219,91.76508331298828,1,2
Rythme,patient,363,366,554673974,49.97731018066406,-26.120620727539062,671.5830688476562,19.766021728515625,560,83.03571428571429,16,0.8555358052253723,91.47427368164062,2,0
Rythme,rapide,363,366,554673974,49.294429779052734,-27.96453857421875,902.5266723632812,20.311548233032227,550,82.36363636363636,20,1.368760347366333,90.75566864013672,2,0
Rythme,patient,104,3997,1784849258,49.65133285522461,-27.481664657592773,775.7576293945312,20.248994827270508,453,80.13245033112582,19,1.5802046060562134,90.1464614868164,2,0
Rythme,rapide,104,3997,1784849258,49.947425842285156,-25.75333595275879,628.6935424804688,21.28761863708496,407,76.65847665847666,34,3.596996784210205,92.94767761230469,3,0
Rythme,patient,393,384,1950149415,49.565616607666016,-28.12773323059082,819.8468627929688,19.85877227783203,535,84.85981308411215,19,1.4087586402893066,91.90933227539062,2,0
Rythme,rapide,393,384,1950149415,49.17222213745117,-29.15729522705078,1160.763671875,20.43865966796875,505,80.99009900990099,18,1.1797605752944946,91.13133239746094,3,0
Rythme,patient,789,19267,1551413899,49.907474517822266,-27.97853660583496,765.4601440429688,18.928014755249023,630,88.0952380952381,19,0.8492568731307983,90.95002746582031,2,0
Rythme,rapide,789,19267,1551413899,49.43879318237305,-29.103214263916016,918.2228393554688,20.548824310302734,465,82.36559139784946,22,1.1334645748138428,91.88331604003906,3,1
Rythme,patient,85,102,1083776645,49.04432678222656,-29.070240020751953,1133.6702880859375,20.817758560180664,421,82.42280285035629,19,1.5179437398910522,91.19973754882812,2,2
Rythme,rapide,85,102,1083776645,49.31537628173828,-27.782909393310547,907.6254272460938,20.468158721923828,486,80.45267489711934,20,2.0471866130828857,91.90496063232422,1,3
Rythme,patient,6870,432,1803412708,48.9903678894043,-29.278148651123047,1092.8802490234375,20.455232620239258,476,81.30252100840336,7,1.0080571174621582,91.02424621582031,1,5
Rythme,rapide,6870,432,1803412708,48.1165657043457,-31.047142028808594,1319.9248046875,20.960412979125977,377,77.18832891246684,7,0.44884857535362244,92.09391784667969,2,4
Rythme,patient,94,87,1603673735,49.80718231201172,-28.42172622680664,1009.0006713867188,19.41025733947754,499,83.56713426853707,14,0.8218849301338196,91.36824035644531,1,0
Rythme,rapide,94,87,1603673735,49.67897415161133,-28.25274085998535,992.8046264648438,19.693387985229492,601,85.52412645590682,10,1.0399422645568848,90.8754653930664,1,0
Rythme,patient,258,266,1241796862,49.747711181640625,-27.326576232910156,855.4381713867188,21.19291877746582,449,82.40534521158129,18,1.2135043144226074,91.78036499023438,1,2
Rythme,rapide,258,266,1241796862,49.6859130859375,-26.570350646972656,766.2599487304688,20.592897415161133,483,79.08902691511388,16,1.367627739906311,92.38064575195312,2,1
Rythme,patient,113,3997,169762054,49.08111572265625,-28.997867584228516,960.6124877929688,20.34770965576172,445,79.32584269662921,11,0.9735539555549622,91.54759979248047,2,1
Rythme,rapide,113,3997,169762054,49.09122085571289,-28.239910125732422,939.8175659179688,20.90861701965332,480,80.20833333333333,14,0.8484300971031189,91.27519989013672,1,1
Rythme,patient,3024,989,1153742415,49.670806884765625,-27.278959274291992,857.0377807617188,18.82090950012207,599,86.31051752921536,25,1.5054981708526611,91.17884063720703,1,1
Rythme,rapide,3024,989,1153742415,49.700035095214844,-28.082725524902344,828.1448364257812,19.090112686157227,686,84.6938775510204,12,0.5659728050231934,91.29261016845703,1,0
Rythme,patient,359,368,1656874616,50.19937515258789,-25.7998104095459,464.81915283203125,20.90890121459961,464,85.5603448275862,35,2.24314284324646,93.04261016845703,3,2
Rythme,rapide,359,368,1656874616,50.26227569580078,-23.882396697998047,568.0083618164062,20.458251953125,464,82.97413793103448,23,1.6918742656707764,93.20012664794922,0,3
Rythme,patient,3735,139,1891547481,49.59836196899414,-28.315977096557617,1005.8014526367188,19.503433227539062,593,87.01517706576729,3,0.0967012345790863,90.93976593017578,0,0
Rythme,rapide,3735,139,1891547481,49.65038299560547,-28.68256950378418,1131.770751953125,19.258760452270508,508,80.90551181102362,7,0.7070711255073547,91.35240936279297,0,0
Rythme,patient,4007,109,266353912,49.46829605102539,-28.62088966369629,1188.8568115234375,20.64914321899414,455,77.14285714285714,7,0.30609947443008423,90.7544174194336,2,0
Rythme,rapide,4007,109,266353912,48.984066009521484,-28.64409637451172,993.9043579101562,21.361827850341797,512,80.6640625,9,0.6817724108695984,91.45620727539062,2,2
Rythme,patient,122,268,941325862,49.56595993041992,-27.983150482177734,753.5630493164062,21.333642959594727,389,82.77634961439588,18,1.6807327270507812,92.11163330078125,3,3
Rythme,rapide,122,268,941325862,49.82249450683594,-27.144718170166016,739.3665161132812,20.83553123474121,471,79.61783439490446,13,0.9854990839958191,92.2899169921875,1,1
Rythme,patient,264,256,2070153691,49.48735427856445,-27.385841369628906,983.5068969726562,19.645023345947266,430,82.32558139534883,9,0.5258857011795044,91.75943756103516,2,3
Rythme,rapide,264,256,2070153691,49.30792999267578,-29.270793914794922,913.2240600585938,20.21593475341797,502,77.09163346613546,3,0.4229646325111389,91.5706787109375,1,1
Rythme,patient,12698,3472,1368079903,50.03859329223633,-29.05396270751953,860.8368530273438,19.119516372680664,482,87.13692946058092,21,1.4963191747665405,91.5394287109375,3,0
Rythme,rapide,12698,3472,1368079903,50.12932586669922,-28.704538345336914,880.6320190429688,19.51491928100586,484,85.9504132231405,17,2.169675588607788,91.74983978271484,2,0
Rythme,patient,13294,1382,1589609104,49.63319396972656,-29.395721435546875,1262.938720703125,19.496950149536133,583,85.07718696397941,4,0.36182552576065063,90.53946685791016,1,0
Rythme,rapide,13294,1382,1589609104,49.51262283325195,-29.1551456451416,1214.150634765625,19.18651008605957,627,84.52950558213716,5,0.2376691699028015,90.7831802368164,0,1
Rythme,patient,107,110,1437692358,49.239219665527344,-28.896251678466797,1121.5732421875,20.338537216186523,489,83.23108384458078,8,0.6417157649993896,90.65607452392578,0,1
Rythme,rapide,107,110,1437692358,48.95186233520508,-30.526079177856445,1016.0989379882812,19.27533721923828,478,84.10041841004184,6,1.0149662494659424,92.04844665527344,3,2
Rythme,patient,83,90,493710084,50.139278411865234,-26.849075317382812,545.2139282226562,20.821725845336914,407,80.0982800982801,29,1.8071779012680054,93.11801147460938,6,0
Rythme,rapide,83,90,493710084,49.7554817199707,-25.525659561157227,526.8184204101562,20.00999641418457,445,80,28,2.796415090560913,93.11436462402344,4,1
Rythme,patient,145,156,2091300775,49.523197174072266,-27.39068031311035,809.4494018554688,19.198789596557617,589,86.75721561969439,20,1.2624845504760742,91.18819427490234,1,1
Rythme,rapide,145,156,2091300775,49.956722259521484,-28.968891143798828,808.7495727539062,18.861576080322266,659,86.94992412746586,13,0.9582022428512573,91.37387084960938,2,0
Rythme,patient,22269,5579,601508701,49.39238739013672,-27.93402099609375,860.3369750976562,20.35165786743164,468,79.7008547008547,17,1.2088749408721924,91.49836730957031,3,2
Rythme,rapide,22269,5579,601508701,49.40748596191406,-28.61787986755371,830.6442260742188,20.067413330078125,448,79.46428571428571,9,0.5654618740081787,92.06951141357422,4,1
Rythme,patient,137,3307,102919363,49.31416702270508,-29.705230712890625,922.5217895507812,21.186988830566406,460,75.8695652173913,16,1.7924163341522217,91.60321807861328,0,0
Rythme,rapide,137,3307,102919363,49.296688079833984,-29.241294860839844,775.9575805664062,20.73883056640625,469,78.89125799573561,12,1.1327924728393555,90.36743927001953,2,2
Rythme,patient,13294,21846,1530898879,49.28079605102539,-27.58668327331543,1029.4957275390625,21.050312042236328,471,81.31634819532908,8,0.43043240904808044,91.12435913085938,1,1
Rythme,rapide,13294,21846,1530898879,49.503971099853516,-28.002578735351562,1039.59326171875,20.813064575195312,585,79.14529914529915,8,0.25377604365348816,90.68997192382812,1,1
Rythme,patient,12216,15784,1562387529,49.16160583496094,-28.74242401123047,1152.765625,20.336156845092773,428,78.27102803738318,10,0.2747752070426941,91.41122436523438,0,4
Rythme,rapide,12216,15784,1562387529,48.39521026611328,-29.573345184326172,1080.6832275390625,19.980083465576172,436,78.6697247706422,12,1.0953712463378906,92.09803771972656,1,2
Rythme,patient,3735,156,738370743,49.62070846557617,-28.715282440185547,1090.8807373046875,19.49376678466797,475,83.57894736842105,11,0.4630183279514313,91.9156265258789,0,0
Rythme,rapide,3735,156,738370743,49.849308013916016,-28.187082290649414,1054.78955078125,19.58695411682129,510,83.33333333333333,11,0.9703273177146912,92.29593658447266,1,2
Rythme,patient,268,598,1471885787,49.831295013427734,-29.533309936523438,1038.193603515625,20.363323211669922,528,86.36363636363636,9,0.5011479258537292,91.42845916748047,1,1
Rythme,rapide,268,598,1471885787,49.463768005371094,-28.71158218383789,1010.7002563476562,19.330718994140625,516,85.07751937984496,8,0.3694612383842468,91.66336822509766,0,1
Rythme,patient,3472,3696,835890524,49.19123077392578,-30.103679656982422,1240.144287109375,19.05259132385254,460,83.47826086956522,3,0.8208227753639221,91.03152465820312,1,1
Rythme,rapide,3472,3696,835890524,49.38821029663086,-29.114782333374023,1007.9009399414062,19.260944366455078,521,83.6852207293666,13,0.8163030743598938,91.45743560791016,0,2
Rythme,patient,114,112,1527410391,49.76918029785156,-28.00087547302246,652.4877319335938,21.498014450073242,451,83.37028824833703,19,0.9316010475158691,92.3716812133789,5,0
Rythme,rapide,114,112,1527410391,49.91427993774414,-27.133041381835938,633.4923706054688,20.952375411987305,438,81.05022831050228,30,2.5567619800567627,92.83906555175781,6,1
Rythme,patient,132335,7914,2023402780,49.77352523803711,-26.595012664794922,906.8256225585938,20.389755249023438,504,82.14285714285714,16,1.8402388095855713,91.46163177490234,3,0
Rythme,rapide,132335,7914,2023402780,49.424415588378906,-28.689546585083008,956.8134155273438,20.215694427490234,593,80.10118043844857,10,1.1417163610458374,90.99585723876953,4,1
Rythme,patient,362,306,32264918,49.85615158081055,-27.28995132446289,608.5984497070312,20.589262008666992,394,80.45685279187818,21,1.998213291168213,93.61370849609375,3,0
Rythme,rapide,362,306,32264918,49.84598922729492,-27.092302322387695,576.1063842773438,21.043914794921875,468,82.90598290598291,29,1.4853143692016602,92.64888000488281,4,1
Rythme,patient,3696,3699,860321550,49.365928649902344,-27.57106590270996,915.0236206054688,20.374357223510742,453,79.69094922737307,18,1.1457462310791016,91.20451354980469,2,0
Rythme,rapide,3696,3699,860321550,49.46352767944336,-27.01813507080078,820.9465942382812,20.872894287109375,543,80.84714548802947,15,1.5262470245361328,91.43133544921875,5,0
Rythme,patient,357,306,1478641587,50.048004150390625,-25.530433654785156,588.2034301757812,20.712614059448242,400,74,20,0.9086574912071228,92.89686584472656,1,1
Rythme,rapide,357,306,1478641587,49.773841857910156,-26.86417579650879,808.5496215820312,20.87479591369629,442,79.86425339366515,22,1.9758460521697998,92.390869140625,3,2
Rythme,patient,382,370,604641600,49.75056457519531,-27.48410415649414,723.3704223632812,20.23981475830078,442,81.67420814479638,23,2.089874029159546,91.89328002929688,3,1
Rythme,rapide,382,370,604641600,49.60480880737305,-29.453588485717773,870.4345092773438,19.18854522705078,472,86.01694915254237,24,1.694070816040039,91.7201919555664,3,1
Rythme,patient,1382,3759,2002925567,49.547630310058594,-29.23436164855957,959.5127563476562,18.460041046142578,770,88.05194805194805,1,0.04830640181899071,90.1890640258789,0,0
Rythme,rapide,1382,3759,2002925567,49.4381217956543,-29.30804443359375,1182.558349609375,18.949316024780273,561,84.1354723707665,3,0.16909563541412354,91.1585922241211,2,0
Rythme,patient,519,21540,28316747,49.47371292114258,-27.352235794067383,1108.2764892578125,19.001480102539062,544,83.2720588235294,12,0.6598167419433594,91.14269256591797,0,1
Rythme,rapide,519,21540,28316747,49.30208969116211,-27.41638946533203,940.2174682617188,19.72962760925293,655,82.74809160305344,12,0.9079593420028687,91.0936508178711,5,0
Rythme,patient,7868,6851,1017265311,49.27234649658203,-27.756834030151367,834.8432006835938,20.491914749145508,510,83.72549019607843,17,0.5533631443977356,92.19393157958984,1,2
Rythme,rapide,7868,6851,1017265311,49.383384704589844,-27.998353958129883,1016.4988403320312,21.05877113342285,516,81.0077519379845,16,0.7498044371604919,91.5444564819336,1,2
Rythme,patient,127,134,480544626,49.52120590209961,-27.87255859375,1084.38232421875,20.78942108154297,458,82.31441048034935,11,0.9464348554611206,91.24537658691406,2,1
Rythme,rapide,127,134,480544626,49.24198913574219,-29.1337833404541,1122.373046875,20.63033103942871,489,79.55010224948876,10,1.0662561655044556,91.3123779296875,1,1
Rythme,patient,3746,4411,302910801,49.9195671081543,-27.748199462890625,782.1560668945312,18.731218338012695,549,83.97085610200364,12,1.4082211256027222,91.83499908447266,3,0
Rythme,rapide,3746,4411,302910801,49.998409271240234,-26.85446548461914,649.9883422851562,19.063907623291016,653,87.13629402756509,19,0.8359459638595581,91.52592468261719,1,1
Rythme,patient,3611,3610,2101176022,49.86138153076172,-28.155834197998047,734.1677856445312,18.44325828552246,607,87.1499176276771,9,1.0205461978912354,91.46185302734375,0,0
Rythme,rapide,3611,3610,2101176022,49.47486114501953,-27.719335556030273,894.3286743164062,19.298269271850586,547,82.44972577696527,11,0.8609874248504639,91.42546844482422,0,1
Rythme,patient,3024,11551,59250330,49.6071662902832,-27.787994384765625,862.3364868164062,18.29924774169922,667,87.85607196401799,13,0.6943551301956177,91.08112335205078,0,0
Rythme,rapide,3024,11551,59250330,49.482460021972656,-28.691680908203125,1014.1994018554688,18.7912654876709,608,84.21052631578948,5,0.311474472284317,91.11424255371094,0,0
Passes,courtes,87,1068,1002897798,49.157772064208984,-27.20761489868164,940.6173706054688,16.631282806396484,552,83.51449275362319,9,0.7889543175697327,91.1538314819336,0,4
Passes,directes,87,1068,1002897798,48.834556579589844,-27.274803161621094,1037.0938720703125,24.757850646972656,275,75.63636363636364,7,0.5363447070121765,92.28926849365234,0,1
Passes,courtes,3616,5579,929393559,49.321495056152344,-27.480459213256836,735.8673706054688,15.836525917053223,543,83.42541436464089,9,0.7016105651855469,91.70235443115234,2,6
Passes,directes,3616,5579,929393559,49.26083755493164,-26.875774383544922,946.4159545898438,26.161231994628906,344,76.45348837209302,13,1.3060756921768188,91.67942810058594,0,5
Passes,courtes,133,137,217468053,49.64249801635742,-29.52592658996582,1006.4013061523438,15.753774642944336,646,85.44891640866874,9,0.9411077499389648,91.19688415527344,3,0
Passes,directes,133,137,217468053,49.221527099609375,-29.031322479248047,1085.6820068359375,24.685789108276367,334,78.74251497005989,13,0.7142916321754456,91.78174591064453,2,0
Passes,courtes,552,437,532638534,49.31911087036133,-31.807876586914062,936.4183959960938,15.747102737426758,874,87.52860411899313,2,0.053466346114873886,90.6338882446289,0,0
Passes,directes,552,437,532638534,48.895301818847656,-27.004533767700195,888.8300170898438,24.057750701904297,303,76.56765676567657,6,0.45403432846069336,92.48346710205078,0,4
Passes,courtes,122,137,1464848243,50.1527214050293,-28.32166290283203,850.7393188476562,15.242822647094727,717,90.7949790794979,11,0.7630767226219177,91.30956268310547,0,1
Passes,directes,122,137,1464848243,48.966026306152344,-29.312820434570312,1013.8994750976562,24.78425407409668,319,77.74294670846395,15,1.6197636127471924,91.96104431152344,2,2
Passes,courtes,3822,21607,1321446349,49.822811126708984,-26.536785125732422,508.2218017578125,16.32223129272461,579,84.97409326424871,22,1.4827548265457153,92.11383056640625,2,0
Passes,directes,3822,21607,1321446349,49.65690612792969,-27.5130672454834,699.1763305664062,25.134437561035156,317,73.18611987381703,17,2.099524974822998,92.90985870361328,2,0
Passes,courtes,2565,3706,2039633683,50.272518157958984,-27.799760818481445,695.0773315429688,15.906961441040039,696,87.35632183908046,7,0.7275437712669373,92.02417755126953,0,0
Passes,directes,2565,3706,2039633683,49.010459899902344,-28.128154754638672,1149.766357421875,25.283769607543945,336,72.61904761904762,13,0.6185966730117798,91.69062805175781,0,0
Passes,courtes,359,331,820276643,50.038368225097656,-25.962717056274414,530.4175415039062,16.500276565551758,628,87.73885350318471,19,1.2630889415740967,91.76807403564453,0,2
Passes,directes,359,331,820276643,48.76201248168945,-29.512802124023438,511.22198486328125,25.482894897460938,330,77.87878787878788,16,1.9216347932815552,93.39287567138672,3,1
Passes,courtes,132335,1895,1704637349,48.34912872314453,-30.70458221435547,1062.987548828125,16.009592056274414,502,80.0796812749004,0,0,91.35466766357422,0,6
Passes,directes,132335,1895,1704637349,48.47434997558594,-30.2689266204834,1219.749267578125,24.04511070251465,308,75.97402597402598,6,0.63825523853302,91.65203857421875,0,7
Passes,courtes,268,133,1903678842,50.087467193603516,-27.189821243286133,753.2631225585938,16.11715316772461,584,85.44520547945206,8,0.7655802965164185,91.89292907714844,1,2
Passes,directes,268,133,1903678842,49.71800231933594,-25.70929527282715,634.6920776367188,26.493398666381836,386,74.35233160621762,13,1.4537901878356934,92.73712158203125,4,1
Passes,courtes,139,2565,1501726364,49.669044494628906,-28.221025466918945,1053.6898193359375,16.13797950744629,621,84.38003220611917,4,0.5255225300788879,90.8291015625,0,2
Passes,directes,139,2565,1501726364,49.000221252441406,-27.8607120513916,1023.8970336914062,24.620328903198242,309,74.11003236245955,5,0.38528305292129517,92.15729522705078,1,6
Passes,courtes,7868,170,1731519511,49.75534439086914,-27.749820709228516,610.0980834960938,16.75809097290039,623,85.23274478330659,23,1.1896075010299683,92.24044799804688,3,1
Passes,directes,7868,170,1731519511,49.4587287902832,-27.111774444580078,533.4168090820312,24.74737548828125,333,72.67267267267268,10,0.4283955991268158,94.10404968261719,2,0
Passes,courtes,263,256,1104652174,49.44658660888672,-28.90910530090332,975.8087768554688,16.462961196899414,657,84.62709284627093,2,0.12387000769376755,90.84597778320312,1,0
Passes,directes,263,256,1104652174,48.92511749267578,-27.23363494873047,958.5130004882812,24.159486770629883,293,73.03754266211604,5,0.2754219174385071,92.50276947021484,0,4
Passes,courtes,1895,132335,2134161410,49.7349967956543,-27.015487670898438,652.4877319335938,14.600616455078125,637,89.48194662480377,30,1.9492281675338745,92.30809020996094,8,0
Passes,directes,1895,132335,2134161410,49.275333404541016,-26.78766441345215,729.4689331054688,25.30620574951172,328,76.82926829268293,28,1.70184326171875,92.68768310546875,8,0
Passes,courtes,143,2726,932725007,49.63284683227539,-27.01653289794922,803.5508422851562,15.476242065429688,695,87.05035971223022,16,1.2104905843734741,91.57327270507812,1,1
Passes,directes,143,2726,932725007,49.16759490966797,-28.5179500579834,992.6046752929688,26.804887771606445,313,71.8849840255591,23,1.6512624025344849,92.46488189697266,0,2
Passes,courtes,2566,146,1015490648,49.330291748046875,-28.586753845214844,915.0236206054688,16.365753173828125,537,85.47486033519553,6,0.47142571210861206,91.26902770996094,1,2
Passes,directes,2566,146,1015490648,48.97598648071289,-29.420930862426758,925.7210083007812,24.261613845825195,314,77.07006369426752,15,1.0846376419067383,92.19266510009766,3,1
Passes,courtes,97,3751,1130118952,50.24078369140625,-29.013521194458008,585.5040893554688,15.55551815032959,896,89.28571428571429,7,0.4757371246814728,89.3912353515625,3,0
Passes,directes,97,3751,1130118952,49.3724365234375,-29.658912658691406,1015.4990844726562,25.099416732788086,366,79.78142076502732,13,0.7304977774620056,91.85237121582031,2,2
Passes,courtes,361,388,1485403625,49.97479248046875,-25.44999122619629,545.5138549804688,16.56269073486328,555,82.52252252252252,27,2.4272260665893555,92.35163116455078,2,1
Passes,directes,361,388,1485403625,49.72011947631836,-26.102115631103516,617.7962036132812,24.567920684814453,340,73.52941176470588,20,1.7317309379577637,92.98188781738281,5,0
Passes,courtes,2925,105,2039758977,49.01924133300781,-28.706912994384766,1160.6636962890625,15.731341361999512,432,80.78703703703704,13,1.8737207651138306,91.48834991455078,0,1
Passes,directes,2925,105,2039758977,48.789737701416016,-28.605531692504883,1201.95361328125,27.045320510864258,297,72.72727272727273,22,1.7703619003295898,91.67195892333984,5,0
Passes,courtes,170,179,1048083132,49.955589294433594,-28.066423416137695,742.9656372070312,15.554412841796875,540,83.88888888888889,19,2.101193904876709,92.21719360351562,2,1
Passes,directes,170,179,1048083132,49.88296127319336,-26.962697982788086,813.0485229492188,25.594186782836914,340,75.29411764705883,8,0.7312327027320862,91.02227783203125,2,2
Passes,courtes,3699,437,259488708,49.05107879638672,-29.989913940429688,980.5076293945312,16.470396041870117,544,82.53676470588235,3,0.07055918872356415,91.56575012207031,1,0
Passes,directes,3699,437,259488708,49.447383880615234,-28.75772476196289,1134.570068359375,24.160995483398438,303,78.87788778877888,11,1.6352343559265137,92.1605224609375,1,1
Passes,courtes,90,93,669806174,49.859764099121094,-29.40853500366211,797.4523315429688,16.462257385253906,667,87.85607196401799,12,0.4397861361503601,91.41845703125,2,1
Passes,directes,90,93,669806174,49.27275466918945,-27.365604400634766,779.3567504882812,24.765836715698242,306,74.83660130718954,12,0.9280032515525818,92.59463500976562,1,2
Passes,courtes,3746,1382,2142954714,49.9979362487793,-26.635793685913086,638.9910278320312,14.46452522277832,895,89.16201117318435,10,0.5136074423789978,89.69798278808594,0,1
Passes,directes,3746,1382,2142954714,49.09858703613281,-27.376962661743164,885.4308471679688,25.304702758789062,334,79.04191616766467,24,1.723391056060791,92.41177368164062,1,2
Passes,courtes,254,257,472931517,49.06882095336914,-30.228755950927734,1208.152099609375,15.791349411010742,496,86.08870967741936,2,0.05563651770353317,91.3198471069336,1,5
Passes,directes,254,257,472931517,49.11674499511719,-30.106189727783203,1259.4395751953125,23.912485122680664,323,78.0185758513932,10,0.9854321479797363,89.85478210449219,3,3
Passes,courtes,362,331,921209318,49.63916015625,-26.673751831054688,702.9754028320312,16.062562942504883,566,88.51590106007068,17,1.07274329662323,92.13353729248047,2,2
Passes,directes,362,331,921209318,49.415035247802734,-26.89202880859375,857.8375854492188,24.746259689331055,341,78.00586510263929,15,0.9986459612846375,90.53235626220703,1,3
Passes,courtes,7640,3019,1662778767,49.318172454833984,-29.147197723388672,1289.5322265625,15.469841957092285,626,85.3035143769968,1,0.03184904158115387,90.39559936523438,1,1
Passes,directes,7640,3019,1662778767,48.84419631958008,-28.89431381225586,1177.8594970703125,24.675683975219727,333,77.17717717717717,7,0.22726821899414062,91.73573303222656,0,1
Passes,courtes,13294,2790,1056745520,49.76686096191406,-29.352663040161133,1211.0513916015625,15.454924583435059,629,86.48648648648648,7,0.46994978189468384,90.5296859741211,0,0
Passes,directes,13294,2790,1056745520,48.76295852661133,-28.810447692871094,1206.2525634765625,25.512462615966797,301,74.4186046511628,10,0.4770030081272125,91.5525894165039,2,1
Passes,courtes,122,131,1008338748,49.46910858154297,-29.23287582397461,917.7229614257812,16.16370964050293,790,86.45569620253164,6,0.29958200454711914,90.57957458496094,0,0
Passes,directes,122,131,1008338748,48.94975280761719,-29.562114715576172,1010.6002807617188,25.141014099121094,293,73.72013651877133,10,0.6405380964279175,92.32815551757812,1,2
Passes,courtes,7911,3841,794882901,50.14889144897461,-25.96549415588379,580.3053588867188,15.585894584655762,726,89.25619834710744,23,1.436873197555542,91.76152801513672,2,0
Passes,directes,7911,3841,794882901,49.46200942993164,-25.311771392822266,571.2075805664062,24.072359085083008,414,80.91787439613526,38,4.087960243225098,92.87361907958984,5,1
Passes,courtes,174,2502,1796576214,49.765594482421875,-27.74698829650879,730.5686645507812,16.004928588867188,568,83.45070422535211,27,2.870363235473633,91.8574447631836,2,0
Passes,directes,174,2502,1796576214,49.44944381713867,-26.510684967041016,782.6559448242188,26.372661590576172,315,74.92063492063492,18,2.512277841567993,92.2950668334961,1,2
Passes,courtes,132334,6870,190797265,49.88947296142578,-27.668354034423828,1103.4776611328125,15.46106243133545,839,87.12753277711562,2,0.22252459824085236,90.1570816040039,0,0
Passes,directes,132334,6870,190797265,49.32744598388672,-27.24213409423828,941.7171020507812,25.299861907958984,357,74.78991596638656,17,2.2286949157714844,92.18197631835938,2,1
Passes,courtes,2697,179,485266100,50.04241180419922,-26.479557037353516,683.9800415039062,15.810887336730957,631,81.77496038034866,8,0.7272154688835144,91.7997055053711,1,2
Passes,directes,2697,179,485266100,49.18690872192383,-26.237245559692383,713.5728149414062,26.16598892211914,367,72.75204359673025,13,0.9465166926383972,92.29812622070312,2,2
Passes,courtes,254,258,645237757,49.47685241699219,-30.59846305847168,757.0621948242188,15.888557434082031,741,85.5600539811066,3,0.11474858224391937,91.38898468017578,1,1
Passes,directes,254,258,645237757,48.88134765625,-28.37482261657715,904.3262329101562,24.731107711791992,315,79.36507936507937,8,0.5508658289909363,92.7380142211914,2,1
Passes,courtes,388,362,796471501,49.83467102050781,-25.730525970458984,863.2362670898438,16.183610916137695,658,86.77811550151975,11,0.8053893446922302,89.47332000732422,0,1
Passes,directes,388,362,796471501,49.262149810791016,-27.303001403808594,1022.9972534179688,24.69286346435547,270,73.33333333333333,11,0.48461848497390747,92.24488067626953,0,2
Passes,courtes,570,5786,1196878155,50.15369415283203,-27.333568572998047,484.3203430175781,14.234450340270996,1060,92.26415094339623,23,1.5415948629379272,91.35397338867188,1,0
Passes,directes,570,5786,1196878155,49.086402893066406,-28.639629364013672,762.7608032226562,25.21050453186035,314,77.38853503184713,29,2.0820794105529785,92.62891387939453,3,1
Passes,courtes,268,131,359906493,49.97293472290039,-28.75515365600586,625.2943725585938,15.519475936889648,1019,90.28459273797841,7,1.086445927619934,91.6815185546875,2,1
Passes,directes,268,131,359906493,49.17986297607422,-28.139780044555664,735.4674682617188,25.912126541137695,312,76.6025641025641,10,0.9691883325576782,93.3188705444336,4,4
Passes,courtes,86,2922,1617046705,49.94059371948242,-28.140657424926758,756.4623413085938,14.398674011230469,670,91.64179104477611,34,2.7417097091674805,91.97562408447266,1,1
Passes,directes,86,2922,1617046705,49.39661407470703,-26.948139190673828,693.2777709960938,25.429868698120117,277,74.72924187725631,36,1.8710099458694458,93.14384460449219,1,0
Passes,courtes,393,362,1827753950,49.9241943359375,-26.319580078125,795.7527465820312,16.513486862182617,605,86.11570247933884,15,0.9135705232620239,91.75944519042969,2,0
Passes,directes,393,362,1827753950,49.2952766418457,-27.267087936401367,1038.993408203125,25.30657196044922,315,77.77777777777777,15,1.2089250087738037,91.92467498779297,2,2
Passes,courtes,562,7640,2113437503,49.835086822509766,-29.057859420776367,1117.6741943359375,15.04666519165039,648,83.95061728395062,3,0.21508827805519104,90.77397155761719,0,2
Passes,directes,562,7640,2113437503,49.253639221191406,-28.95652961730957,1148.166748046875,25.034446716308594,396,77.02020202020202,10,0.6762322187423706,91.17823791503906,1,1
Passes,courtes,3696,3822,1501688522,49.45903778076172,-29.178083419799805,951.7146606445312,16.824813842773438,538,82.34200743494424,6,1.804042100906372,91.71337890625,2,0
Passes,directes,3696,3822,1501688522,48.85974884033203,-29.041271209716797,980.1077270507812,24.044343948364258,285,77.89473684210526,14,1.2248358726501465,92.32034301757812,4,1
Passes,courtes,18794,21846,1477521204,49.67382049560547,-27.50996971130371,825.6454467773438,16.65932273864746,678,84.66076696165192,5,0.41402560472488403,90.7131118774414,0,0
Passes,directes,18794,21846,1477521204,48.622955322265625,-27.354537963867188,842.3413696289062,25.583986282348633,320,73.75,11,1.5391287803649902,92.16878509521484,1,1
Passes,courtes,382,349,48190158,50.24025344848633,-26.401796340942383,536.1161499023438,16.541728973388672,562,84.87544483985765,24,1.4691963195800781,91.92145538330078,1,0
Passes,directes,382,349,48190158,49.700374603271484,-26.79037857055664,649.3884887695312,25.47220802307129,327,77.37003058103976,31,2.9961588382720947,92.78724670410156,3,0
Passes,courtes,368,359,628641533,50.12202453613281,-26.78813934326172,619.9956665039062,15.407759666442871,1321,93.41408024224073,3,0.20818392932415009,90.92660522460938,0,1
Passes,directes,368,359,628641533,48.781070709228516,-29.85492515563965,1131.0709228515625,25.014598846435547,255,73.72549019607843,3,0.5036351680755615,92.37669372558594,0,0
Passes,courtes,83,93,1988519473,48.255088806152344,-30.155506134033203,543.6143188476562,16.409820556640625,534,83.33333333333333,14,1.4980225563049316,93.14945983886719,3,3
Passes,directes,83,93,1988519473,49.335636138916016,-26.306581497192383,615.4967651367188,24.78129768371582,334,79.34131736526946,28,1.7355632781982422,92.55451202392578,0,3
Passes,courtes,570,559,2138614433,50.140750885009766,-26.521759033203125,720.5711059570312,16.8905086517334,579,87.21934369602764,21,1.078445553779602,91.75358581542969,4,0
Passes,directes,570,559,2138614433,50.06113815307617,-27.595029830932617,580.5053100585938,24.46245002746582,362,76.24309392265194,24,1.188729166984558,92.99493408203125,3,0
Passes,courtes,388,393,1490379973,50.01726531982422,-29.0634822845459,917.0231323242188,15.828739166259766,588,86.39455782312925,7,0.6820008754730225,91.70320129394531,0,1
Passes,directes,388,393,1490379973,47.999080657958984,-28.19742202758789,956.2135620117188,25.70598793029785,308,71.75324675324676,8,0.3869045674800873,92.79810333251953,2,0
Passes,courtes,1382,4411,683759645,49.88792419433594,-29.18304443359375,1103.9775390625,15.283960342407227,668,85.92814371257485,5,0.3654178977012634,90.54105377197266,1,0
Passes,directes,1382,4411,683759645,49.23099136352539,-28.459579467773438,1345.2186279296875,24.890506744384766,332,75.60240963855422,15,1.4417775869369507,91.24568939208984,0,1
Passes,courtes,83,86,385065937,49.863685607910156,-28.044387817382812,781.2562866210938,15.999117851257324,649,87.36517719568567,20,1.5222965478897095,91.79399871826172,2,0
Passes,directes,83,86,385065937,48.913482666015625,-27.574596405029297,728.7691040039062,24.63482666015625,299,76.5886287625418,21,1.1678359508514404,93.13694763183594,3,1
Passes,courtes,170,2502,1366447162,49.466407775878906,-27.540769577026367,698.9763793945312,16.003122329711914,539,85.15769944341373,17,1.0944695472717285,92.16334533691406,1,1
Passes,directes,170,2502,1366447162,49.4166145324707,-24.551136016845703,792.8534545898438,25.133092880249023,330,78.48484848484848,16,2.0594875812530518,90.75850677490234,1,2
Passes,courtes,99,96,1220134124,50.04145431518555,-29.284265518188477,1181.4586181640625,16.264074325561523,523,86.23326959847036,7,0.4972555935382843,91.3631591796875,2,1
Passes,directes,99,96,1220134124,48.97332763671875,-28.841028213500977,1193.0557861328125,25.258563995361328,303,75.24752475247524,15,1.5706770420074463,91.90673065185547,1,0
Passes,courtes,97,85,1335149631,49.882381439208984,-26.864423751831055,734.8676147460938,15.707950592041016,549,83.97085610200364,7,0.37443846464157104,92.23457336425781,0,2
Passes,directes,97,85,1335149631,49.125362396240234,-26.453819274902344,896.7280883789062,26.210948944091797,352,76.70454545454545,13,0.871379554271698,91.67857360839844,2,3
Passes,courtes,21607,2994,1257437083,49.13855743408203,-28.3615779876709,1311.52685546875,16.186180114746094,554,83.2129963898917,10,0.8607923984527588,90.71435546875,0,0
Passes,directes,21607,2994,1257437083,48.98160934448242,-29.415979385375977,1092.580322265625,24.32029151916504,315,73.65079365079364,8,1.7351808547973633,92.13264465332031,3,1
Passes,courtes,153,152,750203086,50.06443786621094,-27.35172462463379,852.3389282226562,15.236757278442383,511,87.08414872798434,30,2.1329731941223145,92.35015869140625,3,0
Passes,directes,153,152,750203086,48.78195571899414,-26.73986053466797,924.0214233398438,25.364498138427734,305,78.68852459016394,38,3.4781277179718018,92.10940551757812,2,1
Passes,courtes,147,140,2134306667,50.29401779174805,-28.905179977416992,693.8776245117188,14.629626274108887,827,91.41475211608223,17,0.812027633190155,91.76222229003906,3,0
Passes,directes,147,140,2134306667,49.28105163574219,-28.81865882873535,1069.2860107421875,25.574708938598633,316,75.31645569620254,16,1.0065163373947144,92.28077697753906,6,0
Passes,courtes,254,256,764807854,50.264976501464844,-28.06385612487793,79.69935607910156,14.628011703491211,2108,93.83301707779886,0,0,91.08477783203125,0,0
Passes,directes,254,256,764807854,48.674808502197266,-29.309528350830078,970.8099975585938,24.751346588134766,307,72.9641693811075,5,0.3880630135536194,92.17420196533203,0,1
Passes,courtes,789,7914,670436716,50.0875244140625,-25.553457260131836,619.6957397460938,15.473393440246582,660,85.75757575757575,23,1.588915467262268,91.78955841064453,1,0
Passes,directes,789,7914,670436716,49.42638397216797,-25.894540786743164,660.1858520507812,24.77251434326172,346,74.56647398843931,30,1.9165560007095337,93.09148406982422,2,0
Passes,courtes,132334,995,1013966036,49.315887451171875,-27.854644775390625,942.4169311523438,16.604597091674805,610,81.80327868852459,2,0.2641508877277374,91.02801513671875,0,3
Passes,directes,132334,995,1013966036,48.9589729309082,-27.025226593017578,992.9046020507812,25.13871192932129,325,76,6,0.3927290141582489,91.89679718017578,0,1
Passes,courtes,131,10388,1718824160,50.06198501586914,-26.083871841430664,482.22021484375,16.641950607299805,620,86.12903225806451,23,1.103394627571106,91.69036865234375,3,1
Passes,directes,131,10388,1718824160,49.40041732788086,-28.75274658203125,802.4511108398438,25.198780059814453,325,77.23076923076923,15,1.493125319480896,92.26127624511719,1,2
Passes,courtes,104,115,1709944646,50.17922592163086,-26.174976348876953,599.5006713867188,16.466064453125,504,82.73809523809524,26,1.9312788248062134,93.12332916259766,6,0
Passes,directes,104,115,1709944646,49.818695068359375,-26.50238800048828,522.8193969726562,25.56659507751465,325,74.76923076923077,23,2.1019866466522217,93.56140899658203,0,0
Passes,courtes,2250,1929,726787874,50.251495361328125,-24.455480575561523,487.820556640625,14.269560813903809,848,90.80188679245283,36,3.0996079444885254,91.6804428100586,3,0
Passes,directes,2250,1929,726787874,49.74782943725586,-26.778579711914062,787.6547241210938,24.27690887451172,256,76.171875,36,2.3242263793945312,93.16694641113281,5,0
Passes,courtes,105,239,94993703,49.967498779296875,-29.901323318481445,623.5947875976562,16.760295867919922,674,87.3887240356083,12,0.7947506904602051,92.49809265136719,0,0
Passes,directes,105,239,94993703,49.24770736694336,-29.323654174804688,845.2406616210938,24.238813400268555,352,82.10227272727273,19,1.238537311553955,92.24186706542969,2,2
Passes,courtes,156,3735,1849727770,49.79814529418945,-28.437419891357422,866.6354370117188,16.730281829833984,669,84.60388639760838,5,0.27261197566986084,90.66450500488281,2,1
Passes,directes,156,3735,1849727770,49.184417724609375,-28.06145477294922,839.7420043945312,25.00554847717285,302,74.50331125827815,11,1.1984370946884155,92.76960754394531,1,1
Passes,courtes,268,7911,1384120890,49.5877799987793,-26.966943740844727,776.3574829101562,16.73019790649414,579,82.90155440414507,7,0.6277643442153931,91.7699203491211,1,5
Passes,directes,268,7911,1384120890,48.71294021606445,-27.96939468383789,1051.790283203125,25.637807846069336,296,73.98648648648648,11,1.1493353843688965,92.22212219238281,1,2
Passes,courtes,4057,110,1142969686,49.13643264770508,-28.246387481689453,954.2140502929688,16.15345001220703,598,86.2876254180602,5,0.32378852367401123,91.30400848388672,0,2
Passes,directes,4057,110,1142969686,47.964229583740234,-30.998485565185547,1142.968017578125,23.12748146057129,258,75.96899224806202,9,0.5147724747657776,92.55266571044922,1,1
Passes,courtes,3307,3841,1888802919,49.36997604370117,-28.65624237060547,1384.8089599609375,16.32390594482422,520,84.61538461538461,14,1.1227858066558838,90.66047668457031,1,1
Passes,directes,3307,3841,1888802919,49.221500396728516,-28.16313362121582,988.5056762695312,23.837793350219727,319,77.4294670846395,19,1.681218147277832,90.67965698242188,2,2
Passes,courtes,127,125,1471360990,49.68715286254883,-29.96820640563965,1108.976318359375,16.17743682861328,599,84.97495826377296,7,0.5562863349914551,90.95989990234375,1,0
Passes,directes,127,125,1471360990,49.17020034790039,-27.93033790588379,1061.4879150390625,24.066251754760742,284,77.46478873239437,16,0.8418105244636536,92.49340057373047,1,2
Passes,courtes,996,9078,2102824771,49.60427474975586,-30.411462783813477,1155.4649658203125,15.461844444274902,534,85.95505617977528,14,1.8506726026535034,91.2958984375,1,1
Passes,directes,996,9078,2102824771,48.633575439453125,-28.18794059753418,1027.4962158203125,26.181119918823242,332,72.28915662650603,13,0.6978126764297485,91.94880676269531,2,3
Passes,courtes,127,3841,334167837,49.91051483154297,-29.290369033813477,1234.74560546875,15.780029296875,593,87.01517706576729,11,0.905070424079895,90.69364929199219,0,0
Passes,directes,127,3841,334167837,49.39433670043945,-27.709190368652344,1042.2926025390625,25.30138397216797,350,74.57142857142857,11,0.8240535855293274,91.71202850341797,2,0
Passes,courtes,359,367,1036349728,50.245079040527344,-26.998729705810547,486.220458984375,16.07896614074707,631,88.27258320126784,27,2.126288890838623,92.3944320678711,3,3
Passes,directes,359,367,1036349728,49.39944839477539,-26.612098693847656,664.3848266601562,25.65817642211914,330,76.36363636363636,17,1.123323917388916,92.91531372070312,2,5
Passes,courtes,996,997,948048695,48.70172882080078,-30.355478286743164,1282.8338623046875,15.38463020324707,528,84.0909090909091,5,0.298359215259552,90.66874694824219,0,2
Passes,directes,996,997,948048695,47.90718078613281,-29.349000930786133,1228.2471923828125,26.330585479736328,310,67.09677419354838,9,0.6642177104949951,91.44488525390625,0,4
Passes,courtes,9078,1895,506792090,49.20658874511719,-29.036876678466797,981.6073608398438,16.41914939880371,600,82.66666666666667,11,0.9063647389411926,91.23114013671875,1,2
Passes,directes,9078,1895,506792090,49.00689697265625,-29.878692626953125,1146.8670654296875,24.641435623168945,315,73.01587301587301,9,0.7052796483039856,92.25137329101562,1,1
Passes,courtes,7868,6997,603445893,49.796791076660156,-28.00055694580078,793.0534057617188,16.87202262878418,643,86.00311041990669,10,1.2544639110565186,91.92263793945312,1,1
Passes,directes,7868,6997,603445893,49.08323287963867,-27.6765079498291,736.0673217773438,24.200529098510742,279,77.41935483870968,11,0.3333360552787781,93.51017761230469,0,3
Passes,courtes,13294,2790,211620115,49.439048767089844,-30.190629959106445,1219.6492919921875,14.642478942871094,610,84.75409836065573,2,0.2576994299888611,90.7316665649414,1,0
Passes,directes,13294,2790,211620115,49.20310974121094,-28.5864200592041,1208.751953125,24.712526321411133,351,78.06267806267806,12,0.7703947424888611,91.24199676513672,1,2
Passes,courtes,432,20070,1780414719,50.37873458862305,-28.59502601623535,498.5212097167969,13.927268981933594,1081,92.32192414431083,7,0.5395828485488892,91.24765014648438,1,0
Passes,directes,432,20070,1780414719,49.34348678588867,-27.900272369384766,678.4813842773438,25.58831787109375,315,77.14285714285714,28,2.1297824382781982,93.14192199707031,3,2
Passes,courtes,2726,145,937223518,49.358306884765625,-30.455202102661133,1219.8492431640625,16.43735122680664,491,83.91038696537679,5,0.4400213658809662,91.36626434326172,2,1
Passes,directes,2726,145,937223518,49.1530647277832,-28.388742446899414,1037.793701171875,25.40620994567871,318,71.38364779874213,18,1.9903266429901123,92.02093505859375,4,0
Passes,courtes,6907,13294,776916771,49.890357971191406,-27.966602325439453,1023.4971313476562,15.374043464660645,783,88.76117496807151,8,0.4617266356945038,89.01614379882812,1,1
Passes,directes,6907,13294,776916771,49.329166412353516,-28.716571807861328,1233.5458984375,24.478750228881836,338,73.07692307692308,18,1.5917315483093262,91.66514587402344,1,1
Passes,courtes,21846,4411,883719064,49.838890075683594,-28.11366844177246,1184.2579345703125,15.59589672088623,757,87.18626155878468,7,0.42608827352523804,89.87052154541016,0,0
Passes,directes,21846,4411,883719064,49.36858367919922,-26.190792083740234,886.2306518554688,24.711641311645508,379,78.36411609498681,13,1.0365270376205444,91.89454650878906,1,0
Passes,courtes,331,382,1763330361,50.02323532104492,-28.373666763305664,512.3219604492188,15.613872528076172,1276,91.69278996865204,2,0.2986045777797699,91.211181640625,1,2
Passes,directes,331,382,1763330361,48.59221649169922,-28.326980590820312,932.0194702148438,25.85869026184082,307,77.1986970684039,9,0.9011048674583435,92.19268798828125,3,4
Passes,courtes,7911,131,1097703492,49.06372833251953,-27.648557662963867,868.3350219726562,15.976072311401367,576,85.24305555555556,6,0.26622551679611206,91.34547424316406,0,2
Passes,directes,7911,131,1097703492,48.53811264038086,-29.484899520874023,923.4215698242188,25.639986038208008,283,77.3851590106007,13,1.3619482517242432,92.54239654541016,1,3
Passes,courtes,266,258,20376260,49.465248107910156,-31.032211303710938,817.1475219726562,16.423954010009766,606,84.48844884488449,2,0.24868935346603394,91.75762176513672,1,1
Passes,directes,266,258,20376260,48.487884521484375,-29.53936004638672,1009.8004760742188,24.31584358215332,262,75.95419847328245,6,0.4393625259399414,92.61422729492188,0,4
Passes,courtes,104,111,1400887770,49.99516677856445,-26.99185562133789,743.2655639648438,16.013906478881836,582,87.11340206185567,19,2.0016536712646484,91.90252685546875,4,0
Passes,directes,104,111,1400887770,49.080108642578125,-28.599773406982422,992.2047729492188,25.29823875427246,297,74.07407407407408,13,0.9112241268157959,92.4284439086914,2,2
Passes,courtes,83,87,567345045,50.288578033447266,-28.31838607788086,654.4872436523438,15.003981590270996,634,91.6403785488959,34,3.4967949390411377,92.80262756347656,6,0
Passes,directes,83,87,567345045,48.9693717956543,-28.162633895874023,796.7525024414062,24.829069137573242,297,78.45117845117845,30,2.1830286979675293,92.865234375,3,0
Passes,courtes,132,3841,490794889,50.17672348022461,-26.957820892333984,577.5060424804688,15.058061599731445,866,91.22401847575058,13,1.3362298011779785,91.34751892089844,2,0
Passes,directes,132,3841,490794889,49.77626037597656,-28.09583282470703,755.9624633789062,24.136323928833008,332,78.3132530120482,24,2.0323071479797363,93.09390258789062,5,3
Passes,courtes,21607,3472,380953897,49.743141174316406,-29.281818389892578,1055.0894775390625,15.494683265686035,652,88.03680981595092,11,0.8326911926269531,90.78343200683594,1,2
Passes,directes,21607,3472,380953897,49.01670837402344,-28.550809860229492,1037.6937255859375,24.23065948486328,343,77.25947521865889,10,0.8935863971710205,90.16732025146484,0,1
Passes,courtes,3611,3610,1575844887,50.26361083984375,-27.132766723632812,643.1900024414062,14.489545822143555,855,92.51461988304094,18,1.6025002002716064,91.55522918701172,1,1
Passes,directes,3611,3610,1575844887,49.77941131591797,-27.01056480407715,828.8446655273438,25.177539825439453,356,75.84269662921348,19,1.7215404510498047,92.54460144042969,3,1
Passes,courtes,357,364,2013425278,49.618770599365234,-28.40543556213379,1012.9996948242188,16.034183502197266,568,87.5,9,0.934231162071228,91.50438690185547,0,2
Passes,directes,357,364,2013425278,48.846195220947266,-27.82826805114746,1100.178466796875,24.44227409362793,307,73.28990228013029,14,1.3805063962936401,92.25914001464844,2,3
Passes,courtes,3735,140,13374071,49.9796028137207,-29.077037811279297,1165.8624267578125,15.494384765625,633,87.04581358609795,10,0.5267488956451416,90.86529541015625,0,0
Passes,directes,3735,140,13374071,49.41586685180664,-28.20759391784668,1104.2774658203125,24.442594528198242,340,79.70588235294117,14,0.7204307913780212,91.72686004638672,0,0
Passes,courtes,388,366,352111753,49.60271072387695,-28.937307357788086,966.9109497070312,15.796536445617676,508,85.23622047244095,13,0.6838983297348022,91.92835998535156,2,0
Passes,directes,388,366,352111753,48.9725227355957,-27.540573120117188,1034.594482421875,25.55632972717285,326,73.92638036809817,25,2.2756307125091553,91.78193664550781,3,0
Passes,courtes,175,6851,1049265140,49.63499069213867,-25.985267639160156,693.3777465820312,16.6746768951416,608,85.36184210526316,16,0.9194061160087585,91.99221801757812,2,4
Passes,directes,175,6851,1049265140,48.28605270385742,-29.547882080078125,995.3040161132812,26.133638381958008,304,72.69736842105263,12,0.8550920486450195,91.99625396728516,1,2
Passes,courtes,3263,4007,186245157,49.34756088256836,-28.35640525817871,1015.6990356445312,16.071557998657227,525,86.47619047619048,23,2.2562355995178223,91.31619262695312,3,0
Passes,directes,3263,4007,186245157,48.5517692565918,-28.655527114868164,1128.8714599609375,26.99936866760254,319,71.15987460815047,25,2.540088176727295,91.4614486694336,3,0
Passes,courtes,3616,441,1120418230,50.012271881103516,-28.142547607421875,1194.955322265625,15.674508094787598,679,87.33431516936672,3,0.154930979013443,88.38418579101562,0,1
Passes,directes,3616,441,1120418230,49.197261810302734,-28.562654495239258,1235.4454345703125,25.45299530029297,356,73.87640449438203,13,1.3486229181289673,91.23638153076172,3,0
Passes,courtes,349,337,85596666,49.75285720825195,-25.940582275390625,690.6784057617188,16.331743240356445,596,85.06711409395973,10,0.5956730842590332,91.86146545410156,1,1
Passes,directes,349,337,85596666,49.13991928100586,-28.240076065063477,725.8698120117188,24.100496292114258,287,79.79094076655052,14,1.0029447078704834,93.27157592773438,3,2
Passes,courtes,366,368,1769244548,48.371517181396484,-29.67862319946289,658.6862182617188,16.1024227142334,559,83.18425760286226,14,0.8379506468772888,92.56950378417969,2,2
Passes,directes,366,368,1769244548,49.5063591003418,-26.5479793548584,736.2672729492188,26.834381103515625,359,76.04456824512535,23,1.6957844495773315,92.54362487792969,1,1
Passes,courtes,393,357,1313602615,49.63496780395508,-29.28976058959961,1038.6934814453125,15.594230651855469,542,85.05535055350553,9,0.6831622123718262,91.91942596435547,2,2
Passes,directes,393,357,1313602615,48.66202926635742,-27.627426147460938,1122.373046875,26.16693878173828,344,76.74418604651163,23,2.345249652862549,91.42395782470703,2,5
Passes,courtes,370,388,1463368591,50.213802337646484,-26.97637939453125,786.1550903320312,16.39551544189453,628,85.828025477707,13,1.1981650590896606,91.59773254394531,2,1
Passes,directes,370,388,1463368591,49.14234924316406,-27.89351463317871,984.1067504882812,24.820842742919922,314,75.47770700636943,10,0.7234572768211365,92.0239486694336,0,0
Passes,courtes,1538,99,767019185,49.75410461425781,-27.06033706665039,774.0580444335938,16.766427993774414,611,85.1063829787234,10,1.270857572555542,91.54664611816406,1,2
Passes,directes,1538,99,767019185,49.478660583496094,-24.710609436035156,745.8649291992188,24.419443130493164,337,75.96439169139465,13,0.9506075978279114,92.7137451171875,0,1
Passes,courtes,170,6997,871005224,49.67744064331055,-26.754844665527344,813.6483764648438,16.342405319213867,600,86.16666666666667,20,1.362448811531067,91.64806365966797,1,0
Passes,directes,170,6997,871005224,49.119319915771484,-25.90736961364746,815.3479614257812,24.56496810913086,301,74.75083056478405,19,1.5300265550613403,92.61422729492188,2,0
Passes,courtes,152,140,1014651230,49.72684860229492,-28.990102767944336,1340.6197509765625,15.607328414916992,658,87.23404255319149,8,0.7380214333534241,90.0342788696289,1,0
Passes,directes,152,140,1014651230,48.7138786315918,-29.854141235351562,1107.9765625,25.224700927734375,363,77.96143250688705,16,1.3220397233963013,89.73475646972656,2,0
Passes,courtes,172,2697,1250740141,49.61250686645508,-27.29857063293457,861.6366577148438,15.471348762512207,679,87.62886597938144,13,1.0182244777679443,91.02544403076172,0,1
Passes,directes,172,2697,1250740141,49.37049865722656,-28.39529037475586,831.1441040039062,24.73215675354004,347,78.6743515850144,26,1.6618870496749878,92.49336242675781,2,2
Passes,courtes,142,147,2024776132,49.6523323059082,-29.361129760742188,1031.59521484375,15.860910415649414,605,86.61157024793388,13,1.3612041473388672,91.24059295654297,2,1
Passes,directes,142,147,2024776132,48.852195739746094,-29.92306137084961,1089.381103515625,26.09400749206543,260,72.3076923076923,23,2.6969988346099854,92.6490478515625,4,0
Passes,courtes,559,3616,1464793213,50.14213943481445,-27.356109619140625,714.8724975585938,15.113322257995605,697,89.38307030129126,25,1.8048661947250366,92.08490753173828,2,1
Passes,directes,559,3616,1464793213,49.28321838378906,-27.034215927124023,826.0453491210938,24.725122451782227,333,76.27627627627628,30,2.330674648284912,92.1921615600586,0,1
Passes,courtes,306,361,674103857,49.06177520751953,-29.71729850769043,1223.6483154296875,16.242347717285156,472,84.95762711864407,14,0.8277682065963745,91.67707824707031,2,1
Passes,directes,306,361,674103857,48.75160217285156,-28.428600311279297,1250.4417724609375,26.66281509399414,280,75.35714285714286,23,1.2545273303985596,91.62171936035156,4,0
Passes,courtes,3822,21581,455992310,49.948814392089844,-27.296138763427734,865.0358276367188,15.759016990661621,794,88.79093198992443,6,0.3876303732395172,90.27415466308594,1,0
Passes,directes,3822,21581,455992310,49.161746978759766,-28.878517150878906,1050.8905029296875,25.489717483520508,300,73.33333333333333,10,0.4201388955116272,91.98296356201172,1,1
Passes,courtes,3706,156,411967342,50.050498962402344,-27.14545249938965,758.5618286132812,15.43338680267334,721,87.1012482662968,23,1.2611627578735352,91.449462890625,2,1
Passes,directes,3706,156,411967342,49.274845123291016,-28.160064697265625,971.0099487304688,25.764232635498047,340,75,22,1.2784500122070312,92.14990997314453,4,1
Passes,courtes,363,373,1100352984,50.36130142211914,-25.64659309387207,588.0034790039062,16.742263793945312,543,83.97790055248619,25,2.4087023735046387,92.32093048095703,3,1
Passes,directes,363,373,1100352984,49.72019958496094,-25.979595184326172,696.0770874023438,24.59237289428711,314,74.20382165605096,21,1.832355260848999,92.74580383300781,4,1
Passes,courtes,2925,17530,1241640015,49.8622932434082,-28.265060424804688,1037.0938720703125,15.431920051574707,653,88.3614088820827,12,0.6516262292861938,90.56172943115234,0,0
Passes,directes,2925,17530,1241640015,49.18214416503906,-27.539329528808594,1137.5693359375,24.361112594604492,340,81.17647058823529,26,1.8348042964935303,91.46459197998047,2,3
Passes,courtes,436,995,330066000,49.83241653442383,-24.371049880981445,510.6219482421875,16.830060958862305,565,82.47787610619469,35,2.6186349391937256,92.52542114257812,1,0
Passes,directes,436,995,330066000,49.82514953613281,-25.1715145111084,590.0029907226562,26.225475311279297,291,67.69759450171821,14,0.7074782252311707,93.50556945800781,1,0
Passes,courtes,368,388,950415411,50.206058502197266,-26.545825958251953,381.8140869140625,16.28875160217285,615,84.39024390243902,14,0.7553823590278625,92.69379425048828,0,0
Passes,directes,368,388,950415411,49.441158294677734,-26.838207244873047,630.1931762695312,25.185150146484375,347,76.657060518732,21,1.8392620086669922,92.66746520996094,2,2
Passes,courtes,145,147,1914605551,49.050296783447266,-29.296852111816406,1255.340576171875,15.624271392822266,559,83.54203935599284,8,0.7375170588493347,90.81742858886719,0,1
Passes,directes,145,147,1914605551,48.44797134399414,-28.20763397216797,1089.6810302734375,26.214641571044922,332,69.87951807228916,10,0.39326900243759155,91.81366729736328,0,3
Passes,courtes,176,174,1842724251,49.88991165161133,-26.36058235168457,611.3977661132812,16.049917221069336,568,85.21126760563381,17,1.2780219316482544,91.7889404296875,2,2
Passes,directes,176,174,1842724251,49.52372360229492,-26.508827209472656,877.9326782226562,26.635574340820312,332,73.19277108433735,17,1.169695496559143,92.02220153808594,3,1
Passes,courtes,239,4007,625984714,49.27077865600586,-28.387020111083984,916.7232055664062,16.461448669433594,587,83.98637137989779,19,1.6118896007537842,91.2196044921875,2,1
Passes,directes,239,4007,625984714,48.77133560180664,-29.219690322875977,968.7105102539062,26.467872619628906,302,73.50993377483444,22,1.5195642709732056,92.25357055664062,5,1
Passes,courtes,258,264,1637070181,49.798946380615234,-27.428491592407227,592.1024780273438,16.635957717895508,582,82.98969072164948,9,1.6464109420776367,90.58837890625,1,3
Passes,directes,258,264,1637070181,49.675758361816406,-26.978351593017578,667.3840942382812,24.53643798828125,345,77.97101449275362,19,1.6783982515335083,92.59095764160156,0,1
Passes,courtes,4405,13294,1060016884,49.67058181762695,-29.57971954345703,1282.933837890625,15.385506629943848,700,84.28571428571429,1,0.03901612013578415,89.90533447265625,0,0
Passes,directes,4405,13294,1060016884,48.94105529785156,-28.53633689880371,1252.6412353515625,25.39508819580078,326,75.4601226993865,9,1.0451571941375732,91.13076782226562,1,1
Passes,courtes,134,2950,57829408,49.24116897583008,-28.079580307006836,810.2492065429688,15.889633178710938,574,85.36585365853658,11,1.467490792274475,91.69662475585938,2,0
Passes,directes,134,2950,57829408,48.92262268066406,-28.966259002685547,1224.748046875,26.534326553344727,283,73.85159010600707,13,0.858909010887146,91.85712432861328,0,2
Passes,courtes,373,384,506153595,50.09568786621094,-27.79914665222168,930.0199584960938,15.48114013671875,688,87.93604651162791,10,1.1651240587234497,91.14440155029297,0,4
Passes,directes,373,384,506153595,48.879608154296875,-27.89112663269043,1054.0897216796875,24.64885902404785,345,77.10144927536231,14,0.9529962539672852,91.80216979980469,1,3
Passes,courtes,90,1538,1336815701,49.314292907714844,-28.14812469482422,960.0126342773438,16.184398651123047,564,86.52482269503547,23,1.8438732624053955,91.16688537597656,2,1
Passes,directes,90,1538,1336815701,48.91184997558594,-28.023590087890625,965.3113403320312,26.558908462524414,294,71.7687074829932,21,1.2859913110733032,92.32913208007812,3,0
Passes,courtes,7640,11551,580634010,49.68167495727539,-27.417606353759766,1078.983642578125,15.784530639648438,532,84.9624060150376,18,1.9555257558822632,91.75397491455078,1,1
Passes,directes,7640,11551,580634010,49.216835021972656,-27.223722457885742,1186.6573486328125,24.421106338500977,343,73.76093294460641,17,1.6039756536483765,91.73741912841797,3,0
Passes,courtes,172,174,810178100,49.66108322143555,-27.76824378967285,712.0731811523438,16.56527328491211,559,83.54203935599284,16,1.0294854640960693,91.6943588256836,3,3
Passes,directes,172,174,810178100,48.849700927734375,-27.740276336669922,804.0507202148438,25.335477828979492,334,73.05389221556887,11,1.0271937847137451,92.23603057861328,2,2
Passes,courtes,4691,22269,1189255965,49.733917236328125,-27.956966400146484,784.1555786132812,15.990174293518066,617,83.46839546191248,14,1.0375230312347412,91.303466796875,1,0
Passes,directes,4691,22269,1189255965,48.8827018737793,-25.80242919921875,916.0233764648438,24.574831008911133,311,74.27652733118971,16,1.032914161682129,91.96493530273438,3,0
Passes,courtes,99,2922,1358150438,49.73234939575195,-26.925765991210938,929.1201782226562,16.094797134399414,625,84.96,13,3.1474530696868896,90.9227523803711,2,0
Passes,directes,99,2922,1358150438,48.80569076538086,-27.85259437561035,1006.0014038085938,24.751941680908203,302,78.1456953642384,13,1.1997593641281128,92.28013610839844,0,2
Passes,courtes,111,113,884255354,49.89404296875,-25.873401641845703,606.1990356445312,15.199517250061035,771,89.75356679636835,34,2.7745983600616455,92.16405487060547,7,0
Passes,directes,111,113,884255354,49.0169792175293,-27.108198165893555,889.8297729492188,26.349557876586914,386,73.3160621761658,31,2.5647332668304443,90.11966705322266,6,0
Passes,courtes,133,268,612132171,50.218318939208984,-25.45625877380371,636.8915405273438,15.92758560180664,590,84.91525423728814,9,0.7268582582473755,91.85768127441406,1,3
Passes,directes,133,268,612132171,49.50003433227539,-25.93185043334961,733.6679077148438,25.85904312133789,358,77.6536312849162,13,1.7551058530807495,92.33209991455078,1,4
Passes,courtes,267,263,322750925,49.40796661376953,-28.289579391479492,1302.529052734375,15.761503219604492,535,81.86915887850468,5,0.1418532133102417,90.75269317626953,0,1
Passes,directes,267,263,322750925,49.27086639404297,-27.8282413482666,1029.395751953125,24.16667366027832,340,76.47058823529412,21,1.7256779670715332,92.07247161865234,3,0
Passes,courtes,22269,5786,2139222572,49.72852325439453,-28.895301818847656,960.1126098632812,15.307577133178711,758,86.54353562005277,5,0.30223920941352844,91.1649169921875,2,0
Passes,directes,22269,5786,2139222572,49.465667724609375,-27.903629302978516,1139.56884765625,24.28575897216797,369,76.69376693766938,17,1.610439419746399,91.50385284423828,1,1
Passes,courtes,170,174,466818611,49.624568939208984,-25.327472686767578,775.6576538085938,16.54543685913086,517,83.9458413926499,16,1.2953078746795654,92.05254364013672,0,1
Passes,directes,170,174,466818611,49.24879455566406,-25.395837783813477,805.0504760742188,24.316843032836914,318,74.21383647798743,10,0.5967919826507568,92.67315673828125,2,5
Passes,courtes,384,367,2006222649,49.79429244995117,-28.193052291870117,700.1760864257812,16.093170166015625,598,84.44816053511705,18,1.8148828744888306,91.90406799316406,3,4
Passes,directes,384,367,2006222649,49.25367736816406,-26.204675674438477,739.4664916992188,26.353443145751953,334,73.05389221556887,13,1.524910807609558,92.59601593017578,3,2
Passes,courtes,85,1538,1581366703,49.66684341430664,-28.782562255859375,662.4852905273438,15.137359619140625,643,86.15863141524106,19,1.9964302778244019,92.13847351074219,2,2
Passes,directes,85,1538,1581366703,49.00201416015625,-27.858470916748047,800.7515258789062,26.847110748291016,345,73.04347826086956,26,2.1997568607330322,92.33087158203125,5,1
Passes,courtes,89,93,1024494580,49.48609161376953,-27.503559112548828,873.8336791992188,16.34800910949707,594,85.52188552188552,11,0.8668230175971985,91.42066955566406,0,5
Passes,directes,89,93,1024494580,48.75709533691406,-27.77885627746582,923.0216674804688,24.694686889648438,276,69.56521739130434,7,0.36705222725868225,92.80474853515625,0,4
Passes,courtes,3611,7879,1465685371,49.968345642089844,-25.951431274414062,661.7854614257812,16.09096908569336,585,85.2991452991453,17,0.877113401889801,91.76742553710938,1,1
Passes,directes,3611,7879,1465685371,49.55837631225586,-25.243541717529297,549.4129028320312,26.539134979248047,352,75,26,3.8882105350494385,93.0370864868164,6,1
Passes,courtes,1382,2790,1615964618,49.881168365478516,-27.295251846313477,1073.784912109375,15.56347370147705,645,88.52713178294573,17,1.4946234226226807,90.84986114501953,1,0
Passes,directes,1382,2790,1615964618,48.943565368652344,-27.740154266357422,1267.9375,24.82503890991211,330,75.75757575757575,20,1.7761210203170776,90.92530822753906,0,1
Passes,courtes,85,244,1139745998,49.41362762451172,-28.74934959411621,944.4164428710938,15.537910461425781,567,84.30335097001763,18,1.431327223777771,91.42617797851562,3,3
Passes,directes,85,244,1139745998,48.37017822265625,-29.08607292175293,1015.8989868164062,27.098796844482422,305,69.8360655737705,17,1.2010430097579956,92.13760375976562,2,1
Passes,courtes,263,250,2087460833,50.19205093383789,-26.759063720703125,572.2073364257812,17.262361526489258,616,81.49350649350649,9,0.7315500378608704,91.91039276123047,1,1
Passes,directes,263,250,2087460833,49.833492279052734,-26.707502365112305,703.5752563476562,25.14227294921875,309,67.63754045307444,17,1.4308478832244873,93.49520874023438,2,1
Passes,courtes,3472,3696,336812851,49.58277893066406,-29.015060424804688,992.8046264648438,15.15024185180664,763,86.89384010484928,4,0.7963069081306458,90.53822326660156,0,0
Passes,directes,3472,3696,336812851,49.356319427490234,-28.53632354736328,1116.974365234375,24.767658233642578,344,77.90697674418605,11,0.7503929138183594,91.44267272949219,0,1
Passes,courtes,13294,21540,487868817,49.91761779785156,-26.774383544921875,983.3069458007812,15.283699989318848,713,86.39551192145862,14,0.8434962034225464,91.04487609863281,0,1
Passes,directes,13294,21540,487868817,49.1856575012207,-27.48053741455078,1239.2445068359375,25.0047607421875,369,76.69376693766938,17,1.0946569442749023,90.88766479492188,0,0
Passes,courtes,570,936,308785032,50.041587829589844,-28.29290771484375,523.4192504882812,13.847529411315918,1296,92.82407407407408,8,0.3153432011604309,90.8859634399414,1,0
Passes,directes,570,936,308785032,49.296287536621094,-28.807933807373047,873.2338256835938,25.799898147583008,311,78.13504823151125,31,1.3681790828704834,92.34475708007812,1,0
Passes,courtes,243,94,1913070780,49.78871536254883,-29.450387954711914,922.6217651367188,15.715316772460938,652,86.50306748466258,10,0.6360815167427063,89.3407211303711,1,0
Passes,directes,243,94,1913070780,48.776493072509766,-28.670818328857422,1095.8795166015625,25.061017990112305,319,76.8025078369906,16,1.0848499536514282,91.79700469970703,4,2
Passes,courtes,382,357,1412098517,49.6883544921875,-28.919174194335938,781.5562133789062,15.45646858215332,597,91.28978224455611,17,2.166045904159546,91.91443634033203,3,2
Passes,directes,382,357,1412098517,49.39244842529297,-29.94879722595215,835.2431030273438,26.888513565063477,308,71.75324675324676,17,1.2237060070037842,93.20201873779297,5,2
Passes,courtes,21581,437,2133107748,49.48152160644531,-29.397327423095703,925.7210083007812,15.95959186553955,775,89.41935483870968,4,0.2343824952840805,90.87841033935547,0,0
Passes,directes,21581,437,2133107748,48.2957649230957,-28.69869613647461,1060.8880615234375,25.497304916381836,261,72.03065134099617,7,0.3228112459182739,92.33358001708984,0,0
Passes,courtes,257,262,1110783560,49.73698806762695,-29.116741180419922,970.6100463867188,15.535953521728516,627,88.6762360446571,14,0.8799371123313904,91.11182403564453,4,0
Passes,directes,257,262,1110783560,49.00627517700195,-26.901817321777344,812.4486694335938,24.56032371520996,381,75.32808398950131,27,2.2943124771118164,91.7791976928711,2,0
Passes,courtes,3759,6907,1682151650,49.5383415222168,-28.564847946166992,912.6242065429688,15.7803373336792,627,83.5725677830941,5,0.19471675157546997,91.45460510253906,2,0
Passes,directes,3759,6907,1682151650,48.970176696777344,-28.54734230041504,881.6317749023438,25.28896713256836,308,71.75324675324676,11,0.6511039137840271,92.44966125488281,0,1
Passes,courtes,21607,5309,302470383,49.723411560058594,-27.38058853149414,954.1140747070312,16.095983505249023,632,85.28481012658227,16,1.5958247184753418,90.9093017578125,3,0
Passes,directes,21607,5309,302470383,49.04750442504883,-27.18219757080078,1006.0014038085938,23.911521911621094,369,77.77777777777777,21,1.8920243978500366,91.63279724121094,3,0
Passes,courtes,2572,112,1664014101,49.58103942871094,-27.579898834228516,815.0480346679688,16.431360244750977,602,82.89036544850498,11,1.278300404548645,91.11375427246094,1,0
Passes,directes,2572,112,1664014101,49.253292083740234,-28.579566955566406,867.7351684570312,25.945152282714844,282,69.8581560283688,10,0.5072625875473022,92.56181335449219,1,1
Passes,courtes,118,2925,364679294,49.741703033447266,-29.087520599365234,1022.6973266601562,15.568114280700684,718,88.71866295264624,8,0.5025987029075623,90.6914291381836,1,0
Passes,directes,118,2925,364679294,49.325233459472656,-28.361928939819336,869.7346801757812,24.98443031311035,337,74.77744807121661,16,1.266632080078125,92.18016052246094,2,1
Passes,courtes,87,1538,420943911,49.44287872314453,-27.36833381652832,1022.9972534179688,15.667320251464844,551,85.66243194192377,22,1.494629144668579,91.25494384765625,2,2
Passes,directes,87,1538,420943911,48.58058166503906,-28.151554107666016,1006.8012084960938,26.09100341796875,285,72.63157894736842,19,1.8022911548614502,92.6073226928711,5,4
Passes,courtes,559,936,330630444,49.947872161865234,-26.002500534057617,479.7200622558594,15.088098526000977,877,88.48346636259977,18,1.0406625270843506,90.98661041259766,1,0
Passes,directes,559,936,330630444,49.17431640625,-29.09514617919922,1139.56884765625,25.801515579223633,294,73.80952380952381,15,1.0156798362731934,91.8524398803711,2,1
Passes,courtes,2250,3696,1887936958,50.44451141357422,-26.187885284423828,456.5186462402344,13.823206901550293,1363,93.98385913426266,11,0.34987494349479675,90.45310974121094,0,0
Passes,directes,2250,3696,1887936958,49.22751235961914,-29.415115356445312,867.5352172851562,25.099515914916992,306,72.54901960784314,20,1.4553062915802002,92.4305419921875,2,1
Passes,courtes,2950,125,1145763051,49.909202575683594,-26.903839111328125,758.0619506835938,16.97650146484375,505,82.97029702970298,21,1.3050543069839478,92.39440155029297,2,1
Passes,directes,2950,125,1145763051,48.88505172729492,-29.215721130371094,971.5098266601562,25.101343154907227,296,72.63513513513513,10,0.6765612363815308,92.38990020751953,1,0
Passes,courtes,9078,6870,922252038,49.47766876220703,-27.409215927124023,828.9446411132812,15.038018226623535,573,87.26003490401396,24,2.018467426300049,91.80966186523438,5,0
Passes,directes,9078,6870,922252038,49.22785949707031,-27.666858673095703,718.4716186523438,24.77350425720215,315,78.73015873015873,27,1.198822259902954,93.1998062133789,5,0
Passes,courtes,359,357,1411799261,49.585235595703125,-27.37079620361328,626.4940795898438,15.362587928771973,797,89.0840652446675,14,1.4870332479476929,91.6212158203125,0,1
Passes,directes,359,357,1411799261,48.917545318603516,-29.54024314880371,737.2670288085938,26.065927505493164,341,74.7800586510264,22,1.730931282043457,93.11682891845703,2,1
Passes,courtes,147,156,1700574325,50.073944091796875,-27.42855453491211,637.9912719726562,14.576684951782227,901,90.2330743618202,18,1.5168962478637695,91.55382537841797,1,0
Passes,directes,147,156,1700574325,49.59883499145508,-28.194482803344727,698.4765014648438,25.031192779541016,381,80.5774278215223,24,1.2549068927764893,92.60002899169922,3,2
Passes,courtes,3997,113,51613704,49.67525100708008,-27.459556579589844,632.2926635742188,15.343695640563965,732,87.97814207650273,21,2.112971067428589,91.58992767333984,0,0
Passes,directes,3997,113,51613704,48.05171203613281,-29.231342315673828,1098.978759765625,26.29926300048828,271,73.80073800738008,20,1.7824509143829346,92.37451934814453,2,3
Passes,courtes,103,4057,702879240,50.30389404296875,-24.747243881225586,496.42108154296875,16.637516021728516,532,84.21052631578948,30,3.3481521606445312,92.22481536865234,3,0
Passes,directes,103,4057,702879240,49.85477828979492,-27.33275604248047,599.2007446289062,25.384069442749023,387,80.10335917312662,24,1.942069172859192,92.5035171508789,1,0
Passes,courtes,170,174,1435546856,50.072349548339844,-26.239702224731445,738.5667114257812,15.424492835998535,525,83.42857142857143,12,0.7602512836456299,92.22488403320312,0,4
Passes,directes,170,174,1435546856,48.999576568603516,-27.176429748535156,840.1419067382812,24.330707550048828,318,77.04402515723271,8,0.6808141469955444,92.62339782714844,1,2
Passes,courtes,137,10388,1495203957,50.18708038330078,-25.134090423583984,452.01837158203125,16.50625991821289,584,82.36301369863014,13,1.0544860363006592,92.42832946777344,2,2
Passes,directes,137,10388,1495203957,49.35231399536133,-27.630752563476562,580.3053588867188,25.626333236694336,359,72.98050139275766,17,1.9759269952774048,92.91449737548828,4,1
Passes,courtes,156,151,323811002,49.71276092529297,-26.852731704711914,744.5652465820312,16.615951538085938,630,84.92063492063492,15,0.9128052592277527,91.2704849243164,0,1
Passes,directes,156,151,323811002,48.86183547973633,-27.620532989501953,771.0587768554688,24.185543060302734,301,72.42524916943522,14,0.6974353194236755,92.49256896972656,0,0
Passes,courtes,118,3997,1667359241,49.70165252685547,-27.2413272857666,844.2409057617188,16.39824867248535,487,82.54620123203286,12,0.6227357983589172,91.74076843261719,1,0
Passes,directes,118,3997,1667359241,49.01667404174805,-28.184492111206055,900.9270629882812,24.612462997436523,303,79.53795379537954,22,1.814877986907959,92.1866455078125,3,0
Passes,courtes,995,7656,765467029,49.58565139770508,-28.886844635009766,848.4398803710938,15.848505973815918,530,83.58490566037736,13,1.0831420421600342,92.04057312011719,5,1
Passes,directes,995,7656,765467029,48.897342681884766,-27.076961517333984,941.1172485351562,25.429203033447266,359,73.25905292479109,21,2.4403300285339355,91.50102233886719,2,1
Passes,courtes,3699,21610,972949956,49.781471252441406,-26.815975189208984,911.6244506835938,15.7384672164917,655,89.31297709923665,15,0.9771384000778198,89.32221221923828,0,2
Passes,directes,3699,21610,972949956,49.115318298339844,-27.985654830932617,1252.7412109375,24.960845947265625,327,75.22935779816514,18,1.997510313987732,91.0293960571289,1,0
Passes,courtes,87,89,497728889,49.373321533203125,-27.61079216003418,1013.4995727539062,15.114238739013672,624,86.37820512820512,4,0.48126059770584106,90.79517364501953,0,1
Passes,directes,87,89,497728889,49.130489349365234,-27.949251174926758,1046.0916748046875,24.73778533935547,325,75.38461538461539,12,0.787352979183197,91.5698013305664,0,1
Passes,courtes,151,152,2045654981,49.96150588989258,-29.438627243041992,842.1414184570312,14.539551734924316,888,89.1891891891892,6,0.22287039458751678,90.7045669555664,0,0
Passes,directes,151,152,2045654981,49.356605529785156,-28.404863357543945,811.9487915039062,24.546817779541016,324,75.30864197530865,20,1.1535303592681885,92.3042984008789,1,0
Passes,courtes,363,366,554673974,50.11732482910156,-27.41090202331543,659.4860229492188,15.431158065795898,641,86.42745709828394,14,1.1963112354278564,91.88624572753906,4,0
Passes,directes,363,366,554673974,49.713985443115234,-27.852664947509766,676.5818481445312,25.135379791259766,362,75.13812154696133,25,3.052877902984619,92.62572479248047,3,0
Passes,courtes,104,3997,1784849258,49.73855972290039,-25.999794006347656,566.7086791992188,16.51055335998535,514,81.90661478599222,20,1.1764016151428223,92.32408905029297,2,2
Passes,directes,104,3997,1784849258,50.00178909301758,-28.28245735168457,663.2850952148438,24.632421493530273,329,75.98784194528875,28,2.3214595317840576,93.62051391601562,4,0
Passes,courtes,393,384,1950149415,49.84235382080078,-28.033740997314453,844.8407592773438,16.478862762451172,643,86.62519440124417,22,1.5580763816833496,91.51947021484375,4,1
Passes,directes,393,384,1950149415,49.09221649169922,-27.66185760498047,1125.2723388671875,25.672758102416992,347,75.50432276657061,23,2.2831621170043945,91.6611328125,3,0
Passes,courtes,789,19267,1551413899,50.03644943237305,-28.450088500976562,850.9392700195312,15.15890884399414,646,87.15170278637771,25,2.6945254802703857,91.63776397705078,1,0
Passes,directes,789,19267,1551413899,49.61924743652344,-27.989770889282227,703.0753784179688,25.1701602935791,351,78.91737891737891,23,1.8518941402435303,93.02732849121094,4,2
Passes,courtes,85,102,1083776645,49.42203903198242,-29.431373596191406,1153.8653564453125,15.435473442077637,614,84.03908794788273,12,1.263823390007019,90.61345672607422,1,0
Passes,directes,85,102,1083776645,48.469364166259766,-30.519819259643555,1212.6510009765625,26.18701934814453,291,70.79037800687286,9,0.7931417226791382,91.59929656982422,3,0
Passes,courtes,6870,432,1803412708,48.69417953491211,-30.11684799194336,1275.935546875,15.471308708190918,534,83.14606741573034,5,0.45931270718574524,89.00651550292969,0,2
Passes,directes,6870,432,1803412708,47.802528381347656,-31.16532325744629,1135.56982421875,26.223094940185547,267,70.4119850187266,6,0.5386216044425964,92.46473693847656,2,3
Passes,courtes,94,87,1603673735,49.807411193847656,-28.938854217529297,1090.980712890625,15.034475326538086,772,86.65803108808291,13,0.9195355772972107,90.33911895751953,1,0
Passes,directes,94,87,1603673735,49.17298889160156,-27.824138641357422,1085.4820556640625,24.412099838256836,401,79.80049875311721,17,0.6435186862945557,91.00885009765625,0,0
Passes,courtes,258,266,1241796862,49.58649444580078,-26.85885238647461,645.0895385742188,16.822952270507812,525,85.71428571428571,14,1.3517969846725464,92.42337799072266,3,4
Passes,directes,258,266,1241796862,49.16693878173828,-28.90271759033203,920.7222290039062,25.157699584960938,238,74.78991596638656,12,0.9393051266670227,92.76571655273438,1,2
Passes,courtes,113,3997,169762054,49.82703399658203,-27.0784969329834,767.5596313476562,16.408227920532227,549,84.51730418943534,8,0.6264525055885315,91.99300384521484,1,2
Passes,directes,113,3997,169762054,49.053672790527344,-28.095064163208008,969.7102661132812,24.267667770385742,308,73.7012987012987,11,0.7050616145133972,92.2732162475586,2,2
Passes,courtes,3024,989,1153742415,49.85316467285156,-28.190073013305664,798.6520385742188,14.498028755187988,843,89.91696322657177,16,0.7658946514129639,91.39105224609375,0,0
Passes,directes,3024,989,1153742415,49.153560638427734,-28.44580841064453,1143.16796875,25.233274459838867,297,76.0942760942761,20,1.1946263313293457,92.32670593261719,2,1
Passes,courtes,359,368,1656874616,50.22066879272461,-26.282365798950195,392.5147399902344,15.799817085266113,711,87.48241912798875,24,2.415329933166504,92.27587127685547,3,0
Passes,directes,359,368,1656874616,49.63166427612305,-25.673566818237305,547.3134155273438,26.532554626464844,379,75.19788918205805,28,2.3142428398132324,92.99175262451172,4,0
Passes,courtes,3735,139,1891547481,49.781105041503906,-29.174129486083984,1070.985595703125,15.163671493530273,600,87,4,0.31854555010795593,91.45494079589844,0,1
Passes,directes,3735,139,1891547481,49.23776626586914,-27.221940994262695,1158.6641845703125,24.52765464782715,362,78.1767955801105,19,1.3272221088409424,91.2436752319336,1,1
Passes,courtes,4007,109,266353912,49.507694244384766,-26.701021194458008,870.3345336914062,16.53858184814453,636,85.69182389937107,19,1.0196759700775146,90.85873413085938,1,1
Passes,directes,4007,109,266353912,48.64560317993164,-28.818180084228516,1070.78564453125,25.471513748168945,271,72.32472324723247,13,1.3552814722061157,92.15362548828125,1,1
Passes,courtes,122,268,941325862,49.82643508911133,-27.69791603088379,733.0680541992188,16.36154556274414,571,84.23817863397548,12,0.46244311332702637,91.81356048583984,1,0
Passes,directes,122,268,941325862,49.63679122924805,-26.228046417236328,585.8040161132812,26.47956657409668,350,76,14,0.9697856307029724,92.71083068847656,1,1
Passes,courtes,264,256,2070153691,49.26218795776367,-29.346044540405273,965.5112915039062,15.953104972839355,579,83.41968911917098,1,0.032915644347667694,91.60179901123047,0,0
Passes,directes,264,256,2070153691,48.624210357666016,-30.252384185791016,1079.4835205078125,24.39555549621582,252,80.15873015873017,8,0.8293507695198059,92.72589111328125,1,1
Passes,courtes,12698,3472,1368079903,50.04111099243164,-28.147226333618164,825.5454711914062,15.563676834106445,590,88.8135593220339,26,1.8806507587432861,91.4302749633789,1,1
Passes,directes,12698,3472,1368079903,49.31048583984375,-28.410625457763672,862.7363891601562,25.043519973754883,314,77.38853503184713,21,3.0114352703094482,92.58328247070312,7,0
Passes,courtes,13294,1382,1589609104,49.784767150878906,-28.90886116027832,1015.7990112304688,15.445985794067383,732,88.11475409836065,9,0.5849785804748535,90.93827819824219,1,2
Passes,directes,13294,1382,1589609104,49.49058151245117,-29.178743362426758,1020.7977905273438,25.56568717956543,357,74.50980392156863,9,0.7302233576774597,91.78573608398438,1,0
Passes,courtes,107,110,1437692358,49.101863861083984,-29.335498809814453,1150.0662841796875,16.097963333129883,518,84.74903474903475,4,0.13791848719120026,91.26615142822266,0,3
Passes,directes,107,110,1437692358,48.68370056152344,-29.997549057006836,1085.0821533203125,24.810361862182617,298,78.85906040268456,11,0.5675433278083801,92.1216049194336,5,3
Passes,courtes,83,90,493710084,50.15958023071289,-24.431663513183594,500.2213134765625,15.924954414367676,666,87.38738738738739,21,1.2430669069290161,91.73021697998047,2,0
Passes,directes,83,90,493710084,49.901432037353516,-25.96055793762207,501.8214111328125,25.437606811523438,358,76.25698324022346,26,2.9411559104919434,93.52336883544922,7,0
Passes,courtes,145,156,2091300775,49.878639221191406,-27.242523193359375,819.6469116210938,14.671104431152344,776,89.69072164948453,13,0.7245742082595825,91.02191925048828,1,4
Passes,directes,145,156,2091300775,49.048561096191406,-27.706754684448242,1229.346923828125,24.041501998901367,360,76.66666666666667,19,1.655052900314331,91.11310577392578,0,3
Passes,courtes,22269,5579,601508701,50.1541862487793,-26.820720672607422,649.3884887695312,16.4122314453125,669,87.14499252615845,16,1.3646072149276733,90.0829849243164,2,1
Passes,directes,22269,5579,601508701,49.2464599609375,-26.506742477416992,759.1616821289062,24.69013214111328,328,73.17073170731707,16,1.3126431703567505,90.79946899414062,1,3
Passes,courtes,137,3307,102919363,49.53700256347656,-27.51633071899414,824.3457641601562,16.143131256103516,662,86.10271903323263,17,2.4899792671203613,91.3062744140625,1,0
Passes,directes,137,3307,102919363,48.81207275390625,-29.824569702148438,1079.6834716796875,26.848316192626953,286,68.53146853146853,12,1.1724708080291748,92.24687194824219,1,1
Passes,courtes,13294,21846,1530898879,49.65859603881836,-26.15854263305664,869.4347534179688,17.06914520263672,511,79.84344422700588,8,0.3678394854068756,91.64581298828125,0,2
Passes,directes,13294,21846,1530898879,49.32072830200195,-26.980669021606445,797.8522338867188,25.181884765625,327,74.92354740061162,14,1.0705780982971191,92.46945190429688,1,0
Passes,courtes,12216,15784,1562387529,48.77490997314453,-29.4510440826416,1278.135009765625,15.443787574768066,529,84.87712665406427,7,0.9454586505889893,91.24537658691406,0,3
Passes,directes,12216,15784,1562387529,48.20269775390625,-31.025785446166992,1138.0692138671875,26.426294326782227,300,72.66666666666667,11,1.4772320985794067,92.27668762207031,3,3
Passes,courtes,3735,156,738370743,49.19824981689453,-28.421586990356445,1251.4415283203125,15.268403053283691,593,84.48566610455312,11,0.7411720752716064,90.59727478027344,1,2
Passes,directes,3735,156,738370743,48.82540512084961,-27.998289108276367,1015.1991577148438,25.180316925048828,274,76.27737226277372,16,0.9672242403030396,90.8136215209961,1,1
Passes,courtes,268,598,1471885787,49.908607482910156,-28.64521598815918,906.7256469726562,15.27634334564209,733,89.63165075034107,10,0.5308759808540344,90.8326644897461,1,0
Passes,directes,268,598,1471885787,48.910133361816406,-29.220518112182617,1086.3818359375,25.460031509399414,307,78.82736156351791,18,1.409570574760437,92.41785430908203,4,1
Passes,courtes,3472,3696,835890524,49.88754653930664,-27.21764373779297,711.4733276367188,15.27993392944336,838,89.73747016706444,10,0.8020962476730347,91.02179718017578,0,1
Passes,directes,3472,3696,835890524,48.995025634765625,-29.333484649658203,1106.77685546875,24.13059425354004,357,80.95238095238095,11,0.7833636403083801,91.5915756225586,0,1
Passes,courtes,114,112,1527410391,50.089698791503906,-26.73944091796875,469.3194274902344,16.723876953125,674,87.3887240356083,22,1.8627049922943115,91.93492889404297,2,1
Passes,directes,114,112,1527410391,50.03152084350586,-25.6267147064209,446.9180603027344,25.163232803344727,352,73.01136363636364,15,1.282185435295105,93.5073471069336,5,2
Passes,courtes,132335,7914,2023402780,49.66694259643555,-28.95935821533203,1287.9326171875,15.24194622039795,582,87.80068728522336,14,1.0995292663574219,90.69839477539062,0,1
Passes,directes,132335,7914,2023402780,49.39030456542969,-28.367042541503906,1056.7890625,26.057476043701172,338,72.48520710059172,8,0.7691516876220703,91.65043640136719,2,1
Passes,courtes,362,306,32264918,50.21022033691406,-25.68185043334961,532.7169799804688,16.228599548339844,498,84.33734939759036,26,3.1025874614715576,92.96238708496094,4,0
Passes,directes,362,306,32264918,49.94016647338867,-26.430784225463867,555.3114624023438,25.226083755493164,353,76.20396600566572,27,2.0961406230926514,93.2197265625,4,1
Passes,courtes,3696,3699,860321550,49.92144012451172,-27.500185012817383,671.4830932617188,15.666777610778809,748,87.29946524064171,8,0.43298229575157166,91.4557876586914,2,0
Passes,directes,3696,3699,860321550,49.3881721496582,-26.856813430786133,717.7717895507812,24.00860595703125,332,76.80722891566265,14,1.3197379112243652,92.71365356445312,3,1
Passes,courtes,357,306,1478641587,50.0324821472168,-27.383190155029297,716.4721069335938,16.567930221557617,570,81.9298245614035,21,2.1911697387695312,91.80547332763672,2,1
Passes,directes,357,306,1478641587,49.908390045166016,-26.096708297729492,727.6693725585938,24.233064651489258,300,73.66666666666667,12,0.8619874715805054,93.44490814208984,1,2
Passes,courtes,382,370,604641600,49.83635711669922,-29.53133773803711,783.8556518554688,14.493400573730469,664,92.16867469879519,24,1.6306726932525635,91.69281005859375,5,1
Passes,directes,382,370,604641600,49.413238525390625,-28.281496047973633,765.2601928710938,24.05816650390625,315,79.04761904761905,21,1.1917563676834106,92.84357452392578,5,3
Passes,courtes,1382,3759,2002925567,49.633174896240234,-29.313215255737305,1239.8443603515625,15.074430465698242,687,86.8995633187773,5,0.5710116624832153,90.3514404296875,1,1
Passes,directes,1382,3759,2002925567,49.1747932434082,-28.59195899963379,1133.0704345703125,24.736774444580078,367,74.65940054495913,8,1.1982004642486572,91.33737182617188,3,0
Passes,courtes,519,21540,28316747,49.89982604980469,-27.209095001220703,823.5459594726562,15.05530834197998,856,87.61682242990655,10,0.6912992000579834,89.22769165039062,0,1
Passes,directes,519,21540,28316747,49.167598724365234,-27.58833122253418,1061.98779296875,26.10171127319336,363,78.23691460055096,21,1.2188626527786255,91.51300811767578,2,0
Passes,courtes,7868,6851,1017265311,49.66636657714844,-29.055130004882812,761.9609985351562,16.194780349731445,712,86.51685393258427,7,0.2425556778907776,91.53942108154297,0,0
Passes,directes,7868,6851,1017265311,48.47805404663086,-28.419912338256836,864.4359741210938,25.32413673400879,316,74.36708860759494,8,0.41858595609664917,92.8591079711914,0,4
Passes,courtes,127,134,480544626,49.504600524902344,-29.188400268554688,872.1340942382812,15.957237243652344,635,84.25196850393701,11,0.9966570734977722,91.4672622680664,2,0
Passes,directes,127,134,480544626,48.732784271240234,-29.203113555908203,1125.8721923828125,24.821815490722656,288,79.86111111111111,21,2.4177086353302,91.94561767578125,6,0
Passes,courtes,3746,4411,302910801,49.98849105834961,-28.45368003845215,855.5381469726562,15.280462265014648,766,88.1201044386423,13,0.9396867752075195,90.81746673583984,1,0
Passes,directes,3746,4411,302910801,48.89811325073242,-27.659652709960938,862.5364379882812,24.432573318481445,353,73.93767705382436,23,2.1039528846740723,91.9692611694336,4,0
Passes,courtes,3611,3610,2101176022,50.14989471435547,-28.751953125,649.9883422851562,14.083714485168457,1042,92.32245681381957,10,0.7090424299240112,91.11018371582031,0,1
Passes,directes,3611,3610,2101176022,49.272621154785156,-28.495193481445312,971.6098022460938,24.92072868347168,361,78.39335180055402,18,1.1987395286560059,91.83548736572266,0,1
Passes,courtes,3024,11551,59250330,50.00453186035156,-29.446910858154297,818.6471557617188,14.397689819335938,913,90.25191675794085,6,0.33899402618408203,91.20086669921875,0,1
Passes,directes,3024,11551,59250330,49.04706954956055,-27.998804092407227,1116.7744140625,24.530380249023438,363,78.23691460055096,20,1.3033795356750488,91.66212463378906,3,0
Mission des milieux,défense,87,1068,1002897798,49.0213508605957,-28.66899871826172,1166.76220703125,20.752790451049805,522,83.14176245210729,1,0.019721508026123047,90.63994598388672,0,1
Mission des milieux,attaque,87,1068,1002897798,49.129737854003906,-27.551029205322266,962.1121215820312,20.487497329711914,409,79.46210268948656,10,0.9237499833106995,91.78910064697266,1,2
Mission des milieux,défense,3616,5579,929393559,49.76083755493164,-27.47553825378418,742.4657592773438,19.970752716064453,599,82.80467445742904,1,0.024640748277306557,91.46770477294922,1,5
Mission des milieux,attaque,3616,5579,929393559,49.02381896972656,-26.722644805908203,800.5515747070312,20.610584259033203,381,80.31496062992126,23,2.836251735687256,91.97467803955078,4,4
Mission des milieux,défense,133,137,217468053,49.31533432006836,-28.202911376953125,1087.2816162109375,20.26020622253418,585,81.88034188034187,6,0.30257448554039,90.65414428710938,1,1
Mission des milieux,attaque,133,137,217468053,49.04665756225586,-27.975879669189453,1099.0787353515625,20.738920211791992,440,77.72727272727273,9,1.5406477451324463,91.23521423339844,2,0
Mission des milieux,défense,552,437,532638534,48.95237731933594,-28.24251937866211,1081.18310546875,19.905929565429688,490,84.89795918367346,1,0.11884646862745285,91.25970458984375,0,2
Mission des milieux,attaque,552,437,532638534,48.36965560913086,-29.900020599365234,1096.979248046875,20.707231521606445,409,77.50611246943765,8,1.1804733276367188,91.17024993896484,0,1
Mission des milieux,défense,122,137,1464848243,49.32851791381836,-28.611024856567383,1013.3995971679688,20.730636596679688,595,85.04201680672269,7,0.9392188191413879,90.85865783691406,1,0
Mission des milieux,attaque,122,137,1464848243,49.31633758544922,-27.808942794799805,940.8173217773438,20.351795196533203,467,82.22698072805139,14,0.8735905885696411,91.6375503540039,2,0
Mission des milieux,défense,3822,21607,1321446349,50.03876495361328,-25.77018928527832,522.5194702148438,20.89053726196289,494,78.94736842105263,12,0.6190577745437622,92.292236328125,2,0
Mission des milieux,attaque,3822,21607,1321446349,49.66529846191406,-25.20627212524414,599.2007446289062,21.5809383392334,404,75.24752475247524,23,2.969470739364624,92.65253448486328,3,0
Mission des milieux,défense,2565,3706,2039633683,48.81661605834961,-29.50941276550293,1112.4754638671875,20.766263961791992,480,82.91666666666667,13,1.2036317586898804,91.51847076416016,0,0
Mission des milieux,attaque,2565,3706,2039633683,49.06051254272461,-29.746864318847656,1280.6343994140625,21.57767105102539,351,77.20797720797721,17,2.1578314304351807,91.70947265625,3,2
Mission des milieux,défense,359,331,820276643,50.2704963684082,-25.985322952270508,510.42193603515625,20.721942901611328,550,82,10,0.4310340881347656,92.37728118896484,1,1
Mission des milieux,attaque,359,331,820276643,49.482303619384766,-26.305908203125,516.1210327148438,21.097705841064453,420,80.23809523809524,13,0.7103482484817505,93.35307312011719,1,3
Mission des milieux,défense,132335,1895,1704637349,48.90265655517578,-31.27648162841797,1093.8800048828125,19.940319061279297,515,81.74757281553399,1,0.021983282640576363,91.41480255126953,0,3
Mission des milieux,attaque,132335,1895,1704637349,48.40691375732422,-29.539146423339844,1202.2535400390625,20.43523406982422,456,80.04385964912281,1,0.02213994413614273,90.84658813476562,1,3
Mission des milieux,défense,268,133,1903678842,50.086158752441406,-26.814767837524414,641.7903442382812,19.901765823364258,594,85.52188552188552,5,0.3564351499080658,91.8398666381836,1,1
Mission des milieux,attaque,268,133,1903678842,49.4045295715332,-27.63958740234375,801.7512817382812,20.142738342285156,415,80,23,2.438727617263794,92.51891326904297,5,4
Mission des milieux,défense,139,2565,1501726364,49.249107360839844,-28.379093170166016,930.7197875976562,20.84600257873535,591,83.75634517766497,2,0.2804671823978424,90.98564910888672,1,2
Mission des milieux,attaque,139,2565,1501726364,49.157859802246094,-28.121829986572266,980.5076293945312,20.336681365966797,485,76.28865979381443,10,0.8089319467544556,91.2055435180664,1,2
Mission des milieux,défense,7868,170,1731519511,49.64163589477539,-27.799457550048828,604.0995483398438,20.9261417388916,555,80.72072072072072,11,0.5294367074966431,92.63323974609375,1,1
Mission des milieux,attaque,7868,170,1731519511,49.80681610107422,-27.219951629638672,670.3833618164062,21.11244773864746,521,80.42226487523992,18,1.3876177072525024,92.32024383544922,1,1
Mission des milieux,défense,263,256,1104652174,49.40069580078125,-28.65830421447754,868.6349487304688,20.880361557006836,574,79.79094076655052,1,0.0567428283393383,91.6270523071289,0,0
Mission des milieux,attaque,263,256,1104652174,48.98440170288086,-28.28057289123535,1040.4930419921875,20.202775955200195,473,78.43551797040169,14,1.0963099002838135,91.19517517089844,1,1
Mission des milieux,défense,1895,132335,2134161410,49.58829116821289,-25.72064781188965,593.1022338867188,21.066843032836914,430,85.34883720930233,28,2.529103994369507,92.75130462646484,9,0
Mission des milieux,attaque,1895,132335,2134161410,49.3369026184082,-25.93240737915039,779.1567993164062,21.652706146240234,347,78.96253602305475,38,4.472225666046143,92.72457885742188,13,0
Mission des milieux,défense,143,2726,932725007,49.56053924560547,-27.442312240600586,845.7405395507812,20.121828079223633,431,79.11832946635731,20,1.620794415473938,91.99685668945312,0,2
Mission des milieux,attaque,143,2726,932725007,49.414649963378906,-29.34073829650879,946.1160278320312,20.9886474609375,416,82.6923076923077,24,3.0454437732696533,92.41171264648438,3,2
Mission des milieux,défense,2566,146,1015490648,49.23093795776367,-29.17500877380371,1099.4786376953125,20.75016212463379,470,81.70212765957447,7,0.49099448323249817,91.21985626220703,2,1
Mission des milieux,attaque,2566,146,1015490648,48.74619674682617,-26.038341522216797,848.0399780273438,19.490753173828125,411,76.88564476885645,13,1.1080634593963623,91.62799072265625,1,2
Mission des milieux,défense,97,3751,1130118952,49.76133728027344,-29.997596740722656,780.3565063476562,19.72383689880371,593,87.35244519392917,11,1.004098892211914,91.79672241210938,2,0
Mission des milieux,attaque,97,3751,1130118952,49.40195846557617,-29.803438186645508,1079.0836181640625,20.535873413085938,466,81.97424892703863,24,1.836741328239441,91.44898223876953,6,2
Mission des milieux,défense,361,388,1485403625,49.6740837097168,-25.19295883178711,431.61712646484375,20.690818786621094,440,77.72727272727273,15,1.2978593111038208,93.04474639892578,4,0
Mission des milieux,attaque,361,388,1485403625,49.60910415649414,-26.385101318359375,613.3972778320312,20.185441970825195,416,73.79807692307692,23,1.9652708768844604,92.61885070800781,1,2
Mission des milieux,défense,2925,105,2039758977,47.45465087890625,-29.740156173706055,1018.7982788085938,21.712421417236328,391,77.74936061381074,10,0.8581060171127319,92.81008911132812,1,1
Mission des milieux,attaque,2925,105,2039758977,49.111717224121094,-29.296627044677734,1144.767578125,21.35836410522461,370,77.56756756756756,15,1.5420337915420532,91.32360076904297,1,0
Mission des milieux,défense,170,179,1048083132,50.045867919921875,-25.61513328552246,714.0726928710938,19.45237159729004,558,84.05017921146954,11,0.8783227801322937,91.57266235351562,0,1
Mission des milieux,attaque,170,179,1048083132,49.85865783691406,-25.57094383239746,682.6803588867188,20.31655502319336,475,80,24,2.315314769744873,90.77533721923828,3,2
Mission des milieux,défense,3699,437,259488708,49.17855453491211,-28.222055435180664,944.0165405273438,20.54550552368164,530,83.77358490566037,3,0.18741290271282196,91.34101867675781,1,4
Mission des milieux,attaque,3699,437,259488708,48.876190185546875,-28.643186569213867,1034.79443359375,20.727548599243164,431,80.2784222737819,15,1.0714695453643799,91.3161392211914,1,1
Mission des milieux,défense,90,93,669806174,49.269500732421875,-27.171157836914062,916.9231567382812,20.55685806274414,434,81.10599078341014,4,0.2500194013118744,91.44792938232422,0,3
Mission des milieux,attaque,90,93,669806174,49.11000442504883,-28.630861282348633,892.8290405273438,21.0153751373291,447,79.19463087248322,16,1.418861746788025,91.4786148071289,2,2
Mission des milieux,défense,3746,1382,2142954714,49.56537628173828,-27.558664321899414,732.0682983398438,20.5826358795166,687,85.58951965065502,9,0.5460029244422913,91.30876159667969,1,2
Mission des milieux,attaque,3746,1382,2142954714,49.43262481689453,-26.734455108642578,871.8341674804688,20.810117721557617,493,79.3103448275862,20,1.609932780265808,91.5475082397461,3,1
Mission des milieux,défense,254,257,472931517,48.851993560791016,-30.43597984313965,1198.954345703125,20.84675407409668,419,82.10023866348449,2,0.21702373027801514,91.83960723876953,1,2
Mission des milieux,attaque,254,257,472931517,48.363487243652344,-28.979516983032227,1358.6153564453125,20.111764907836914,452,80.53097345132744,6,0.43719282746315,90.58326721191406,0,1
Mission des milieux,défense,362,331,921209318,49.47517776489258,-26.592700958251953,896.1282348632812,21.12327766418457,463,80.77753779697625,10,0.811138927936554,91.33629608154297,0,1
Mission des milieux,attaque,362,331,921209318,49.360904693603516,-26.853363037109375,778.8568725585938,20.334951400756836,383,78.85117493472585,16,0.89397794008255,90.59970092773438,1,3
Mission des milieux,défense,7640,3019,1662778767,49.3224983215332,-29.469850540161133,1336.4207763671875,20.016677856445312,530,81.32075471698113,0,0,91.06060028076172,2,0
Mission des milieux,attaque,7640,3019,1662778767,48.76970291137695,-27.964065551757812,1298.130126953125,20.51885986328125,439,81.09339407744875,8,0.5779515504837036,90.68533325195312,0,0
Mission des milieux,défense,13294,2790,1056745520,49.2514533996582,-28.78782844543457,904.1262817382812,20.59185028076172,617,84.44084278768233,4,0.33523717522621155,91.19967651367188,0,2
Mission des milieux,attaque,13294,2790,1056745520,49.37918472290039,-27.788331985473633,910.6246948242188,20.600767135620117,405,76.29629629629629,11,0.6230708360671997,91.92794036865234,0,0
Mission des milieux,défense,122,131,1008338748,48.570377349853516,-28.51276397705078,1022.8972778320312,20.95442771911621,466,82.18884120171674,9,1.437687873840332,91.39033508300781,1,2
Mission des milieux,attaque,122,131,1008338748,49.418785095214844,-27.218896865844727,950.2150268554688,19.946760177612305,433,77.59815242494226,8,0.8714608550071716,91.63082122802734,1,2
Mission des milieux,défense,7911,3841,794882901,50.12504196166992,-27.54167366027832,514.7213745117188,19.881885528564453,629,85.85055643879173,15,1.1011766195297241,92.07870483398438,3,1
Mission des milieux,attaque,7911,3841,794882901,49.61031723022461,-27.102130889892578,811.6488647460938,20.3649845123291,449,83.07349665924276,42,5.1800665855407715,92.12726593017578,5,0
Mission des milieux,défense,174,2502,1796576214,49.66657257080078,-27.083877563476562,605.5991821289062,20.217517852783203,447,83.89261744966443,20,1.73658287525177,92.62706756591797,4,0
Mission des milieux,attaque,174,2502,1796576214,49.426361083984375,-25.16575813293457,733.6679077148438,20.021936416625977,401,80.29925187032418,25,2.924563407897949,92.3747329711914,2,3
Mission des milieux,défense,132334,6870,190797265,49.284423828125,-28.705780029296875,1045.2918701171875,20.12278175354004,665,82.40601503759399,6,0.4666842520236969,90.77642822265625,3,2
Mission des milieux,attaque,132334,6870,190797265,49.302398681640625,-27.967926025390625,1154.76513671875,20.023513793945312,475,80,13,0.7575111389160156,91.36438751220703,1,0
Mission des milieux,défense,2697,179,485266100,49.693138122558594,-26.46409797668457,547.2134399414062,20.071298599243164,555,83.42342342342343,12,1.269038200378418,92.16278076171875,4,2
Mission des milieux,attaque,2697,179,485266100,49.65418243408203,-26.904186248779297,827.6449584960938,20.731475830078125,428,78.03738317757009,11,1.4293138980865479,91.8708267211914,2,3
Mission des milieux,défense,254,258,645237757,49.237552642822266,-29.727388381958008,916.8231811523438,20.919498443603516,528,81.81818181818181,3,0.34300142526626587,91.64055633544922,1,1
Mission des milieux,attaque,254,258,645237757,49.248878479003906,-28.45801544189453,1057.18896484375,20.400314331054688,439,78.5876993166287,10,0.7215437293052673,91.45378875732422,1,0
Mission des milieux,défense,388,362,796471501,49.105159759521484,-28.320613861083984,1144.0677490234375,21.268386840820312,453,80.13245033112582,11,0.6854840517044067,91.16641235351562,1,1
Mission des milieux,attaque,388,362,796471501,48.976348876953125,-27.84519386291504,1184.35791015625,20.719165802001953,446,80.71748878923766,15,1.4501559734344482,91.09063720703125,2,1
Mission des milieux,défense,570,5786,1196878155,49.78562927246094,-27.276947021484375,524.1190795898438,19.42095375061035,532,82.89473684210526,25,2.4164645671844482,92.412841796875,0,1
Mission des milieux,attaque,570,5786,1196878155,50.10233688354492,-28.74239730834961,828.3447875976562,19.634740829467773,446,84.30493273542601,31,1.8250916004180908,92.13571166992188,2,0
Mission des milieux,défense,268,131,359906493,49.08091354370117,-29.15485382080078,832.6437377929688,20.779407501220703,583,82.3327615780446,2,0.20765073597431183,91.61390686035156,1,2
Mission des milieux,attaque,268,131,359906493,49.16263198852539,-28.13399887084961,1003.6019897460938,20.608203887939453,420,77.14285714285714,16,0.8472331762313843,91.86758422851562,1,3
Mission des milieux,défense,86,2922,1617046705,49.6120491027832,-26.84490966796875,448.7181701660156,20.601593017578125,1059,93.29556185080264,21,3.0257279872894287,91.30056762695312,2,2
Mission des milieux,attaque,86,2922,1617046705,49.77788162231445,-28.0153751373291,691.0783081054688,20.160707473754883,414,84.05797101449275,28,4.050539016723633,92.70146942138672,7,3
Mission des milieux,défense,393,362,1827753950,49.012901306152344,-28.907564163208008,1076.8841552734375,21.267723083496094,454,77.09251101321586,3,0.2752018868923187,91.54876708984375,1,0
Mission des milieux,attaque,393,362,1827753950,48.9694709777832,-28.202198028564453,901.7268676757812,20.852956771850586,416,77.64423076923077,11,0.953306257724762,92.42829132080078,5,3
Mission des milieux,défense,562,7640,2113437503,49.488494873046875,-29.46535873413086,973.5093383789062,20.538711547851562,553,82.82097649186257,6,0.565954864025116,91.5672378540039,0,0
Mission des milieux,attaque,562,7640,2113437503,49.05774688720703,-29.312475204467773,1131.4708251953125,20.851797103881836,492,80.08130081300813,8,0.4588577151298523,90.77609252929688,3,2
Mission des milieux,défense,3696,3822,1501688522,49.40863800048828,-29.376911163330078,935.9185180664062,20.56110191345215,496,81.45161290322581,6,0.3952426314353943,91.66671752929688,0,0
Mission des milieux,attaque,3696,3822,1501688522,49.32231140136719,-27.041461944580078,932.4193725585938,20.431488037109375,416,78.125,9,0.6896113157272339,91.78784942626953,0,0
Mission des milieux,défense,18794,21846,1477521204,49.048763275146484,-26.258501052856445,994.4042358398438,21.125350952148438,500,78.4,4,0.4189411997795105,90.69876098632812,0,1
Mission des milieux,attaque,18794,21846,1477521204,49.119014739990234,-27.06869888305664,895.9282836914062,20.07902717590332,461,76.35574837310195,13,1.3083332777023315,91.19520568847656,0,0
Mission des milieux,défense,382,349,48190158,49.94578170776367,-26.194520950317383,588.4033813476562,21.309062957763672,474,80.37974683544304,22,2.065042018890381,92.36042022705078,3,3
Mission des milieux,attaque,382,349,48190158,49.83768844604492,-26.52385711669922,520.6199340820312,21.182554244995117,385,78.96103896103897,29,2.6822166442871094,93.12129211425781,4,2
Mission des milieux,défense,368,359,628641533,48.853485107421875,-28.03734016418457,913.7239379882812,20.8490047454834,480,80.83333333333333,2,0.2104576826095581,91.50524139404297,0,1
Mission des milieux,attaque,368,359,628641533,48.963016510009766,-28.10374641418457,1055.389404296875,20.771963119506836,376,80.85106382978724,15,1.1036163568496704,92.21273803710938,2,3
Mission des milieux,défense,83,93,1988519473,50.182159423828125,-24.369829177856445,506.82171630859375,20.69297218322754,456,79.60526315789474,18,1.27693510055542,92.98040771484375,0,1
Mission des milieux,attaque,83,93,1988519473,50.086055755615234,-26.029970169067383,573.5070190429688,20.519922256469727,469,80.17057569296375,29,3.051879644393921,92.55183410644531,4,0
Mission des milieux,défense,570,559,2138614433,49.802093505859375,-26.544158935546875,586.4038696289062,20.625,497,78.87323943661971,9,0.648262083530426,92.55665588378906,3,0
Mission des milieux,attaque,570,559,2138614433,49.82748794555664,-28.760025024414062,718.1716918945312,21.418102264404297,402,76.11940298507463,17,1.60810387134552,92.78372955322266,3,1
Mission des milieux,défense,388,393,1490379973,49.45526885986328,-28.842750549316406,855.7380981445312,19.73630714416504,614,84.69055374592834,5,0.4968922734260559,91.39653778076172,0,2
Mission des milieux,attaque,388,393,1490379973,48.60395050048828,-28.811798095703125,1223.4483642578125,21.253177642822266,399,73.6842105263158,11,1.3699471950531006,91.00544738769531,2,2
Mission des milieux,défense,1382,4411,683759645,49.908973693847656,-28.39785385131836,841.9414672851562,19.92125129699707,646,85.60371517027863,10,0.6822972893714905,90.89656829833984,0,0
Mission des milieux,attaque,1382,4411,683759645,49.30513381958008,-28.635515213012695,1319.125,20.753217697143555,398,77.8894472361809,14,1.1535297632217407,91.39095306396484,2,1
Mission des milieux,défense,83,86,385065937,49.691017150878906,-27.612197875976562,760.3613891601562,20.701810836791992,535,82.42990654205607,10,0.6486803889274597,91.64057159423828,1,1
Mission des milieux,attaque,83,86,385065937,49.332340240478516,-28.929946899414062,901.9268188476562,20.264188766479492,396,82.07070707070707,17,2.312638282775879,92.29859161376953,2,2
Mission des milieux,défense,170,2502,1366447162,49.846622467041016,-26.703622817993164,689.3787231445312,19.454866409301758,546,83.33333333333333,7,0.9805567264556885,92.38973999023438,4,1
Mission des milieux,attaque,170,2502,1366447162,49.2789421081543,-27.122465133666992,747.0646362304688,20.243085861206055,383,79.63446475195822,12,1.2773561477661133,92.59496307373047,1,1
Mission des milieux,défense,99,96,1220134124,49.64180374145508,-28.356168746948242,909.1250610351562,19.90038299560547,540,82.96296296296296,4,0.10866934806108475,91.626708984375,0,0
Mission des milieux,attaque,99,96,1220134124,49.012691497802734,-28.33474349975586,1176.759765625,21.17640495300293,445,80.4494382022472,20,2.2691779136657715,90.66090393066406,4,1
Mission des milieux,défense,97,85,1335149631,49.71360778808594,-26.831125259399414,884.2311401367188,20.11235237121582,539,84.41558441558442,9,0.6128959655761719,91.2622299194336,1,2
Mission des milieux,attaque,97,85,1335149631,49.523902893066406,-27.764400482177734,692.4779663085938,21.21662712097168,409,83.61858190709046,17,1.1060307025909424,93.15682220458984,2,6
Mission des milieux,défense,21607,2994,1257437083,48.938133239746094,-28.785600662231445,1222.74853515625,20.388809204101562,543,80.84714548802947,5,0.39904677867889404,90.70677947998047,0,0
Mission des milieux,attaque,21607,2994,1257437083,48.96548843383789,-27.882226943969727,1286.73291015625,20.640188217163086,386,78.49740932642487,18,2.8409297466278076,91.10176086425781,2,0
Mission des milieux,défense,153,152,750203086,49.84245300292969,-27.25483512878418,839.8419799804688,20.32789421081543,399,83.20802005012531,33,1.8242565393447876,92.43859100341797,4,0
Mission des milieux,attaque,153,152,750203086,49.17559051513672,-26.48574447631836,808.4496459960938,20.16224479675293,432,76.85185185185185,23,1.4378716945648193,91.89705657958984,4,1
Mission des milieux,défense,147,140,2134306667,49.9569091796875,-26.07750701904297,687.0792846679688,20.70762825012207,515,86.01941747572816,27,2.404205322265625,92.5151138305664,4,0
Mission des milieux,attaque,147,140,2134306667,49.38124084472656,-28.832477569580078,797.7522583007812,20.28989028930664,422,81.99052132701422,26,1.896323561668396,92.57161712646484,6,1
Mission des milieux,défense,254,256,764807854,48.900089263916016,-29.11822509765625,1009.1006469726562,20.618642807006836,499,78.75751503006012,6,0.5157350897789001,91.45724487304688,0,2
Mission des milieux,attaque,254,256,764807854,48.67133712768555,-29.245647430419922,1041.5927734375,20.011911392211914,358,79.60893854748603,7,1.2351741790771484,90.32804107666016,1,1
Mission des milieux,défense,789,7914,670436716,49.66659164428711,-27.220388412475586,618.8959350585938,20.28717803955078,524,85.30534351145039,22,1.60780668258667,92.36199951171875,3,0
Mission des milieux,attaque,789,7914,670436716,49.80550765991211,-26.138307571411133,774.1580200195312,21.414308547973633,430,78.13953488372093,27,2.2958502769470215,91.84800720214844,2,0
Mission des milieux,défense,132334,995,1013966036,48.96534729003906,-26.74033546447754,937.5181274414062,20.659374237060547,573,82.37347294938918,4,0.40727031230926514,90.62923431396484,1,3
Mission des milieux,attaque,132334,995,1013966036,49.16735076904297,-25.63283348083496,966.4110717773438,21.251535415649414,393,73.02798982188295,7,0.45673495531082153,91.54867553710938,0,2
Mission des milieux,défense,131,10388,1718824160,50.27141189575195,-23.757844924926758,451.3183288574219,20.668338775634766,441,76.19047619047619,18,2.192812442779541,93.14542388916016,2,3
Mission des milieux,attaque,131,10388,1718824160,49.94107437133789,-25.660158157348633,544.8140258789062,20.2647705078125,495,80.8080808080808,22,1.7197575569152832,92.15068054199219,4,0
Mission des milieux,défense,104,115,1709944646,50.158233642578125,-27.545434951782227,590.6028442382812,20.67238426208496,450,79.33333333333333,12,1.2518222332000732,92.90721893310547,2,0
Mission des milieux,attaque,104,115,1709944646,50.204925537109375,-25.736385345458984,561.9098510742188,19.84503173828125,418,80.38277511961722,35,3.2072243690490723,93.34075164794922,7,1
Mission des milieux,défense,2250,1929,726787874,49.874000549316406,-26.56719398498535,661.6854858398438,20.014249801635742,417,82.01438848920863,33,3.9616029262542725,92.2695083618164,5,1
Mission des milieux,attaque,2250,1929,726787874,48.080665588378906,-26.88429069519043,772.8583374023438,20.929311752319336,336,76.48809523809524,28,1.9381687641143799,92.87199401855469,3,1
Mission des milieux,défense,105,239,94993703,49.70529556274414,-28.68083953857422,614.5969848632812,19.81576919555664,574,83.97212543554006,7,1.2201889753341675,91.9871826171875,2,1
Mission des milieux,attaque,105,239,94993703,49.42616653442383,-29.47232437133789,1097.97900390625,20.536441802978516,458,82.31441048034935,21,1.7816977500915527,90.9623794555664,3,1
Mission des milieux,défense,156,3735,1849727770,49.54580307006836,-26.96831703186035,802.8510131835938,20.381309509277344,576,82.29166666666667,7,1.387886643409729,91.27843475341797,2,2
Mission des milieux,attaque,156,3735,1849727770,49.35440444946289,-27.891206741333008,1058.188720703125,20.935935974121094,482,76.97095435684648,16,1.1152045726776123,90.828369140625,2,0
Mission des milieux,défense,268,7911,1384120890,49.281898498535156,-28.355152130126953,1039.193359375,20.93086051940918,486,80.8641975308642,4,0.18741565942764282,91.46115112304688,1,3
Mission des milieux,attaque,268,7911,1384120890,49.508445739746094,-27.998065948486328,705.3748168945312,20.6246395111084,390,77.94871794871794,11,1.8619754314422607,93.27610778808594,2,1
Mission des milieux,défense,4057,110,1142969686,48.78785705566406,-29.677888870239258,990.7051391601562,19.617355346679688,530,85.84905660377359,2,0.05509012192487717,91.84205627441406,0,3
Mission des milieux,attaque,4057,110,1142969686,48.669246673583984,-30.575489044189453,1095.0797119140625,20.446773529052734,411,81.50851581508516,14,1.0339423418045044,91.79132080078125,0,0
Mission des milieux,défense,3307,3841,1888802919,49.404056549072266,-28.498640060424805,987.8058471679688,20.567373275756836,566,83.39222614840989,9,0.9036155939102173,91.30389404296875,2,1
Mission des milieux,attaque,3307,3841,1888802919,49.10588455200195,-26.36225700378418,1135.769775390625,20.437490463256836,401,77.0573566084788,18,2.215426445007324,91.26332092285156,0,1
Mission des milieux,défense,127,125,1471360990,49.63404846191406,-28.96718978881836,743.0656127929688,19.83426284790039,502,85.0597609561753,4,0.1641945242881775,92.06108856201172,0,0
Mission des milieux,attaque,127,125,1471360990,49.15911865234375,-28.884490966796875,1004.0018920898438,20.808013916015625,406,74.63054187192118,8,0.9444127678871155,91.9653091430664,0,0
Mission des milieux,défense,996,9078,2102824771,48.66631317138672,-30.17416763305664,1363.4141845703125,21.014684677124023,347,78.09798270893371,14,1.358109951019287,91.52310943603516,3,3
Mission des milieux,attaque,996,9078,2102824771,48.995872497558594,-29.266128540039062,1161.6634521484375,20.578086853027344,417,77.21822541966426,10,0.8469808101654053,91.24688720703125,1,1
Mission des milieux,défense,127,3841,334167837,49.369571685791016,-28.960912704467773,1072.185302734375,20.278953552246094,549,84.3351548269581,7,0.5045363306999207,90.5448226928711,0,0
Mission des milieux,attaque,127,3841,334167837,49.15292739868164,-29.1014461517334,1074.984619140625,21.168153762817383,418,78.70813397129187,18,1.3100597858428955,90.9943618774414,0,1
Mission des milieux,défense,359,367,1036349728,49.988040924072266,-26.501558303833008,591.2026977539062,20.202863693237305,499,83.76753507014028,7,0.6638001799583435,92.47486877441406,0,1
Mission des milieux,attaque,359,367,1036349728,49.60495376586914,-27.578914642333984,726.4696655273438,20.585208892822266,433,81.06235565819861,14,1.3642758131027222,92.58274841308594,4,3
Mission des milieux,défense,996,997,948048695,48.35086441040039,-30.3846378326416,1198.6544189453125,20.57173728942871,409,76.77261613691931,8,0.9780133962631226,91.4675064086914,0,6
Mission des milieux,attaque,996,997,948048695,48.621482849121094,-29.45400047302246,1135.4698486328125,20.344026565551758,375,77.06666666666666,13,1.841776967048645,91.70084381103516,3,6
Mission des milieux,défense,9078,1895,506792090,48.8676872253418,-29.676740646362305,1165.16259765625,20.256881713867188,454,80.83700440528635,4,0.14761251211166382,91.97054290771484,1,3
Mission des milieux,attaque,9078,1895,506792090,48.579830169677734,-29.237947463989258,1147.966796875,20.961498260498047,415,77.34939759036145,5,0.32212311029434204,91.36896514892578,0,2
Mission des milieux,défense,7868,6997,603445893,49.34107971191406,-27.85478973388672,914.2238159179688,20.852783203125,495,82.82828282828282,5,0.16326956450939178,91.91995239257812,1,2
Mission des milieux,attaque,7868,6997,603445893,49.472137451171875,-28.450807571411133,792.8534545898438,20.67546272277832,485,80.61855670103093,12,0.7987689971923828,92.36626434326172,1,1
Mission des milieux,défense,13294,2790,211620115,49.287776947021484,-29.253772735595703,1018.7982788085938,19.37618637084961,580,85,4,0.351859450340271,91.39450073242188,0,1
Mission des milieux,attaque,13294,2790,211620115,48.8658332824707,-29.055227279663086,1203.753173828125,20.058887481689453,475,82.10526315789474,6,0.6428034901618958,90.76498413085938,2,0
Mission des milieux,défense,432,20070,1780414719,49.60832214355469,-27.61237144470215,684.8798217773438,19.94309425354004,453,83.00220750551877,20,1.0795338153839111,92.21578216552734,0,3
Mission des milieux,attaque,432,20070,1780414719,49.55937576293945,-27.155431747436523,614.5969848632812,19.311525344848633,426,83.33333333333333,26,1.846452236175537,92.6951675415039,3,2
Mission des milieux,défense,2726,145,937223518,48.657623291015625,-28.810182571411133,1196.2550048828125,21.66352653503418,371,76.54986522911051,15,1.0733591318130493,91.22074890136719,3,3
Mission des milieux,attaque,2726,145,937223518,49.11851119995117,-28.117977142333984,1211.0513916015625,20.674346923828125,393,78.88040712468194,16,1.2812843322753906,91.29813385009766,2,2
Mission des milieux,défense,6907,13294,776916771,49.553348541259766,-27.98927879333496,663.8849487304688,20.123504638671875,849,87.39693757361601,5,0.2537248134613037,91.2178726196289,0,0
Mission des milieux,attaque,6907,13294,776916771,49.28341293334961,-27.73769760131836,1326.3232421875,21.154111862182617,384,78.90625,13,1.4702686071395874,91.22917938232422,5,0
Mission des milieux,défense,21846,4411,883719064,49.6070671081543,-28.178693771362305,1029.795654296875,19.691280364990234,618,85.92233009708738,5,0.32535675168037415,90.4714584350586,1,0
Mission des milieux,attaque,21846,4411,883719064,48.07154083251953,-27.601343154907227,947.1157836914062,21.068944931030273,428,80.14018691588785,24,2.1809279918670654,92.23776245117188,4,0
Mission des milieux,défense,331,382,1763330361,49.05784225463867,-29.32025909423828,909.8248901367188,20.26997947692871,533,80.86303939962477,1,0.1755078136920929,91.39035034179688,0,4
Mission des milieux,attaque,331,382,1763330361,48.87471389770508,-26.581445693969727,816.1477661132812,20.00946807861328,447,81.4317673378076,8,1.4081099033355713,91.98748016357422,3,4
Mission des milieux,défense,7911,131,1097703492,49.24755096435547,-27.596281051635742,677.8815307617188,21.377763748168945,491,81.05906313645622,11,1.0612914562225342,92.45822143554688,3,4
Mission des milieux,attaque,7911,131,1097703492,49.018463134765625,-27.739208221435547,891.3294067382812,20.681812286376953,461,81.77874186550976,10,0.913695216178894,91.41474914550781,0,3
Mission des milieux,défense,266,258,20376260,49.14580535888672,-29.959230422973633,840.6417846679688,20.57488441467285,519,82.85163776493256,3,0.32185491919517517,91.58354949951172,0,0
Mission des milieux,attaque,266,258,20376260,48.939186096191406,-29.41485595703125,852.6388549804688,20.12490463256836,437,79.86270022883295,13,0.7699110507965088,91.94880676269531,1,1
Mission des milieux,défense,104,111,1400887770,49.48763656616211,-27.719141006469727,839.0421752929688,20.791093826293945,463,80.12958963282938,9,1.1564533710479736,91.84085083007812,3,0
Mission des milieux,attaque,104,111,1400887770,49.6110725402832,-26.835935592651367,827.6449584960938,20.8361759185791,448,80.35714285714286,21,1.4448339939117432,92.03699493408203,0,0
Mission des milieux,défense,83,87,567345045,49.555179595947266,-26.599811553955078,605.2992553710938,20.44399642944336,446,82.73542600896862,29,3.368509531021118,92.64210510253906,3,0
Mission des milieux,attaque,83,87,567345045,49.35638427734375,-27.1311092376709,844.3408813476562,20.999725341796875,366,80.60109289617486,34,3.030237913131714,92.1960220336914,6,0
Mission des milieux,défense,132,3841,490794889,49.77235794067383,-27.228912353515625,591.9025268554688,19.681236267089844,505,83.96039603960396,15,2.130971908569336,92.63255310058594,7,1
Mission des milieux,attaque,132,3841,490794889,49.64219665527344,-27.294260025024414,743.3655395507812,20.363758087158203,402,83.08457711442786,31,3.1283316612243652,92.67672729492188,6,1
Mission des milieux,défense,21607,3472,380953897,49.332305908203125,-29.367448806762695,797.4523315429688,19.775949478149414,706,87.25212464589235,4,0.4348292946815491,91.10084533691406,1,2
Mission des milieux,attaque,21607,3472,380953897,49.46395492553711,-29.19243049621582,1074.78466796875,20.238576889038086,450,80.66666666666667,7,0.4508768320083618,91.48567199707031,1,1
Mission des milieux,défense,3611,3610,1575844887,49.9951057434082,-25.88437843322754,623.7947387695312,19.799379348754883,542,83.94833948339483,17,1.6958085298538208,92.10477447509766,4,0
Mission des milieux,attaque,3611,3610,1575844887,49.78607940673828,-27.032434463500977,822.1463012695312,20.326940536499023,422,81.51658767772511,23,2.4083287715911865,92.64746856689453,3,4
Mission des milieux,défense,357,364,2013425278,49.1572380065918,-29.631105422973633,918.1228637695312,20.527971267700195,479,82.4634655532359,4,0.42551013827323914,92.54632568359375,2,1
Mission des milieux,attaque,357,364,2013425278,48.79222869873047,-29.652111053466797,1231.6463623046875,20.240102767944336,351,78.63247863247864,11,1.455507755279541,91.8418197631836,2,2
Mission des milieux,défense,3735,140,13374071,49.63804244995117,-29.2790470123291,1166.76220703125,19.28043556213379,460,80.43478260869566,3,0.10590091347694397,91.27172088623047,0,0
Mission des milieux,attaque,3735,140,13374071,49.13359451293945,-27.42276954650879,1105.6771240234375,20.940317153930664,402,82.08955223880596,20,2.254063129425049,91.45539855957031,4,1
Mission des milieux,défense,388,366,352111753,49.468841552734375,-28.231304168701172,974.7090454101562,20.215106964111328,504,84.32539682539682,7,0.3057152330875397,91.34373474121094,2,0
Mission des milieux,attaque,388,366,352111753,49.143062591552734,-28.228286743164062,1228.6470947265625,20.9068660736084,392,80.10204081632654,20,2.5706112384796143,91.60826873779297,4,0
Mission des milieux,défense,175,6851,1049265140,49.125125885009766,-29.468273162841797,795.1528930664062,21.086421966552734,545,83.85321100917432,12,1.398555040359497,91.8471908569336,2,1
Mission des milieux,attaque,175,6851,1049265140,48.933555603027344,-27.90153694152832,926.6207885742188,20.55849266052246,504,77.77777777777777,10,0.48492300510406494,91.0256118774414,0,0
Mission des milieux,défense,3263,4007,186245157,49.379093170166016,-27.03050994873047,903.9263305664062,21.403520584106445,421,80.04750593824228,15,1.7108054161071777,91.82514953613281,2,0
Mission des milieux,attaque,3263,4007,186245157,49.01246643066406,-27.228525161743164,1034.2945556640625,21.939634323120117,376,78.19148936170212,26,1.9981082677841187,91.65473937988281,2,2
Mission des milieux,défense,3616,441,1120418230,49.43864440917969,-28.434633255004883,837.1426391601562,19.432336807250977,667,83.35832083958022,1,0.024929426610469818,91.12760925292969,1,1
Mission des milieux,attaque,3616,441,1120418230,48.83008575439453,-28.78204345703125,1198.554443359375,20.36370086669922,409,76.28361858190709,11,0.8373777270317078,91.39616394042969,2,1
Mission des milieux,défense,349,337,85596666,49.52207946777344,-28.21026611328125,972.0097045898438,20.645322799682617,418,81.10047846889952,17,1.0763639211654663,91.9967269897461,2,1
Mission des milieux,attaque,349,337,85596666,49.23871994018555,-27.34917640686035,767.3596801757812,20.8032169342041,388,79.38144329896907,19,2.4022061824798584,92.83695220947266,2,3
Mission des milieux,défense,366,368,1769244548,50.02988815307617,-27.447179794311523,607.7986450195312,19.525691986083984,482,80.91286307053942,7,0.48793482780456543,92.69833374023438,1,0
Mission des milieux,attaque,366,368,1769244548,49.76534652709961,-25.11661720275879,655.2870483398438,20.38408088684082,454,82.59911894273128,28,2.6871140003204346,92.26992797851562,5,1
Mission des milieux,défense,393,357,1313602615,49.63571548461914,-28.32459831237793,929.8200073242188,20.907262802124023,426,79.5774647887324,13,1.6184818744659424,92.30850219726562,4,1
Mission des milieux,attaque,393,357,1313602615,48.51765060424805,-29.902544021606445,1202.953369140625,20.84779930114746,408,78.18627450980392,16,2.284501314163208,91.50818634033203,7,1
Mission des milieux,défense,370,388,1463368591,49.21558380126953,-27.527395248413086,940.9172973632812,21.032991409301758,444,79.05405405405405,10,0.6077223420143127,91.43435668945312,2,1
Mission des milieux,attaque,370,388,1463368591,49.48142623901367,-26.521493911743164,689.2787475585938,20.930706024169922,416,79.32692307692308,25,3.1574416160583496,92.57337951660156,3,2
Mission des milieux,défense,1538,99,767019185,49.55364227294922,-28.289628982543945,908.8251342773438,21.2484188079834,522,79.88505747126437,6,0.4587513208389282,91.40836334228516,0,0
Mission des milieux,attaque,1538,99,767019185,49.55925750732422,-26.02634048461914,768.9592895507812,20.793956756591797,427,79.39110070257611,22,1.5563079118728638,92.31486511230469,3,0
Mission des milieux,défense,170,6997,871005224,49.74577713012695,-25.971925735473633,889.4298706054688,20.302230834960938,501,83.83233532934132,19,1.499904990196228,91.46951293945312,0,0
Mission des milieux,attaque,170,6997,871005224,49.405914306640625,-25.222728729248047,884.9309692382812,20.648868560791016,439,77.22095671981776,22,1.6709024906158447,91.93966674804688,3,1
Mission des milieux,défense,152,140,1014651230,49.308319091796875,-28.4328556060791,935.8185424804688,20.66335678100586,589,83.3616298811545,7,0.6510500907897949,90.91604614257812,2,0
Mission des milieux,attaque,152,140,1014651230,49.319583892822266,-29.03649139404297,1200.0540771484375,20.856489181518555,469,77.61194029850746,6,1.0274325609207153,88.99803161621094,3,0
Mission des milieux,défense,172,2697,1250740141,49.61733627319336,-27.946426391601562,898.3276977539062,19.850631713867188,563,83.65896980461812,11,0.6924688816070557,91.23994445800781,1,0
Mission des milieux,attaque,172,2697,1250740141,49.244564056396484,-28.19087028503418,937.4181518554688,20.690832138061523,387,76.4857881136951,18,1.6459012031555176,92.20894622802734,4,0
Mission des milieux,défense,142,147,2024776132,47.43815612792969,-28.82450294494629,1019.5980834960938,21.64755630493164,409,77.26161369193154,13,1.0528173446655273,92.05096435546875,3,2
Mission des milieux,attaque,142,147,2024776132,48.24653625488281,-30.275259017944336,996.4037475585938,20.175800323486328,306,80.71895424836602,17,2.3384616374969482,92.84080505371094,2,1
Mission des milieux,défense,559,3616,1464793213,49.729591369628906,-27.123567581176758,719.0714721679688,20.930463790893555,505,82.17821782178218,26,3.150733232498169,91.74445343017578,2,0
Mission des milieux,attaque,559,3616,1464793213,49.4586181640625,-26.984764099121094,902.5266723632812,21.58615493774414,382,76.43979057591623,27,2.5986430644989014,92.36752319335938,4,0
Mission des milieux,défense,306,361,674103857,49.01757049560547,-27.26343536376953,995.1040649414062,21.570377349853516,350,76.85714285714286,17,1.374714970588684,90.21585845947266,2,2
Mission des milieux,attaque,306,361,674103857,49.03569412231445,-29.26837730407715,1224.4481201171875,21.50715446472168,315,75.55555555555556,19,1.2234349250793457,91.80555725097656,1,1
Mission des milieux,défense,3822,21581,455992310,49.59593963623047,-27.57888412475586,821.6464233398438,20.06304931640625,523,82.02676864244742,6,0.6735429167747498,91.4125747680664,1,2
Mission des milieux,attaque,3822,21581,455992310,49.13673782348633,-28.29414939880371,1248.34228515625,20.65439796447754,423,79.66903073286052,12,1.6326895952224731,90.60455322265625,2,0
Mission des milieux,défense,3706,156,411967342,49.57769775390625,-26.96500587463379,706.5745239257812,20.136310577392578,484,85.12396694214875,17,0.9449232816696167,92.3846206665039,4,0
Mission des milieux,attaque,3706,156,411967342,49.531166076660156,-27.34531593322754,675.2821655273438,20.91988754272461,447,78.52348993288591,24,3.2996811866760254,92.54925537109375,5,0
Mission des milieux,défense,363,373,1100352984,49.90277862548828,-26.745405197143555,661.4855346679688,21.225872039794922,428,77.10280373831776,17,1.2878931760787964,92.57262420654297,1,0
Mission des milieux,attaque,363,373,1100352984,50.03870391845703,-25.777324676513672,638.7910766601562,21.539609909057617,399,76.44110275689223,22,2.6857516765594482,92.95820617675781,6,0
Mission des milieux,défense,2925,17530,1241640015,49.25641632080078,-27.76255989074707,860.7368774414062,19.807573318481445,574,87.10801393728222,7,0.41021737456321716,91.41365051269531,0,1
Mission des milieux,attaque,2925,17530,1241640015,49.182334899902344,-27.880985260009766,1069.785888671875,21.321645736694336,432,77.77777777777777,8,0.4891011714935303,91.33915710449219,1,0
Mission des milieux,défense,436,995,330066000,50.36444091796875,-21.76527214050293,356.7125549316406,22.250364303588867,397,71.78841309823677,28,2.6422665119171143,94.163818359375,1,0
Mission des milieux,attaque,436,995,330066000,50.04728317260742,-23.213838577270508,508.9218444824219,20.94135093688965,421,80.28503562945369,32,1.9673657417297363,92.91326141357422,5,1
Mission des milieux,défense,368,388,950415411,49.95162582397461,-27.21860122680664,660.4857788085938,21.058868408203125,502,84.4621513944223,12,1.10818350315094,92.2414779663086,2,1
Mission des milieux,attaque,368,388,950415411,49.7018928527832,-25.569612503051758,630.0932006835938,21.271839141845703,448,74.55357142857143,19,1.1964590549468994,92.34761047363281,1,1
Mission des milieux,défense,145,147,1914605551,49.2719841003418,-28.705657958984375,1095.4796142578125,21.08083724975586,436,80.5045871559633,9,0.5147575736045837,91.69916534423828,0,1
Mission des milieux,attaque,145,147,1914605551,48.57609176635742,-29.27082061767578,1216.949951171875,19.981372833251953,376,79.7872340425532,12,1.0737929344177246,91.49764251708984,0,3
Mission des milieux,défense,176,174,1842724251,49.740577697753906,-26.888349533081055,632.3926391601562,20.270126342773438,541,83.17929759704252,10,1.481874704360962,92.0660400390625,3,1
Mission des milieux,attaque,176,174,1842724251,49.48571014404297,-26.92843246459961,792.1536254882812,20.706016540527344,415,77.10843373493977,23,2.6663310527801514,92.10233306884766,6,0
Mission des milieux,défense,239,4007,625984714,49.24856185913086,-28.1416015625,1066.986572265625,20.663192749023438,363,77.41046831955923,11,0.9585113525390625,91.88076782226562,2,3
Mission des milieux,attaque,239,4007,625984714,48.68161392211914,-28.545352935791016,1151.4659423828125,20.906755447387695,357,76.19047619047619,19,1.4529011249542236,91.53933715820312,2,0
Mission des milieux,défense,258,264,1637070181,49.61452102661133,-26.62065887451172,614.2970581054688,20.379974365234375,480,79.375,13,1.0592385530471802,92.18891906738281,1,3
Mission des milieux,attaque,258,264,1637070181,49.736961364746094,-26.89537811279297,625.5942993164062,20.186277389526367,470,77.65957446808511,19,3.0289502143859863,92.39543151855469,3,1
Mission des milieux,défense,4405,13294,1060016884,49.21797561645508,-29.912120819091797,1054.2896728515625,20.036773681640625,502,83.06772908366534,4,0.31930065155029297,91.57730102539062,0,0
Mission des milieux,attaque,4405,13294,1060016884,49.641380310058594,-27.92681121826172,1053.2899169921875,20.213945388793945,459,80.3921568627451,11,1.0592583417892456,91.42243194580078,2,1
Mission des milieux,défense,134,2950,57829408,48.68327713012695,-29.802452087402344,1163.2630615234375,21.37264633178711,349,75.35816618911174,7,0.7044493556022644,91.51700592041016,2,2
Mission des milieux,attaque,134,2950,57829408,48.77423095703125,-28.168045043945312,850.2394409179688,20.671388626098633,416,77.40384615384616,16,1.8416112661361694,91.84626007080078,5,1
Mission des milieux,défense,373,384,506153595,49.48896026611328,-29.89887809753418,915.9234008789062,20.0546932220459,601,87.52079866888519,4,0.2722148895263672,91.35795593261719,2,2
Mission des milieux,attaque,373,384,506153595,48.74247741699219,-27.829952239990234,858.2374877929688,20.44900894165039,399,81.70426065162907,17,1.787771463394165,92.65079498291016,0,5
Mission des milieux,défense,90,1538,1336815701,49.40437698364258,-27.32761573791504,975.2089233398438,21.369400024414062,402,78.60696517412936,19,2.1100432872772217,91.53809356689453,3,1
Mission des milieux,attaque,90,1538,1336815701,49.18997573852539,-28.471040725708008,1276.6353759765625,21.782617568969727,378,77.77777777777777,28,2.145759105682373,91.50601196289062,4,0
Mission des milieux,défense,7640,11551,580634010,49.619720458984375,-27.412952423095703,945.1162719726562,19.904254913330078,605,85.6198347107438,5,0.5354440808296204,91.11663818359375,2,0
Mission des milieux,attaque,7640,11551,580634010,49.200382232666016,-27.71581268310547,1126.172119140625,20.830453872680664,403,77.91563275434243,21,1.5811355113983154,91.79317474365234,5,1
Mission des milieux,défense,172,174,810178100,49.479007720947266,-26.275283813476562,668.1838989257812,19.72087860107422,521,84.06909788867563,14,1.0496307611465454,91.91651916503906,2,2
Mission des milieux,attaque,172,174,810178100,49.35578155517578,-27.044109344482422,728.5691528320312,20.221715927124023,470,82.76595744680851,18,2.1983697414398193,92.11190795898438,3,3
Mission des milieux,défense,4691,22269,1189255965,49.3008918762207,-26.113800048828125,778.5569458007812,20.439353942871094,510,80.98039215686275,15,1.612143635749817,91.25098419189453,2,0
Mission des milieux,attaque,4691,22269,1189255965,49.31523132324219,-28.1675968170166,1023.5971069335938,20.83648681640625,358,75.41899441340782,11,0.76264888048172,91.80723571777344,2,1
Mission des milieux,défense,99,2922,1358150438,49.617916107177734,-29.003488540649414,1026.8963623046875,19.375782012939453,630,84.60317460317461,1,0.01897868514060974,88.76131439208984,0,0
Mission des milieux,attaque,99,2922,1358150438,48.98949432373047,-28.727964401245117,1125.572265625,20.77610206604004,393,76.59033078880407,15,1.952211618423462,89.88308715820312,3,1
Mission des milieux,défense,111,113,884255354,49.58362579345703,-27.313385009765625,791.1538696289062,22.1306209564209,408,78.18627450980392,28,3.42165207862854,92.6919174194336,4,0
Mission des milieux,attaque,111,113,884255354,48.89244079589844,-27.038898468017578,926.9207153320312,21.79239273071289,409,74.81662591687042,33,2.470337390899658,91.57019805908203,0,1
Mission des milieux,défense,133,268,612132171,49.61073684692383,-27.964370727539062,732.9680786132812,19.832439422607422,484,79.13223140495867,2,0.13822899758815765,92.1983413696289,0,6
Mission des milieux,attaque,133,268,612132171,49.33830642700195,-26.388015747070312,821.3464965820312,20.227455139160156,457,81.83807439824945,15,1.2054177522659302,91.64960479736328,3,3
Mission des milieux,défense,267,263,322750925,49.314735412597656,-29.243003845214844,1374.71142578125,20.33060646057129,454,80.83700440528635,6,1.2968686819076538,90.93208312988281,1,1
Mission des milieux,attaque,267,263,322750925,48.64760971069336,-28.384733200073242,1222.548583984375,20.55952262878418,342,77.48538011695906,19,2.0747900009155273,91.6734848022461,3,0
Mission des milieux,défense,22269,5786,2139222572,49.27251434326172,-29.326356887817383,819.6469116210938,19.918062210083008,876,89.38356164383562,3,0.34785735607147217,90.6884536743164,2,0
Mission des milieux,attaque,22269,5786,2139222572,49.35934829711914,-27.389240264892578,943.4166870117188,20.346891403198242,508,79.5275590551181,16,1.1482750177383423,91.42005920410156,1,0
Mission des milieux,défense,170,174,466818611,49.369598388671875,-29.401599884033203,834.9431762695312,19.775650024414062,458,82.09606986899563,6,0.3820570409297943,92.50852966308594,3,2
Mission des milieux,attaque,170,174,466818611,49.191890716552734,-25.927846908569336,800.5515747070312,20.22141456604004,432,80.78703703703704,15,1.321740746498108,91.93024444580078,4,5
Mission des milieux,défense,384,367,2006222649,49.4861946105957,-28.131982803344727,649.3884887695312,20.22640609741211,517,83.36557059961315,7,0.2864629328250885,92.15795135498047,4,1
Mission des milieux,attaque,384,367,2006222649,49.33216857910156,-26.988317489624023,787.0548706054688,20.20962142944336,376,82.18085106382979,20,1.3447468280792236,92.72933197021484,3,2
Mission des milieux,défense,85,1538,1581366703,49.598594665527344,-28.091873168945312,630.1931762695312,20.823740005493164,428,79.90654205607477,20,2.1091723442077637,92.90109252929688,4,0
Mission des milieux,attaque,85,1538,1581366703,49.08980941772461,-28.616291046142578,769.3591918945312,20.73103904724121,424,78.77358490566037,24,2.761942148208618,92.1738052368164,4,0
Mission des milieux,défense,89,93,1024494580,48.89753341674805,-28.223812103271484,846.8402709960938,20.307167053222656,520,84.61538461538461,6,0.3700697124004364,91.51325988769531,0,2
Mission des milieux,attaque,89,93,1024494580,48.967063903808594,-28.23294448852539,765.5601196289062,20.473674774169922,427,83.60655737704919,13,1.5915510654449463,92.66295623779297,1,2
Mission des milieux,défense,3611,7879,1465685371,49.67436599731445,-27.819257736206055,838.1423950195312,20.604524612426758,567,83.24514991181658,7,0.5074072480201721,91.27682495117188,2,2
Mission des milieux,attaque,3611,7879,1465685371,49.71464920043945,-27.005630493164062,753.4630737304688,20.924514770507812,450,80,26,3.8841779232025146,92.48133087158203,5,1
Mission des milieux,défense,1382,2790,1615964618,49.51316452026367,-27.904510498046875,864.5359497070312,20.17101287841797,595,85.88235294117646,6,0.30009105801582336,91.322998046875,2,0
Mission des milieux,attaque,1382,2790,1615964618,49.666656494140625,-28.15861701965332,1197.4547119140625,20.23297882080078,369,78.04878048780488,7,0.6418167352676392,92.32890319824219,1,3
Mission des milieux,défense,85,244,1139745998,48.783668518066406,-29.704143524169922,1124.6724853515625,21.737768173217773,403,77.91563275434243,10,0.8261652588844299,91.50203704833984,1,1
Mission des milieux,attaque,85,244,1139745998,48.97447967529297,-27.91480255126953,1006.3013305664062,20.821849822998047,386,80.31088082901555,25,2.6960558891296387,91.76480865478516,2,1
Mission des milieux,défense,263,250,2087460833,50.1769905090332,-26.372262954711914,640.0907592773438,20.95899772644043,511,78.6692759295499,12,0.8428686261177063,92.2247543334961,1,1
Mission des milieux,attaque,263,250,2087460833,49.73933029174805,-26.426103591918945,758.7617797851562,20.996028900146484,433,77.59815242494226,13,1.4151142835617065,92.15644836425781,0,2
Mission des milieux,défense,3472,3696,336812851,49.377220153808594,-27.833297729492188,741.3660278320312,20.139257431030273,623,85.3932584269663,6,0.4646960496902466,91.60549926757812,0,1
Mission des milieux,attaque,3472,3696,336812851,49.559471130371094,-28.728376388549805,1067.8863525390625,20.544742584228516,505,82.97029702970298,9,1.565159559249878,90.6847152709961,1,0
Mission des milieux,défense,13294,21540,487868817,49.46514892578125,-27.43306541442871,845.8405151367188,18.966421127319336,625,82.4,7,0.5520350337028503,91.36781311035156,1,0
Mission des milieux,attaque,13294,21540,487868817,49.37199783325195,-26.59979248046875,1048.6910400390625,20.775157928466797,442,76.92307692307692,18,2.218762159347534,91.4881820678711,4,0
Mission des milieux,défense,570,936,308785032,49.794456481933594,-25.93303680419922,549.0130004882812,20.46403694152832,672,87.64880952380952,21,2.039797306060791,92.01602935791016,2,1
Mission des milieux,attaque,570,936,308785032,49.62002182006836,-27.478483200073242,893.5288696289062,19.656051635742188,432,83.56481481481481,24,2.5952513217926025,91.94076538085938,6,0
Mission des milieux,défense,243,94,1913070780,49.31366729736328,-28.29209327697754,874.2335815429688,20.041479110717773,486,82.51028806584362,8,1.1867434978485107,91.7369613647461,3,2
Mission des milieux,attaque,243,94,1913070780,48.973777770996094,-29.276639938354492,1119.4737548828125,19.878358840942383,424,80.66037735849056,16,1.031335473060608,91.25857543945312,3,2
Mission des milieux,défense,382,357,1412098517,49.606040954589844,-28.74748992919922,680.0809936523438,20.509613037109375,411,79.31873479318735,18,2.239929437637329,91.09024047851562,4,2
Mission des milieux,attaque,382,357,1412098517,48.7862663269043,-27.71221351623535,919.7224731445312,21.155527114868164,382,77.74869109947645,17,2.15405535697937,91.95516204833984,3,4
Mission des milieux,défense,21581,437,2133107748,48.7985725402832,-30.0858211517334,904.6261596679688,20.48056411743164,549,81.78506375227687,1,0.14886711537837982,91.57386016845703,0,1
Mission des milieux,attaque,21581,437,2133107748,48.37663650512695,-29.43895149230957,1020.9977416992188,20.418424606323242,416,81.00961538461539,12,1.8555277585983276,91.89883422851562,2,2
Mission des milieux,défense,257,262,1110783560,49.63053512573242,-27.872276306152344,772.4584350585938,20.020925521850586,687,88.79184861717613,10,0.7611545324325562,91.27892303466797,1,0
Mission des milieux,attaque,257,262,1110783560,49.22526931762695,-28.631101608276367,1197.5546875,21.018970489501953,434,79.95391705069125,24,2.3323421478271484,90.949951171875,3,0
Mission des milieux,défense,3759,6907,1682151650,49.406944274902344,-27.617090225219727,979.5078735351562,20.24885368347168,505,82.37623762376238,2,0.172402024269104,91.01876068115234,0,2
Mission des milieux,attaque,3759,6907,1682151650,49.178157806396484,-27.75678825378418,1033.794677734375,20.598596572875977,511,79.2563600782779,5,0.7770964503288269,89.30785369873047,1,0
Mission des milieux,défense,21607,5309,302470383,49.65715789794922,-27.771156311035156,1085.781982421875,19.677690505981445,612,84.640522875817,8,0.7026698589324951,90.86670684814453,2,0
Mission des milieux,attaque,21607,5309,302470383,49.341148376464844,-28.060741424560547,1273.4361572265625,20.72744369506836,409,81.66259168704157,17,1.4125202894210815,91.25807189941406,2,0
Mission des milieux,défense,2572,112,1664014101,49.53030014038086,-26.649682998657227,912.2243041992188,20.085851669311523,409,82.88508557457213,15,1.14653480052948,91.90035247802734,2,3
Mission des milieux,attaque,2572,112,1664014101,49.305206298828125,-28.334474563598633,779.6566772460938,20.707622528076172,441,80.49886621315193,15,2.41260027885437,92.56511688232422,2,2
Mission des milieux,défense,118,2925,364679294,49.43046951293945,-29.243545532226562,872.6339721679688,20.155288696289062,504,83.92857142857143,9,0.6694557070732117,91.64161682128906,1,1
Mission des milieux,attaque,118,2925,364679294,49.16273498535156,-28.57235336303711,1269.737060546875,20.833810806274414,491,80.85539714867618,10,1.035741925239563,90.53236389160156,1,1
Mission des milieux,défense,87,1538,420943911,48.95713424682617,-28.086193084716797,1029.2957763671875,21.23133659362793,388,80.15463917525773,17,1.3244593143463135,91.67518615722656,4,1
Mission des milieux,attaque,87,1538,420943911,48.75360870361328,-28.655763626098633,1228.2471923828125,20.89815330505371,386,80.05181347150258,20,1.9139221906661987,91.16681671142578,2,1
Mission des milieux,défense,559,936,330630444,49.729740142822266,-27.43766975402832,704.2750854492188,20.262256622314453,510,84.31372549019608,18,1.297928810119629,91.80905151367188,4,0
Mission des milieux,attaque,559,936,330630444,49.55429458618164,-27.620708465576172,932.3193969726562,20.66275978088379,451,80.26607538802661,24,2.7687644958496094,91.4815673828125,7,0
Mission des milieux,défense,2250,3696,1887936958,48.3795051574707,-29.183860778808594,699.2763061523438,20.160642623901367,420,84.52380952380952,23,2.7650718688964844,92.72077941894531,7,2
Mission des milieux,attaque,2250,3696,1887936958,49.282470703125,-27.718782424926758,719.8712768554688,19.952226638793945,378,75.13227513227513,23,1.5630533695220947,92.2767562866211,0,1
Mission des milieux,défense,2950,125,1145763051,49.515174865722656,-25.95155143737793,963.0119018554688,21.677627563476562,442,79.18552036199095,6,0.5891298651695251,91.65245819091797,1,2
Mission des milieux,attaque,2950,125,1145763051,49.29886245727539,-28.3819522857666,886.8305053710938,21.694690704345703,386,78.23834196891191,12,0.8831345438957214,93.11943054199219,0,0
Mission des milieux,défense,9078,6870,922252038,49.356666564941406,-27.3927059173584,722.7705688476562,20.752910614013672,459,82.3529411764706,21,1.5417683124542236,92.27142333984375,5,1
Mission des milieux,attaque,9078,6870,922252038,49.365787506103516,-27.636316299438477,916.0233764648438,20.625329971313477,409,78.4841075794621,30,3.159322500228882,91.86334991455078,2,0
Mission des milieux,défense,359,357,1411799261,49.23655319213867,-26.70621109008789,784.0556030273438,20.919052124023438,466,76.18025751072962,21,1.7918701171875,92.11029815673828,0,2
Mission des milieux,attaque,359,357,1411799261,48.9931526184082,-28.083805084228516,789.5542602539062,20.920482635498047,474,78.48101265822785,19,1.521218180656433,91.63490295410156,1,1
Mission des milieux,défense,147,156,1700574325,49.60799789428711,-27.509021759033203,445.21795654296875,20.009061813354492,764,86.64921465968587,5,0.586199164390564,92.09201049804688,2,1
Mission des milieux,attaque,147,156,1700574325,49.995906829833984,-26.49123764038086,635.1919555664062,19.95198631286621,498,84.53815261044177,21,1.852023959159851,90.51788330078125,4,0
Mission des milieux,défense,3997,113,51613704,49.16699981689453,-28.336082458496094,1040.2930908203125,21.579730987548828,391,78.51662404092072,17,2.2122652530670166,92.0524673461914,2,2
Mission des milieux,attaque,3997,113,51613704,49.384212493896484,-29.000829696655273,1044.2921142578125,20.822650909423828,410,79.02439024390245,20,1.6990032196044922,91.85784912109375,3,2
Mission des milieux,défense,103,4057,702879240,50.0213737487793,-24.83564567565918,468.9194030761719,21.02798843383789,465,80.64516129032258,16,1.5373687744140625,92.74980163574219,3,2
Mission des milieux,attaque,103,4057,702879240,50.05042266845703,-25.18468475341797,492.5208435058594,20.017480850219727,439,79.72665148063781,35,3.2102646827697754,92.8996810913086,4,1
Mission des milieux,défense,170,174,1435546856,49.432228088378906,-27.998994827270508,681.5806274414062,19.20209503173828,554,86.64259927797833,2,0.14827628433704376,92.66939544677734,0,10
Mission des milieux,attaque,170,174,1435546856,49.13239288330078,-26.539039611816406,828.7446899414062,20.540437698364258,411,80.5352798053528,17,1.4934186935424805,92.41466522216797,1,4
Mission des milieux,défense,137,10388,1495203957,49.80083084106445,-26.122758865356445,670.8832397460938,20.72322654724121,484,78.71900826446281,10,0.9303531646728516,92.11235046386719,1,2
Mission des milieux,attaque,137,10388,1495203957,49.820472717285156,-27.470375061035156,542.2146606445312,20.47494125366211,459,73.63834422657952,13,1.5586974620819092,90.530029296875,2,0
Mission des milieux,défense,156,151,323811002,49.23673629760742,-27.4724063873291,869.2348022460938,21.079086303710938,475,77.89473684210526,12,0.7031219601631165,90.05684661865234,1,0
Mission des milieux,attaque,156,151,323811002,49.31911087036133,-26.59219741821289,874.6334838867188,20.472126007080078,413,78.20823244552058,17,1.2362924814224243,91.7511978149414,0,0
Mission des milieux,défense,118,3997,1667359241,49.57094955444336,-25.23847770690918,650.7881469726562,20.663381576538086,419,78.75894988066825,11,0.639991044998169,92.58085632324219,0,1
Mission des milieux,attaque,118,3997,1667359241,49.48643493652344,-26.905122756958008,854.8383178710938,20.3330135345459,400,78.25,19,1.5312316417694092,92.04386901855469,2,2
Mission des milieux,défense,995,7656,765467029,49.23841094970703,-27.488601684570312,864.3359985351562,20.775753021240234,469,78.03837953091684,16,1.472655177116394,91.30335235595703,3,0
Mission des milieux,attaque,995,7656,765467029,48.88166427612305,-28.8983211517334,995.2040405273438,21.277395248413086,364,80.76923076923077,27,5.485840797424316,92.0149917602539,7,2
Mission des milieux,défense,3699,21610,972949956,49.386871337890625,-28.347190856933594,1111.775634765625,20.1299991607666,523,82.79158699808795,6,0.4695228934288025,89.12613677978516,1,0
Mission des milieux,attaque,3699,21610,972949956,48.8607177734375,-27.175233840942383,889.0299682617188,21.365861892700195,399,76.69172932330827,18,1.7779457569122314,90.08080291748047,4,0
Mission des milieux,défense,87,89,497728889,49.2502326965332,-28.84613037109375,921.3220825195312,20.69977378845215,532,84.9624060150376,2,0.02699701115489006,91.33018493652344,0,1
Mission des milieux,attaque,87,89,497728889,48.901302337646484,-28.050479888916016,1108.8763427734375,20.31291389465332,408,79.65686274509804,14,1.3966506719589233,91.26575469970703,0,1
Mission des milieux,défense,151,152,2045654981,49.616329193115234,-28.454891204833984,971.9097290039062,19.42915153503418,493,82.55578093306288,6,0.3516938090324402,92.08663177490234,2,2
Mission des milieux,attaque,151,152,2045654981,49.67897033691406,-29.2736759185791,921.2221069335938,20.576576232910156,473,84.35517970401692,5,0.9958902597427368,91.82154846191406,3,1
Mission des milieux,défense,363,366,554673974,49.83464431762695,-28.053924560546875,862.2365112304688,19.96502685546875,593,84.65430016863407,7,0.37936413288116455,90.85948944091797,1,0
Mission des milieux,attaque,363,366,554673974,48.966796875,-27.992786407470703,888.5300903320312,21.472427368164062,454,78.8546255506608,22,2.3801729679107666,91.2236099243164,2,0
Mission des milieux,défense,104,3997,1784849258,50.18772888183594,-26.618194580078125,505.0216064453125,21.3487491607666,435,80.45977011494253,27,2.9828176498413086,93.42371368408203,4,1
Mission des milieux,attaque,104,3997,1784849258,49.85394287109375,-25.646604537963867,616.9963989257812,20.563377380371094,459,81.91721132897604,36,3.2683537006378174,92.51367950439453,4,0
Mission des milieux,défense,393,384,1950149415,49.74419021606445,-27.572994232177734,799.6517944335938,20.008852005004883,672,87.64880952380952,6,0.31200212240219116,91.15238189697266,2,0
Mission des milieux,attaque,393,384,1950149415,49.31156921386719,-29.021408081054688,1067.386474609375,21.637365341186523,427,80.32786885245902,19,1.472839593887329,92.31477355957031,2,0
Mission des milieux,défense,789,19267,1551413899,49.64664840698242,-28.87970733642578,737.9668579101562,19.90321159362793,746,86.46112600536193,9,0.6401638984680176,90.72404479980469,1,0
Mission des milieux,attaque,789,19267,1551413899,49.27873992919922,-27.632829666137695,960.2125854492188,20.888736724853516,422,78.67298578199052,31,2.4873738288879395,91.46672821044922,1,0
Mission des milieux,défense,85,102,1083776645,48.79033660888672,-28.97308921813965,1102.6778564453125,20.858722686767578,428,81.07476635514018,12,1.3203957080841064,91.1795883178711,2,3
Mission des milieux,attaque,85,102,1083776645,48.69617462158203,-30.120206832885742,1086.78173828125,21.147031784057617,392,78.8265306122449,9,1.4253970384597778,91.8507080078125,3,2
Mission des milieux,défense,6870,432,1803412708,48.01877212524414,-29.820261001586914,1247.342529296875,20.738536834716797,395,77.21518987341773,3,0.24311721324920654,91.83679962158203,3,6
Mission des milieux,attaque,6870,432,1803412708,47.948978424072266,-30.308134078979492,1630.3489990234375,20.340682983398438,344,74.70930232558139,3,0.2197243869304657,90.87478637695312,0,8
Mission des milieux,défense,94,87,1603673735,49.48717498779297,-27.303247451782227,871.6342163085938,19.62590789794922,589,84.88964346349745,12,0.720052182674408,91.42997741699219,3,2
Mission des milieux,attaque,94,87,1603673735,49.22439193725586,-28.853944778442383,1248.6422119140625,20.5384521484375,442,81.44796380090497,15,1.2128432989120483,90.89086151123047,2,1
Mission des milieux,défense,258,266,1241796862,49.45321273803711,-28.48297119140625,846.7402954101562,20.846073150634766,481,79.41787941787942,7,0.7817308902740479,91.92758178710938,0,0
Mission des milieux,attaque,258,266,1241796862,49.2546501159668,-27.35799789428711,753.6630249023438,21.091217041015625,389,76.60668380462725,15,1.3315232992172241,92.52053833007812,2,0
Mission des milieux,défense,113,3997,169762054,49.39029312133789,-28.709413528442383,833.2435913085938,20.569387435913086,553,79.74683544303798,2,0.3413222134113312,91.3768310546875,1,0
Mission des milieux,attaque,113,3997,169762054,49.37410354614258,-27.37396240234375,866.5354614257812,20.39417266845703,428,78.73831775700934,10,0.7837533950805664,91.85770416259766,2,2
Mission des milieux,défense,3024,989,1153742415,49.780208587646484,-29.006893157958984,727.7693481445312,19.9549560546875,701,88.73038516405136,6,0.37286990880966187,91.57488250732422,3,0
Mission des milieux,attaque,3024,989,1153742415,49.43733596801758,-27.491966247558594,852.9387817382812,20.344884872436523,479,80.1670146137787,21,1.4431390762329102,91.79649353027344,1,0
Mission des milieux,défense,359,368,1656874616,49.81739044189453,-27.42107582092285,604.6994018554688,20.220417022705078,460,83.47826086956522,14,1.3304619789123535,92.84990692138672,4,1
Mission des milieux,attaque,359,368,1656874616,49.75520324707031,-27.94133758544922,498.22119140625,20.284610748291016,362,77.62430939226519,25,2.478346109390259,94.06355285644531,4,0
Mission des milieux,défense,3735,139,1891547481,49.109378814697266,-29.087312698364258,1036.194091796875,20.18606185913086,477,81.13207547169812,6,0.378036230802536,91.41643524169922,1,1
Mission des milieux,attaque,3735,139,1891547481,49.05609893798828,-28.16156578063965,981.7073364257812,20.32624626159668,434,77.64976958525345,12,1.5291556119918823,91.62559509277344,1,1
Mission des milieux,défense,4007,109,266353912,49.45854187011719,-27.987701416015625,1011.0001831054688,20.291603088378906,489,79.95910020449898,9,0.9961104989051819,91.30404663085938,0,0
Mission des milieux,attaque,4007,109,266353912,49.28076934814453,-26.668943405151367,893.8287963867188,20.56409454345703,443,78.78103837471784,20,2.4466912746429443,91.82637023925781,2,0
Mission des milieux,défense,122,268,941325862,49.915184020996094,-27.129810333251953,648.5886840820312,19.23530387878418,538,87.36059479553903,10,0.7873642444610596,92.14542388916016,3,3
Mission des milieux,attaque,122,268,941325862,49.46168518066406,-27.660415649414062,833.9434204101562,20.264333724975586,460,81.08695652173913,21,1.9326986074447632,91.6475830078125,2,1
Mission des milieux,défense,264,256,2070153691,48.829769134521484,-29.57451629638672,1012.3998413085938,20.385934829711914,531,79.47269303201507,4,0.23808954656124115,91.43930053710938,0,2
Mission des milieux,attaque,264,256,2070153691,48.949859619140625,-28.238378524780273,831.4440307617188,20.16223907470703,400,77.5,6,0.2391211986541748,92.51017761230469,0,3
Mission des milieux,défense,12698,3472,1368079903,49.946346282958984,-28.882667541503906,706.6744995117188,19.385957717895508,596,83.38926174496645,8,0.6650015711784363,90.94969177246094,1,0
Mission des milieux,attaque,12698,3472,1368079903,49.8631706237793,-28.03948402404785,912.0243530273438,20.792783737182617,417,79.13669064748201,25,2.6191916465759277,91.66022491455078,2,0
Mission des milieux,défense,13294,1382,1589609104,48.74483108520508,-28.444738388061523,1056.2891845703125,20.2773380279541,592,83.95270270270271,5,0.347454309463501,90.8709716796875,2,0
Mission des milieux,attaque,13294,1382,1589609104,49.0340576171875,-28.520896911621094,1167.162109375,20.482929229736328,431,77.7262180974478,11,1.2857345342636108,91.39869689941406,1,1
Mission des milieux,défense,107,110,1437692358,49.09914016723633,-28.95846939086914,939.3176879882812,20.03553009033203,593,85.1602023608769,7,0.7571064829826355,90.9008560180664,1,4
Mission des milieux,attaque,107,110,1437692358,48.80263137817383,-29.25109100341797,1100.0784912109375,20.92304039001465,395,80.50632911392405,8,0.4754965305328369,91.87366485595703,2,3
Mission des milieux,défense,83,90,493710084,50.061885833740234,-25.456899642944336,545.8137817382812,21.540611267089844,499,83.16633266533066,23,1.680544137954712,92.40621948242188,2,0
Mission des milieux,attaque,83,90,493710084,50.08642578125,-24.08554458618164,412.5159606933594,21.111587524414062,454,77.09251101321586,29,2.055123805999756,93.05647277832031,2,0
Mission des milieux,défense,145,156,2091300775,49.339412689208984,-28.644018173217773,696.6769409179688,20.23005485534668,935,91.44385026737967,7,0.7888438105583191,90.8285140991211,1,1
Mission des milieux,attaque,145,156,2091300775,49.2515983581543,-27.964017868041992,999.7029418945312,20.032127380371094,387,78.55297157622739,12,0.9437419176101685,92.0433120727539,1,2
Mission des milieux,défense,22269,5579,601508701,49.7342529296875,-26.684669494628906,647.9888305664062,19.963394165039062,507,83.62919132149901,8,0.4169503152370453,92.51459503173828,3,1
Mission des milieux,attaque,22269,5579,601508701,49.66453170776367,-28.014741897583008,717.6718139648438,19.79530143737793,458,82.96943231441048,21,2.773421049118042,92.40884399414062,3,3
Mission des milieux,défense,137,3307,102919363,49.53001403808594,-27.488096237182617,736.7671508789062,21.507993698120117,460,76.30434782608695,11,1.2378785610198975,92.22240447998047,1,1
Mission des milieux,attaque,137,3307,102919363,48.92524719238281,-30.42131805419922,1027.0963134765625,20.729555130004883,440,75.68181818181819,10,0.8269897103309631,91.29225158691406,1,2
Mission des milieux,défense,13294,21846,1530898879,49.07909393310547,-27.917369842529297,1142.4681396484375,20.88510513305664,497,77.66599597585513,3,0.24397528171539307,90.66069030761719,1,0
Mission des milieux,attaque,13294,21846,1530898879,49.19966506958008,-24.209775924682617,909.2250366210938,20.971303939819336,445,74.15730337078652,26,1.9231679439544678,91.26565551757812,0,1
Mission des milieux,défense,12216,15784,1562387529,48.96674728393555,-30.17523193359375,980.9075317382812,20.408203125,458,80.13100436681222,7,0.8523840308189392,91.88153076171875,3,4
Mission des milieux,attaque,12216,15784,1562387529,48.837764739990234,-27.963233947753906,1173.16064453125,20.867528915405273,454,76.431718061674,13,1.665788173675537,91.04673767089844,2,3
Mission des milieux,défense,3735,156,738370743,49.2873649597168,-27.41757583618164,810.5491333007812,20.395511627197266,613,82.87112561174551,8,0.5323086380958557,91.35880279541016,1,0
Mission des milieux,attaque,3735,156,738370743,49.629844665527344,-27.959033966064453,1072.2852783203125,20.26407241821289,422,77.96208530805687,23,2.4629251956939697,91.7889175415039,6,1
Mission des milieux,défense,268,598,1471885787,49.483402252197266,-28.803909301757812,787.6547241210938,19.85934829711914,593,86.00337268128162,11,0.7208069562911987,91.64642333984375,3,0
Mission des milieux,attaque,268,598,1471885787,48.88418197631836,-29.221342086791992,1171.1611328125,20.5365047454834,393,79.6437659033079,11,1.050946593284607,91.66780090332031,3,1
Mission des milieux,défense,3472,3696,835890524,48.84387969970703,-28.525936126708984,894.5286254882812,20.353349685668945,550,83.81818181818181,3,0.4074419140815735,91.43101501464844,0,1
Mission des milieux,attaque,3472,3696,835890524,49.16442108154297,-28.910043716430664,1242.2437744140625,20.265247344970703,463,82.50539956803456,13,1.313177227973938,90.73602294921875,2,1
Mission des milieux,défense,114,112,1527410391,49.8045768737793,-26.069082260131836,566.0088500976562,21.397151947021484,487,80.9034907597536,15,1.0677151679992676,92.34859466552734,3,0
Mission des milieux,attaque,114,112,1527410391,49.58189392089844,-27.048511505126953,521.4197387695312,20.632917404174805,445,80.67415730337079,19,1.4750804901123047,92.91622161865234,3,0
Mission des milieux,défense,132335,7914,2023402780,49.68845748901367,-27.096181869506836,754.0629272460938,20.714704513549805,578,83.04498269896193,10,1.5675674676895142,91.61502075195312,1,0
Mission des milieux,attaque,132335,7914,2023402780,49.18248748779297,-27.668506622314453,1308.927490234375,20.9039306640625,406,79.55665024630542,12,1.2355343103408813,90.80870819091797,1,1
Mission des milieux,défense,362,306,32264918,50.13999938964844,-26.72368812561035,494.9209899902344,20.71811294555664,436,78.21100917431193,13,1.341168761253357,93.25765228271484,3,1
Mission des milieux,attaque,362,306,32264918,49.6993522644043,-28.06256866455078,689.8786010742188,20.376773834228516,391,76.72634271099744,20,1.9566031694412231,92.70941162109375,4,0
Mission des milieux,défense,3696,3699,860321550,49.55246353149414,-26.272871017456055,841.6415405273438,20.883771896362305,476,78.99159663865547,8,0.6646984815597534,91.6722183227539,1,1
Mission des milieux,attaque,3696,3699,860321550,49.28742218017578,-26.69883155822754,873.9336547851562,20.47811508178711,452,76.32743362831859,16,0.9905614852905273,91.67343139648438,4,2
Mission des milieux,défense,357,306,1478641587,50.08671188354492,-26.883760452270508,513.9215698242188,20.944988250732422,450,78.66666666666667,15,0.7611401081085205,93.19866943359375,3,3
Mission des milieux,attaque,357,306,1478641587,49.53450393676758,-27.320255279541016,723.9702758789062,20.90054702758789,353,75.35410764872522,21,1.9896594285964966,93.1186294555664,5,0
Mission des milieux,défense,382,370,604641600,49.53056335449219,-28.088041305541992,629.9932250976562,20.96432113647461,515,85.24271844660194,19,1.3637627363204956,92.01441192626953,0,0
Mission des milieux,attaque,382,370,604641600,49.47967529296875,-28.075090408325195,711.5733032226562,20.370712280273438,417,82.49400479616307,31,1.9192067384719849,92.54486846923828,8,4
Mission des milieux,défense,1382,3759,2002925567,49.135005950927734,-29.93857765197754,1215.9501953125,20.339998245239258,604,84.76821192052981,2,0.13388821482658386,90.38349914550781,1,0
Mission des milieux,attaque,1382,3759,2002925567,49.41689682006836,-28.87343406677246,1265.2381591796875,20.264108657836914,420,78.57142857142857,12,1.643384575843811,91.43576049804688,2,1
Mission des milieux,défense,519,21540,28316747,49.37962341308594,-27.411123275756836,1022.0974731445312,19.97807502746582,581,83.99311531841653,6,0.5771210789680481,90.70307922363281,1,0
Mission des milieux,attaque,519,21540,28316747,49.26118469238281,-27.543607711791992,1210.6514892578125,21.38945198059082,424,77.35849056603773,19,2.1520204544067383,90.87271881103516,5,0
Mission des milieux,défense,7868,6851,1017265311,49.23080825805664,-28.682558059692383,931.8195190429688,21.22853660583496,475,80,5,0.4130699634552002,92.15310668945312,0,1
Mission des milieux,attaque,7868,6851,1017265311,49.32111358642578,-28.715177536010742,942.8168334960938,20.133777618408203,456,82.67543859649123,12,0.6488134264945984,92.13362121582031,0,0
Mission des milieux,défense,127,134,480544626,49.42306137084961,-30.06515884399414,922.8217163085938,20.09309196472168,582,86.42611683848797,7,0.5323066115379333,91.35159301757812,2,1
Mission des milieux,attaque,127,134,480544626,49.229400634765625,-28.843233108520508,1139.8687744140625,20.092119216918945,417,78.8968824940048,15,1.488700032234192,91.31045532226562,3,0
Mission des milieux,défense,3746,4411,302910801,49.901371002197266,-26.642749786376953,564.4092407226562,20.04718017578125,696,84.77011494252874,13,1.3819212913513184,91.67453002929688,1,0
Mission des milieux,attaque,3746,4411,302910801,49.456947326660156,-27.66175651550293,850.3394165039062,21.033920288085938,447,80.98434004474272,23,3.1144258975982666,91.67450714111328,2,0
Mission des milieux,défense,3611,3610,2101176022,49.331077575683594,-26.72353172302246,62.89961242675781,21.634946823120117,1804,93.79157427937916,0,0,90.17376708984375,0,0
Mission des milieux,attaque,3611,3610,2101176022,49.497093200683594,-27.752681732177734,816.7476196289062,19.91632843017578,484,82.43801652892562,17,1.5883523225784302,91.87026977539062,1,0
Mission des milieux,défense,3024,11551,59250330,49.465877532958984,-29.62887954711914,916.9231567382812,19.992979049682617,705,87.65957446808511,4,0.520163357257843,91.19889068603516,2,0
Mission des milieux,attaque,3024,11551,59250330,49.04182052612305,-27.777786254882812,903.7263793945312,20.238759994506836,520,81.73076923076923,12,0.7621301412582397,91.37886047363281,1,0
